Produto Sistema,Fornecedor ID,Título Fornecedor,Preço USD,Custo Estimado BRL,Nota Loja,Status Loja,Qtd Vendida,URL Link
Campainha de Vídeo Inteligente Tuya WiFi com Armazenamento em Nuvem e Detecção Humana,3256810358507281,Tuya APP Cloud Storage WiFi Doorbell Low Consumption Wake Up D...,16.66,93.3,5.0,Estabelecida,7,https://www.aliexpress.us/item/3256810358507281.html
Campainha de Vídeo Inteligente Tuya WiFi com Armazenamento em Nuvem e Detecção Humana,3256811914988728,"Wireless Wi-Fi Video Doorbell Camera with Two-Way Audio, AI Mo...",0.99,5.54,4.9,Estabelecida,1,https://www.aliexpress.us/item/3256811914988728.html
Campainha de Vídeo Inteligente Tuya WiFi com Armazenamento em Nuvem e Detecção Humana,3256812410157383,Tuya APP Wireless WIFI Doorbell Free Cloud Storage  Visual Doo...,17.21,96.38,0.0,Nova,0,https://www.aliexpress.us/item/3256812410157383.html
Campainha de Vídeo Inteligente Tuya WiFi com Armazenamento em Nuvem e Detecção Humana,3256805058287803,720P Tuya APP WiFi Doorbell Low Consumption Battery Power Visu...,33.07,185.19,0.0,Nova,3,https://www.aliexpress.us/item/3256805058287803.html
Campainha de Vídeo Inteligente Tuya WiFi com Armazenamento em Nuvem e Detecção Humana,3256811990701926,Tuya Outdoor Wireless Doorbell Solar Rain Cover Waterproof WiF...,19.35,108.36,4.9,Estabelecida,96,https://www.aliexpress.us/item/3256811990701926.html
Campainha de Vídeo Inteligente Tuya WiFi com Armazenamento em Nuvem e Detecção Humana,3256812300367906,Smart Video Doorbell Phone Security Camera Door Bell Ring Inte...,17.61,98.62,5.0,Estabelecida,9,https://www.aliexpress.us/item/3256812300367906.html
Campainha de Vídeo Inteligente Tuya WiFi com Armazenamento em Nuvem e Detecção Humana,3256810343759831,Tuya WiFi Video Doorbell Wireless HD Camera IR Alarm Security ...,14.48,81.09,4.9,Estabelecida,387,https://www.aliexpress.us/item/3256810343759831.html
Campainha de Vídeo Inteligente Tuya WiFi com Armazenamento em Nuvem e Detecção Humana,3256812373801825,Tuya Wifi 7inch 4 Wires Video Doorbell HD Monitor RFID Metal I...,116.68,653.41,0.0,Nova,23,https://www.aliexpress.us/item/3256812373801825.html
Campainha de Vídeo Inteligente Tuya WiFi com Armazenamento em Nuvem e Detecção Humana,3256806843395026,5G 2.4G WiFi Video Doorbell 1080P Wireless Bell Tuya APP Smart...,50.98,285.49,4.6,Estabelecida,1,https://www.aliexpress.us/item/3256806843395026.html
Campainha de Vídeo Inteligente Tuya WiFi com Armazenamento em Nuvem e Detecção Humana,3256809391390512,Sectyme Digital Peephole Tuya Doorbell Camera PIR Human Detect...,65.5,366.8,4.7,Estabelecida,27,https://www.aliexpress.us/item/3256809391390512.html
Campainha de Vídeo Inteligente Tuya WiFi com Armazenamento em Nuvem e Detecção Humana,3256810263627241,Wireless Wifi Doorbell Camera 1080P Video Intercom Doorbell Wa...,45.53,254.97,4.5,Estabelecida,309,https://www.aliexpress.us/item/3256810263627241.html
Campainha de Vídeo Inteligente Tuya WiFi com Armazenamento em Nuvem e Detecção Humana,3256806659163349,Support Tuya app WiFi outdoor metal video intercom access cont...,63.95,358.12,4.8,Estabelecida,95,https://www.aliexpress.us/item/3256806659163349.html
Campainha de Vídeo Inteligente Tuya WiFi com Armazenamento em Nuvem e Detecção Humana,3256807631885978,Tuya WiFi Video Doorbell Intercom 2K Remote Unlock 3MP Video E...,184.97,1035.83,5.0,Estabelecida,1,https://www.aliexpress.us/item/3256807631885978.html
Campainha de Vídeo Inteligente Tuya WiFi com Armazenamento em Nuvem e Detecção Humana,3256807891297588,Tuya Smart 3MP 140° Wide View Angle Mini Digital Peephole Eye ...,67.56,378.34,4.9,Estabelecida,5,https://www.aliexpress.us/item/3256807891297588.html
Campainha de Vídeo Inteligente Tuya WiFi com Armazenamento em Nuvem e Detecção Humana,3256812564018605,Tuya WiFi Smart Lock with Doorbell Camera IP66 Waterproof Face...,114.56,641.54,0.0,Nova,2,https://www.aliexpress.us/item/3256812564018605.html
Campainha de Vídeo Inteligente Tuya WiFi com Armazenamento em Nuvem e Detecção Humana,3256808157107292,Tuya APP 2MP HD IP Video Intercom Wired Digital Face Recogniti...,89.75,502.6,0.0,Nova,7,https://www.aliexpress.us/item/3256808157107292.html
Campainha de Vídeo Inteligente Tuya WiFi com Armazenamento em Nuvem e Detecção Humana,3256807393204360,Support Tuya App 2-Wire Analog 7 inch IP Video Intercom Kit Co...,84.25,471.8,5.0,Estabelecida,15,https://www.aliexpress.us/item/3256807393204360.html
Campainha de Vídeo Inteligente Tuya WiFi com Armazenamento em Nuvem e Detecção Humana,3256808768811214,Tuya  APP Free Cloud Storage WiFi Wakeup Doorbell Low Consumpt...,19.2,107.52,0.0,Nova,6,https://www.aliexpress.us/item/3256808768811214.html
Campainha de Vídeo Inteligente Tuya WiFi com Armazenamento em Nuvem e Detecção Humana,3256808887008075,Tuya Smart Home Smart Life Wifi Biometric Access Control Digit...,28.73,160.89,0.0,Nova,3,https://www.aliexpress.us/item/3256808887008075.html
Campainha de Vídeo Inteligente Tuya WiFi com Armazenamento em Nuvem e Detecção Humana,3256811800399893,5Inch Video Intercom Door Bell Face Recognition Wifi Support T...,84.4,472.64,0.0,Nova,2,https://www.aliexpress.us/item/3256811800399893.html
Campainha de Vídeo Inteligente Tuya WiFi com Armazenamento em Nuvem e Detecção Humana,3256812297795484,Tuya Smart Secuirty Home Video Door Phone 1080P Two Way Speake...,82.16,460.1,5.0,Estabelecida,4,https://www.aliexpress.us/item/3256812297795484.html
Campainha de Vídeo Inteligente Tuya WiFi com Armazenamento em Nuvem e Detecção Humana,3256812095690911,"ANJIELO 10"" Touch Screen Tuya APP Video Intercom System 2MP Wi...",70.1,392.56,0.0,Nova,0,https://www.aliexpress.us/item/3256812095690911.html
Campainha de Vídeo Inteligente Tuya WiFi com Armazenamento em Nuvem e Detecção Humana,3256808620253900,7Inch IPS Screen 2MP  Tuya Remote Control WIFI Door Phone Inte...,103.79,581.22,0.0,Nova,5,https://www.aliexpress.us/item/3256808620253900.html
Campainha de Vídeo Inteligente Tuya WiFi com Armazenamento em Nuvem e Detecção Humana,3256808427504880,Tuya Smart 3MP Outdoor Wireless Door Peephole Video Eye Camera...,76.08,426.05,4.5,Estabelecida,282,https://www.aliexpress.us/item/3256808427504880.html
Campainha de Vídeo Inteligente Tuya WiFi com Armazenamento em Nuvem e Detecção Humana,3256805528511219,MOES Tuya Smart WiFi Video Doorbell Camera with 2-Way Audio In...,102.14,571.98,5.0,Estabelecida,25,https://www.aliexpress.us/item/3256805528511219.html
Campainha de Vídeo Inteligente Tuya WiFi com Armazenamento em Nuvem e Detecção Humana,3256805430780002,4.3inch Tuya APP WiFi Doorbell Visual Door Peephole Video Door...,76.53,428.57,5.0,Estabelecida,8,https://www.aliexpress.us/item/3256805430780002.html
Campainha de Vídeo Inteligente Tuya WiFi com Armazenamento em Nuvem e Detecção Humana,3256807311798849,3MP Smart Life Outdoor Wireless House Door Peephole Video Eye ...,68.47,383.43,4.9,Estabelecida,19,https://www.aliexpress.us/item/3256807311798849.html
Campainha de Vídeo Inteligente Tuya WiFi com Armazenamento em Nuvem e Detecção Humana,3256809391757908,4.3'' IPS Screen Smart life/Tuya APP 2.4G 3MP Wireless wifi Vi...,74.96,419.78,4.7,Estabelecida,39,https://www.aliexpress.us/item/3256809391757908.html
Campainha de Vídeo Inteligente Tuya WiFi com Armazenamento em Nuvem e Detecção Humana,3256809067803438,4.3 Inch WiFi Door Viewer Smart Tuya Video Doorbell Camera Pee...,74.55,417.48,0.0,Nova,2,https://www.aliexpress.us/item/3256809067803438.html
Campainha de Vídeo Inteligente Tuya WiFi com Armazenamento em Nuvem e Detecção Humana,3256808263691378,4.3 Inch Tuya Wide Angle Door Peephole Camera One Way Intercom...,76.36,427.62,0.0,Nova,2,https://www.aliexpress.us/item/3256808263691378.html
Campainha de Vídeo Inteligente Tuya WiFi com Armazenamento em Nuvem e Detecção Humana,3256806071630060,Tuya Smart 3MP WiFi Peephole Video Door Camera Security One-wa...,65.69,367.86,4.5,Estabelecida,900,https://www.aliexpress.us/item/3256806071630060.html
Campainha de Vídeo Inteligente Tuya WiFi com Armazenamento em Nuvem e Detecção Humana,3256811838608835,"HOMSECUR Tuya App 7"" WIFI Video Door Phone Intercom Doorbell A...",299.79,1678.82,5.0,Estabelecida,5,https://www.aliexpress.us/item/3256811838608835.html
Campainha de Vídeo Inteligente Tuya WiFi com Armazenamento em Nuvem e Detecção Humana,3256808616944618,7Inch IPS Screen Tuya Remote Control WIFI Door Phone Intercom ...,131.31,735.34,5.0,Estabelecida,8,https://www.aliexpress.us/item/3256808616944618.html
Peças de Reposição Premium para BYD Seagull - Carro Elétrico Novo 2023-2025,3256810570012149,Universal Car Phone Holder - Dashboard Windshield Desk Mount f...,0.99,5.54,4.5,Estabelecida,800,https://www.aliexpress.us/item/3256810570012149.html
Peças de Reposição Premium para BYD Seagull - Carro Elétrico Novo 2023-2025,3256811620194356,2pcs Car Seat Belt Extender Safety Seatbelt Extender Seat Belt...,0.99,5.54,4.9,Estabelecida,3,https://www.aliexpress.us/item/3256811620194356.html
Peças de Reposição Premium para BYD Seagull - Carro Elétrico Novo 2023-2025,3256806810836991,2pcs Universal Anti-Fog Anti-glare Rainproof Car Tuning Rearvi...,0.83,4.65,4.9,Estabelecida,10,https://www.aliexpress.us/item/3256806810836991.html
Peças de Reposição Premium para BYD Seagull - Carro Elétrico Novo 2023-2025,3256806851800223,Car Rearview Mirror Wiper Cleaning Tool Auto Glass Mist Cleane...,1.33,7.45,4.9,Estabelecida,100,https://www.aliexpress.us/item/3256806851800223.html
Peças de Reposição Premium para BYD Seagull - Carro Elétrico Novo 2023-2025,3256811681256040,1-Piece Mini Car Thermometer Battery-free Dashboard Thermomete...,1.33,7.45,4.9,Estabelecida,10,https://www.aliexpress.us/item/3256811681256040.html
Peças de Reposição Premium para BYD Seagull - Carro Elétrico Novo 2023-2025,3256806796472833,4PCS Reflective Car Door Sticker Safety Opening Warning Reflec...,0.96,5.38,4.9,Estabelecida,10,https://www.aliexpress.us/item/3256806796472833.html
Peças de Reposição Premium para BYD Seagull - Carro Elétrico Novo 2023-2025,3256807801292010,Durable Car Ice Scraper Snow Removal Shovel Windshield Glass D...,2.17,12.15,4.9,Estabelecida,4,https://www.aliexpress.us/item/3256807801292010.html
Peças de Reposição Premium para BYD Seagull - Carro Elétrico Novo 2023-2025,3256808219728943,Car Plastic Restorer Back To Black Gloss Plastic Renovator Lon...,3.39,18.98,4.9,Estabelecida,10,https://www.aliexpress.us/item/3256808219728943.html
Peças de Reposição Premium para BYD Seagull - Carro Elétrico Novo 2023-2025,3256812252261810,Disposable Transparent Car Cover Universal PEVA Dustproof Scra...,2.33,13.05,4.9,Estabelecida,2,https://www.aliexpress.us/item/3256812252261810.html
Peças de Reposição Premium para BYD Seagull - Carro Elétrico Novo 2023-2025,3256808286408944,5M Car Door Edge Sealing Strip Transparent PVC Scratch Protect...,0.33,1.85,4.6,Estabelecida,10,https://www.aliexpress.us/item/3256808286408944.html
Peças de Reposição Premium para BYD Seagull - Carro Elétrico Novo 2023-2025,3256806491718808,Universal Magnetic Window Shades 2pcs Set for Cars Heat Reduct...,3.59,20.1,4.9,Estabelecida,5,https://www.aliexpress.us/item/3256806491718808.html
Peças de Reposição Premium para BYD Seagull - Carro Elétrico Novo 2023-2025,3256807958600616,7 Color car Changing LED Cup Holder Lights Rear Windshield Dec...,2.59,14.5,4.9,Estabelecida,3,https://www.aliexpress.us/item/3256807958600616.html
Peças de Reposição Premium para BYD Seagull - Carro Elétrico Novo 2023-2025,3256809198077786,Universal suction-cup rear window sunshade for cars suitable f...,1.33,7.45,4.9,Estabelecida,5,https://www.aliexpress.us/item/3256809198077786.html
Peças de Reposição Premium para BYD Seagull - Carro Elétrico Novo 2023-2025,3256810034539926,4PCS Crystal Car Tire Valve Caps Diamond Shining Dust-proof Wh...,1.33,7.45,4.9,Estabelecida,388,https://www.aliexpress.us/item/3256810034539926.html
Peças de Reposição Premium para BYD Seagull - Carro Elétrico Novo 2023-2025,3256807048265832,Car Sunshade Windshield Umbrella Front Sun Shade Parasol Folda...,0.99,5.54,4.5,Estabelecida,5,https://www.aliexpress.us/item/3256807048265832.html
Peças de Reposição Premium para BYD Seagull - Carro Elétrico Novo 2023-2025,3256806596843422,Car Sticker Turbocharged Turbo Metal Alloy 3D Badge Car Modifi...,0.33,1.85,4.9,Estabelecida,10,https://www.aliexpress.us/item/3256806596843422.html
Peças de Reposição Premium para BYD Seagull - Carro Elétrico Novo 2023-2025,3256806780953055,Car Windshield Sun Shade Anti-UV Interior Protector Folding Su...,3.19,17.86,4.9,Estabelecida,5,https://www.aliexpress.us/item/3256806780953055.html
Peças de Reposição Premium para BYD Seagull - Carro Elétrico Novo 2023-2025,3256809959906209,Car silicone water coaster wave-shaped water coaster original ...,0.99,5.54,4.7,Estabelecida,500,https://www.aliexpress.us/item/3256809959906209.html
Peças de Reposição Premium para BYD Seagull - Carro Elétrico Novo 2023-2025,3256811827538144,Car Scratch Remover Paint Care Tools Auto Swirl Remover Scratc...,1.99,11.14,4.9,Estabelecida,10,https://www.aliexpress.us/item/3256811827538144.html
Peças de Reposição Premium para BYD Seagull - Carro Elétrico Novo 2023-2025,3256806675513544,Universal Car Safety Belt Clips Slip-Resistant Seat Belt Buckl...,0.33,1.85,4.9,Estabelecida,4,https://www.aliexpress.us/item/3256806675513544.html
Peças de Reposição Premium para BYD Seagull - Carro Elétrico Novo 2023-2025,3256810141701937,Car Dashboard Cover Protective Pad Dash Board Sunshade Carpet ...,3.18,17.81,4.7,Estabelecida,98,https://www.aliexpress.us/item/3256810141701937.html
Peças de Reposição Premium para BYD Seagull - Carro Elétrico Novo 2023-2025,3256810042384240,Automobile Fuel Tank Cap Sealing Strip Universal Charging Port...,1.59,8.9,4.9,Estabelecida,10,https://www.aliexpress.us/item/3256810042384240.html
Peças de Reposição Premium para BYD Seagull - Carro Elétrico Novo 2023-2025,3256807120263238,Car Door Rubber Pads Anti-collision Gasket Door Closing Shock ...,0.33,1.85,4.9,Estabelecida,4,https://www.aliexpress.us/item/3256807120263238.html
Peças de Reposição Premium para BYD Seagull - Carro Elétrico Novo 2023-2025,3256810600779201,Car Door Shock Absorber Pads Silicone Elastic Damper Cushion C...,0.33,1.85,4.6,Estabelecida,2,https://www.aliexpress.us/item/3256810600779201.html
Peças de Reposição Premium para BYD Seagull - Carro Elétrico Novo 2023-2025,3256807388668721,3-60pcs Car Air Freshener Natural Scented Tea Paper Auto Hangi...,0.33,1.85,4.6,Estabelecida,10,https://www.aliexpress.us/item/3256807388668721.html
Peças de Reposição Premium para BYD Seagull - Carro Elétrico Novo 2023-2025,3256808480232088,Car Door Cup Holder Leather Automotive Drink Rack Storage Bin ...,2.33,13.05,4.9,Estabelecida,3,https://www.aliexpress.us/item/3256808480232088.html
Peças de Reposição Premium para BYD Seagull - Carro Elétrico Novo 2023-2025,3256809551849870,5-Layer Car Windshield Sun Shade Cover Foldable Thicken Front ...,5.19,29.06,4.9,Estabelecida,10,https://www.aliexpress.us/item/3256809551849870.html
Peças de Reposição Premium para BYD Seagull - Carro Elétrico Novo 2023-2025,3256808377395812,SEAMETAL Electrostatic Sun Visor for Car Side Window 4-Layer S...,1.33,7.45,4.5,Estabelecida,10,https://www.aliexpress.us/item/3256808377395812.html
CarlinKit Adaptador CarPlay Sem Fio Mini Ultra4 5GHz WiFi - Plug and Play Android Auto,3256809091745244,MINI 5 Pro/Mini Ultra CarlinKit Wireless CarPlay Adapter Smart...,18.79,105.22,4.9,Estabelecida,5,https://www.aliexpress.us/item/3256809091745244.html
CarlinKit Adaptador CarPlay Sem Fio Mini Ultra4 5GHz WiFi - Plug and Play Android Auto,3256811947909813,CarlinKit Mini Ultra Wireless CarPlay Adapter Dual Mode Wired ...,10.91,61.1,5.0,Estabelecida,19,https://www.aliexpress.us/item/3256811947909813.html
CarlinKit Adaptador CarPlay Sem Fio Mini Ultra4 5GHz WiFi - Plug and Play Android Auto,3256811424274000,CarlinKit Mini Ultra Android CarPlay auto Wireless Adapter for...,13.22,74.03,4.8,Estabelecida,252,https://www.aliexpress.us/item/3256811424274000.html
CarlinKit Adaptador CarPlay Sem Fio Mini Ultra4 5GHz WiFi - Plug and Play Android Auto,3256809740342358,2in1 Wireless CarPlay Dongle Wireless Android Auto Adapter AI ...,7.27,40.71,4.5,Estabelecida,100,https://www.aliexpress.us/item/3256809740342358.html
CarlinKit Adaptador CarPlay Sem Fio Mini Ultra4 5GHz WiFi - Plug and Play Android Auto,3256808750052877,CarlinKit MINI Ultra Wireless CarPlay Adapter Android Auto Box...,14.19,79.46,4.5,Estabelecida,189,https://www.aliexpress.us/item/3256808750052877.html
CarlinKit Adaptador CarPlay Sem Fio Mini Ultra4 5GHz WiFi - Plug and Play Android Auto,3256812291912906,OTTOCAST P3 PRO Ai Box Android 13 TV Box Wireless CarPlay Andr...,205.6,1151.36,5.0,Estabelecida,11,https://www.aliexpress.us/item/3256812291912906.html
CarlinKit Adaptador CarPlay Sem Fio Mini Ultra4 5GHz WiFi - Plug and Play Android Auto,3256804763080423,Mini Ultra CarlinKit 5.0 Wireless Adapter Wireless CarPlay And...,24.85,139.16,5.0,Estabelecida,7,https://www.aliexpress.us/item/3256804763080423.html
CarlinKit Adaptador CarPlay Sem Fio Mini Ultra4 5GHz WiFi - Plug and Play Android Auto,3256811947359031,Mini Ultra CarlinKit 5.0 Wireless CarPlay Adapter Smart Androi...,23.69,132.66,0.0,Nova,11,https://www.aliexpress.us/item/3256811947359031.html
CarlinKit Adaptador CarPlay Sem Fio Mini Ultra4 5GHz WiFi - Plug and Play Android Auto,3256805701955843,Carlinkit Carplay Wireless Adapter Ai Box Car Multimedia Playe...,19.06,106.74,5.0,Estabelecida,37,https://www.aliexpress.us/item/3256805701955843.html
CarlinKit Adaptador CarPlay Sem Fio Mini Ultra4 5GHz WiFi - Plug and Play Android Auto,3256809934129098,2in1 Wireless CarPlay Dongle Wireless Android Auto Adapter AI ...,6.34,35.5,4.6,Estabelecida,10,https://www.aliexpress.us/item/3256809934129098.html
CarlinKit Adaptador CarPlay Sem Fio Mini Ultra4 5GHz WiFi - Plug and Play Android Auto,3256809954889284,Carlinkit Carplay Ai Box Wireless Carplay Adapter youtube netf...,259.72,1454.43,0.0,Nova,0,https://www.aliexpress.us/item/3256809954889284.html
CarlinKit Adaptador CarPlay Sem Fio Mini Ultra4 5GHz WiFi - Plug and Play Android Auto,3256812361827969,128G Carlinkit Android 15 Android Auto Wireless Adapter 5G Car...,206.01,1153.66,5.0,Estabelecida,13,https://www.aliexpress.us/item/3256812361827969.html
CarlinKit Adaptador CarPlay Sem Fio Mini Ultra4 5GHz WiFi - Plug and Play Android Auto,3256810403038861,Ottocast Play2video Pro AI Box Wireless Carplay Android Auto A...,75.29,421.62,4.8,Estabelecida,134,https://www.aliexpress.us/item/3256810403038861.html
CarlinKit Adaptador CarPlay Sem Fio Mini Ultra4 5GHz WiFi - Plug and Play Android Auto,3256810034005854,CarlinKit 5.0 Mini Ultra / Pro Wireless CarPlay & Android Auto...,9.09,50.9,4.9,Estabelecida,10,https://www.aliexpress.us/item/3256810034005854.html
CarlinKit Adaptador CarPlay Sem Fio Mini Ultra4 5GHz WiFi - Plug and Play Android Auto,3256812110904258,CarlinKit New Arrival Mini Ultra4 Wireless CarPlay Adapter 5Gh...,26.16,146.5,0.0,Nova,0,https://www.aliexpress.us/item/3256812110904258.html
CarlinKit Adaptador CarPlay Sem Fio Mini Ultra4 5GHz WiFi - Plug and Play Android Auto,3256809033785652,CarlinKit 5.0 Mini Ultra Wireless Adapter Wireless CarPlay And...,18.99,106.34,4.6,Estabelecida,82,https://www.aliexpress.us/item/3256809033785652.html
CarlinKit Adaptador CarPlay Sem Fio Mini Ultra4 5GHz WiFi - Plug and Play Android Auto,3256809379684788,2025 New Adapter 2in1 Mini CarPlay Box Wired To Wireless CarPl...,9.39,52.58,4.6,Estabelecida,1,https://www.aliexpress.us/item/3256809379684788.html
CarlinKit Adaptador CarPlay Sem Fio Mini Ultra4 5GHz WiFi - Plug and Play Android Auto,3256808837266294,MINI 5 Pro/Mini Ultra CarlinKit Wireless CarPlay Adapter Smart...,15.99,89.54,4.7,Estabelecida,4,https://www.aliexpress.us/item/3256808837266294.html
CarlinKit Adaptador CarPlay Sem Fio Mini Ultra4 5GHz WiFi - Plug and Play Android Auto,3256812553389301,128G Carlinkit Android 15 Android Auto Wireless Adapter 5G Car...,204.35,1144.36,0.0,Nova,5,https://www.aliexpress.us/item/3256812553389301.html
CarlinKit Adaptador CarPlay Sem Fio Mini Ultra4 5GHz WiFi - Plug and Play Android Auto,3256808835582261,Carlinkit Wireless Carplay Adapter Mini Ultra Android Auto Box...,17.75,99.4,4.8,Estabelecida,29,https://www.aliexpress.us/item/3256808835582261.html
CarlinKit Adaptador CarPlay Sem Fio Mini Ultra4 5GHz WiFi - Plug and Play Android Auto,3256810472949370,OTTOCAST Cabin Care Wireless CarPlay Adapter Baby Camera 1080P...,96.63,541.13,5.0,Estabelecida,148,https://www.aliexpress.us/item/3256810472949370.html
CarlinKit Adaptador CarPlay Sem Fio Mini Ultra4 5GHz WiFi - Plug and Play Android Auto,3256812190447186,128G Carlinkit Android 15 Android Auto Wireless Adapter 5G Car...,206.2,1154.72,4.6,Estabelecida,61,https://www.aliexpress.us/item/3256812190447186.html
CarlinKit Adaptador CarPlay Sem Fio Mini Ultra4 5GHz WiFi - Plug and Play Android Auto,3256808757669364,Smallest CarlinKit Wireless CarPlay Adapter MINI Ultra Android...,19.39,108.58,4.5,Estabelecida,1,https://www.aliexpress.us/item/3256808757669364.html
CarlinKit Adaptador CarPlay Sem Fio Mini Ultra4 5GHz WiFi - Plug and Play Android Auto,3256811494360076,CarlinKit 5.0 & 4.0 2-In-1 Wireless Adapter Wireless CarPlay &...,27.03,151.37,4.9,Estabelecida,1,https://www.aliexpress.us/item/3256811494360076.html
CarlinKit Adaptador CarPlay Sem Fio Mini Ultra4 5GHz WiFi - Plug and Play Android Auto,3256806780020613,CarlinKit Android Auto USB Dongle Wireless CarPlay Adapter For...,35.08,196.45,4.9,Estabelecida,700,https://www.aliexpress.us/item/3256806780020613.html
CarlinKit Adaptador CarPlay Sem Fio Mini Ultra4 5GHz WiFi - Plug and Play Android Auto,3256808791408226,Mini Ultra CarlinKit 5.0 Wired To Wireless Adapter Wireless An...,8.46,47.38,4.7,Estabelecida,800,https://www.aliexpress.us/item/3256808791408226.html
CarlinKit Adaptador CarPlay Sem Fio Mini Ultra4 5GHz WiFi - Plug and Play Android Auto,3256811874879406,CarlinKit Wireless CarPlay Adapter Mini Ultra 2air Android Aut...,10.91,61.1,5.0,Estabelecida,8,https://www.aliexpress.us/item/3256811874879406.html
CarlinKit Adaptador CarPlay Sem Fio Mini Ultra4 5GHz WiFi - Plug and Play Android Auto,2251832797611426,Carlinkit Wireless CarPlay USB Dongle Android Auto Adapter for...,33.38,186.93,4.8,Estabelecida,54,https://www.aliexpress.us/item/2251832797611426.html
CarlinKit Adaptador CarPlay Sem Fio Mini Ultra4 5GHz WiFi - Plug and Play Android Auto,3256807187952984,CarlinKit MINI 5 Wireless CarPlay Adapter Smart CarPlay Box US...,8.9,49.84,5.0,Estabelecida,285,https://www.aliexpress.us/item/3256807187952984.html
CarlinKit Adaptador CarPlay Sem Fio Mini Ultra4 5GHz WiFi - Plug and Play Android Auto,3256809743792602,Mini Ultra 3 CarlinKit Wireless Android Auto & CarPlay Adapter...,12.58,70.45,4.7,Estabelecida,1,https://www.aliexpress.us/item/3256809743792602.html
CarlinKit Adaptador CarPlay Sem Fio Mini Ultra4 5GHz WiFi - Plug and Play Android Auto,3256809048094888,CarlinKit 5.0 Mini Ultra Wireless Adapter Wireless CarPlay And...,16.39,91.78,4.9,Estabelecida,10,https://www.aliexpress.us/item/3256809048094888.html
CarlinKit Adaptador CarPlay Sem Fio Mini Ultra4 5GHz WiFi - Plug and Play Android Auto,3256806823751820,XUDA 2025  Wireless CarPlay Android Auto Wireless Adapter Smar...,15.33,85.85,4.9,Estabelecida,5,https://www.aliexpress.us/item/3256806823751820.html
CarlinKit Adaptador CarPlay Sem Fio Mini Ultra4 5GHz WiFi - Plug and Play Android Auto,3256811445732845,CarlinKit 4K CarPlay AI Box Auto Wireless CarPlay Adapter Andr...,90.54,507.02,0.0,Nova,1,https://www.aliexpress.us/item/3256811445732845.html
CarlinKit Adaptador CarPlay Sem Fio Mini Ultra4 5GHz WiFi - Plug and Play Android Auto,3256803980541883,CarlinKit Wireless CarPlay Dongle Android Auto Wireless USB Ad...,37.7,211.12,5.0,Estabelecida,27,https://www.aliexpress.us/item/3256803980541883.html
CarlinKit Adaptador CarPlay Sem Fio Mini Ultra4 5GHz WiFi - Plug and Play Android Auto,3256809726565194,CarlinKit 5.0 Mini Ultra &Mini 5 Pro Wireless CarPlay Android ...,14.44,80.86,0.0,Nova,17,https://www.aliexpress.us/item/3256809726565194.html
CarlinKit Adaptador CarPlay Sem Fio Mini Ultra4 5GHz WiFi - Plug and Play Android Auto,3256807277465685,2026 CarlinKit MINI SE CarPlay Wireless Adapter Car Play Dongl...,19.84,111.1,5.0,Estabelecida,7,https://www.aliexpress.us/item/3256807277465685.html
CarlinKit Adaptador CarPlay Sem Fio Mini Ultra4 5GHz WiFi - Plug and Play Android Auto,3256809274127195,CarlinKit MINI 5 Wireless CarPlay Adapter for iPhone Convert W...,12.25,68.6,4.9,Estabelecida,1,https://www.aliexpress.us/item/3256809274127195.html
CarlinKit Adaptador CarPlay Sem Fio Mini Ultra4 5GHz WiFi - Plug and Play Android Auto,3256810419350396,Mini Ultra 3 CarlinKit 5.0 Wireless Adapter Wireless CarPlay A...,8.26,46.26,4.9,Estabelecida,2,https://www.aliexpress.us/item/3256810419350396.html
CarlinKit Adaptador CarPlay Sem Fio Mini Ultra4 5GHz WiFi - Plug and Play Android Auto,3256812044632866,2026 Mini Ultra 4 Original 5.0 Wireless Android Auto CarPlay 2...,15.99,89.54,5.0,Estabelecida,77,https://www.aliexpress.us/item/3256812044632866.html
CarlinKit Adaptador CarPlay Sem Fio Mini Ultra4 5GHz WiFi - Plug and Play Android Auto,3256811614907105,Carlinkit 2026 Wireless CarPlay Adapter Android Auto Dongle Pl...,10.93,61.21,0.0,Nova,6,https://www.aliexpress.us/item/3256811614907105.html
K1A Adaptador CarPlay Sem Fio Mini USB - Apple CarPlay e Android Auto Evoluído,3256811986510563,(2026 Upgraded) Wireless CarPlay Adapter for Apple iPhone＆Andr...,16.99,95.14,4.9,Estabelecida,5,https://www.aliexpress.us/item/3256811986510563.html
K1A Adaptador CarPlay Sem Fio Mini USB - Apple CarPlay e Android Auto Evoluído,3256810386395957,XUDA Wireless CarPlay Adapter 2026 Upgrade Wired CarPlay to Wi...,9.33,52.25,4.9,Estabelecida,500,https://www.aliexpress.us/item/3256810386395957.html
K1A Adaptador CarPlay Sem Fio Mini USB - Apple CarPlay e Android Auto Evoluído,3256812533118239,Wireless CarPlay Android Auto Adapter Wired to Wireless Upgrad...,7.31,40.94,5.0,Estabelecida,20,https://www.aliexpress.us/item/3256812533118239.html
K1A Adaptador CarPlay Sem Fio Mini USB - Apple CarPlay e Android Auto Evoluído,3256810577684658,2026 Wireless CarPlay Adapter 2-in-1 Wired to Wireless Dongle ...,10.79,60.42,4.6,Estabelecida,10,https://www.aliexpress.us/item/3256810577684658.html
K1A Adaptador CarPlay Sem Fio Mini USB - Apple CarPlay e Android Auto Evoluído,3256810467177539,NEWEST Wireless CarPlay Adapter 2-in-1 Wired to Wireless Dongl...,9.33,52.25,4.9,Estabelecida,10,https://www.aliexpress.us/item/3256810467177539.html
K1A Adaptador CarPlay Sem Fio Mini USB - Apple CarPlay e Android Auto Evoluído,3256812536715819,2026 Wireless Carplay Adapter 4in1 Android Auto Connect Airpla...,24.04,134.62,0.0,Nova,1,https://www.aliexpress.us/item/3256812536715819.html
K1A Adaptador CarPlay Sem Fio Mini USB - Apple CarPlay e Android Auto Evoluído,3256806781147699,2026 Wireless CarPlay Adapter 2-in-1 Wired to Wireless Dongle ...,8.94,50.06,4.9,Estabelecida,122,https://www.aliexpress.us/item/3256806781147699.html
K1A Adaptador CarPlay Sem Fio Mini USB - Apple CarPlay e Android Auto Evoluído,3256809902740364,2026 NEW Wired to Wireless CarPlay and Android Auto 2 in 1 Min...,8.33,46.65,4.9,Estabelecida,100,https://www.aliexpress.us/item/3256809902740364.html
K1A Adaptador CarPlay Sem Fio Mini USB - Apple CarPlay e Android Auto Evoluído,3256812576284415,New Upgraded Wireless CarPlay Adapter for Apple iPhone & Andro...,4.2,23.52,0.0,Nova,3,https://www.aliexpress.us/item/3256812576284415.html
K1A Adaptador CarPlay Sem Fio Mini USB - Apple CarPlay e Android Auto Evoluído,3256812529874805,2 in 1 Wireless CarPlay & Android Auto Adapter Mini Wired to W...,7.67,42.95,0.0,Nova,5,https://www.aliexpress.us/item/3256812529874805.html
K1A Adaptador CarPlay Sem Fio Mini USB - Apple CarPlay e Android Auto Evoluído,3256812504544668,New Mini wired to wireless CarPlay & Android Auto 2in1 adapter...,6.31,35.34,0.0,Nova,6,https://www.aliexpress.us/item/3256812504544668.html
K1A Adaptador CarPlay Sem Fio Mini USB - Apple CarPlay e Android Auto Evoluído,3256812560566183,"Wireless CarPlay Adapter for Apple iPhone & Android, 2-in-1 Ad...",7.89,44.18,0.0,Nova,7,https://www.aliexpress.us/item/3256812560566183.html
K1A Adaptador CarPlay Sem Fio Mini USB - Apple CarPlay e Android Auto Evoluído,3256812530393196,4-in-1 Wireless Carplay Adapter Android Auto Connect Airplay M...,24.01,134.46,5.0,Estabelecida,9,https://www.aliexpress.us/item/3256812530393196.html
K1A Adaptador CarPlay Sem Fio Mini USB - Apple CarPlay e Android Auto Evoluído,3256812548569353,Upgraded  Wireless CarPlay Adapter for Apple IPhone Android Sm...,14.85,83.16,0.0,Nova,12,https://www.aliexpress.us/item/3256812548569353.html
K1A Adaptador CarPlay Sem Fio Mini USB - Apple CarPlay e Android Auto Evoluído,3256812297298061,Universal Wired To Wireless CarPlay Android Auto Adapter USB P...,19.05,106.68,5.0,Estabelecida,4,https://www.aliexpress.us/item/3256812297298061.html
K1A Adaptador CarPlay Sem Fio Mini USB - Apple CarPlay e Android Auto Evoluído,3256809739735371,2025 New Wireless Android Auto Adapter Wired to Wireless Carpl...,10.67,59.75,4.6,Estabelecida,600,https://www.aliexpress.us/item/3256809739735371.html
K1A Adaptador CarPlay Sem Fio Mini USB - Apple CarPlay e Android Auto Evoluído,3256812510617310,"CarPlay Wireless Adapter for iPhone,2024 Upgrade 2 in 1 and An...",7.86,44.02,0.0,Nova,5,https://www.aliexpress.us/item/3256812510617310.html
K1A Adaptador CarPlay Sem Fio Mini USB - Apple CarPlay e Android Auto Evoluído,3256812292276710,2026 Kowankit Wireless CarPlay Adapter Android Auto 2 in 1 Don...,9.98,55.89,0.0,Nova,1,https://www.aliexpress.us/item/3256812292276710.html
K1A Adaptador CarPlay Sem Fio Mini USB - Apple CarPlay e Android Auto Evoluído,3256812432781378,Wireless CarPlay Adapter for Apple IPhone＆Android Small Size W...,18.71,104.78,5.0,Estabelecida,5,https://www.aliexpress.us/item/3256812432781378.html
K1A Adaptador CarPlay Sem Fio Mini USB - Apple CarPlay e Android Auto Evoluído,3256812092624270,Skilldrive 2026 mini 2 in 1 Wireless CarPlay Apapter Type C Po...,8.71,48.78,4.6,Estabelecida,34,https://www.aliexpress.us/item/3256812092624270.html
K1A Adaptador CarPlay Sem Fio Mini USB - Apple CarPlay e Android Auto Evoluído,3256811748951414,2026 Wireless CarPlay & Android Auto Adapter 2-in-1 – Convert ...,8.4,47.04,5.0,Estabelecida,16,https://www.aliexpress.us/item/3256811748951414.html
K1A Adaptador CarPlay Sem Fio Mini USB - Apple CarPlay e Android Auto Evoluído,3256812530442836,4-in-1 Wireless Carplay Adapter Android Auto Connect Airplay M...,23.89,133.78,5.0,Estabelecida,6,https://www.aliexpress.us/item/3256812530442836.html
K1A Adaptador CarPlay Sem Fio Mini USB - Apple CarPlay e Android Auto Evoluído,3256811676673411,(2026 Upgraded) Wireless CarPlay Adapter for Apple iPhone＆Andr...,12.59,70.5,4.5,Estabelecida,5,https://www.aliexpress.us/item/3256811676673411.html
K1A Adaptador CarPlay Sem Fio Mini USB - Apple CarPlay e Android Auto Evoluído,3256812605002839,VCARLINKPLAY 2-in-1 Wireless CarPlay&Android Auto Adapter - Pl...,8.12,45.47,0.0,Nova,7,https://www.aliexpress.us/item/3256812605002839.html
K1A Adaptador CarPlay Sem Fio Mini USB - Apple CarPlay e Android Auto Evoluído,3256809935995669,XUDA Wireless CarPlay Adapter 2026 Upgrade Wired CarPlay to Wi...,10.57,59.19,4.7,Estabelecida,500,https://www.aliexpress.us/item/3256809935995669.html
K1A Adaptador CarPlay Sem Fio Mini USB - Apple CarPlay e Android Auto Evoluído,3256812583556341,"Wireless CarPlay & Android Auto USB-C Adapter, 2-in-1 Adapter ...",15.04,84.22,0.0,Nova,1,https://www.aliexpress.us/item/3256812583556341.html
K1A Adaptador CarPlay Sem Fio Mini USB - Apple CarPlay e Android Auto Evoluído,3256812402349174,ANYFAR New Upgrade Apple CarPlay Android Auto USB Hub Adapter ...,36.5,204.4,4.9,Estabelecida,5,https://www.aliexpress.us/item/3256812402349174.html
K1A Adaptador CarPlay Sem Fio Mini USB - Apple CarPlay e Android Auto Evoluído,3256812487562915,"2-in-1 Wireless CarPlay & Android Auto Adapter, Plug & Play Ca...",7.59,42.5,5.0,Estabelecida,33,https://www.aliexpress.us/item/3256812487562915.html
K1A Adaptador CarPlay Sem Fio Mini USB - Apple CarPlay e Android Auto Evoluído,3256811641269980,2026 Trending Wireless CarPlay Adapter for Apple iPhone & Andr...,6.16,34.5,4.9,Estabelecida,58,https://www.aliexpress.us/item/3256811641269980.html
K1A Adaptador CarPlay Sem Fio Mini USB - Apple CarPlay e Android Auto Evoluído,3256812576180639,2IN1 Upgraded Wireless CarPlay Adapter for Apple iPhone & Andr...,6.74,37.74,5.0,Estabelecida,5,https://www.aliexpress.us/item/3256812576180639.html
K1A Adaptador CarPlay Sem Fio Mini USB - Apple CarPlay e Android Auto Evoluído,3256808034574732,Ottocast Cabin Care Wireless CarPlay Adapter Baby Car Camera 1...,86.16,482.5,4.6,Estabelecida,1,https://www.aliexpress.us/item/3256808034574732.html
K1A Adaptador CarPlay Sem Fio Mini USB - Apple CarPlay e Android Auto Evoluído,3256812599290161,(2026 Upgraded) Wireless CarPlay Adapter for Apple IPhone＆Andr...,16.95,94.92,0.0,Nova,3,https://www.aliexpress.us/item/3256812599290161.html
K1A Adaptador CarPlay Sem Fio Mini USB - Apple CarPlay e Android Auto Evoluído,3256812562281208,"2 in 1 wireless carplay adapter for iOS 10+ & Android Auto, Pl...",9.67,54.15,0.0,Nova,2,https://www.aliexpress.us/item/3256812562281208.html
K1A Adaptador CarPlay Sem Fio Mini USB - Apple CarPlay e Android Auto Evoluído,3256812439209720,STAWHO 1Set Wireless CarPlay Adapter for Apple iPhone & Androi...,9.03,50.57,0.0,Nova,5,https://www.aliexpress.us/item/3256812439209720.html
K1A Adaptador CarPlay Sem Fio Mini USB - Apple CarPlay e Android Auto Evoluído,3256811778413756,"2026 Wireless CarPlay Adapter for Apple, Convert Wired to CarP...",8.31,46.54,4.8,Estabelecida,33,https://www.aliexpress.us/item/3256811778413756.html
K1A Adaptador CarPlay Sem Fio Mini USB - Apple CarPlay e Android Auto Evoluído,3256812529418518,2026 Upgrade 4in1 Wireless Carplay Mirror Link Adapter Instant...,24.02,134.51,0.0,Nova,5,https://www.aliexpress.us/item/3256812529418518.html
K1A Adaptador CarPlay Sem Fio Mini USB - Apple CarPlay e Android Auto Evoluído,3256812179845817,"2-in-1 Wireless CarPlay & Android Auto Adapter, Universal Fit ...",7.59,42.5,5.0,Estabelecida,39,https://www.aliexpress.us/item/3256812179845817.html
K1A Adaptador CarPlay Sem Fio Mini USB - Apple CarPlay e Android Auto Evoluído,3256812530785085,Wireless Carplay 4-in-1 Adapter Android Auto Connect Airplay M...,18.8,105.28,0.0,Nova,3,https://www.aliexpress.us/item/3256812530785085.html
K1A Adaptador CarPlay Sem Fio Mini USB - Apple CarPlay e Android Auto Evoluído,3256812536427666,4in1 Android Auto Connect Airplay Wireless Carplay Adapter Mir...,22.99,128.74,0.0,Nova,5,https://www.aliexpress.us/item/3256812536427666.html
Termostato Inteligente WiFi Tuya com Display LED para Aquecimento de Piso - Controle por App,3256810404586024,GIRIER Tuya WiFi Thermostat TFT Screen Smart Temperature Contr...,80.17,448.95,4.9,Estabelecida,154,https://www.aliexpress.us/item/3256810404586024.html
Termostato Inteligente WiFi Tuya com Display LED para Aquecimento de Piso - Controle por App,3256805012656796,Smart Temperature Remote Controller M3H Tuya WiFi Thermostat 3...,19.01,106.46,4.7,Estabelecida,3,https://www.aliexpress.us/item/3256805012656796.html
Termostato Inteligente WiFi Tuya com Display LED para Aquecimento de Piso - Controle por App,3256807526085550,Tuya Thermostat WiFi Electric/Water/Gas Boiler Warm Floor Heat...,44.1,246.96,4.7,Estabelecida,1,https://www.aliexpress.us/item/3256807526085550.html
Termostato Inteligente WiFi Tuya com Display LED para Aquecimento de Piso - Controle por App,3256810253013849,Smart Thermostat Tuya WiFi for Water/Electric Floor Heating Ga...,26.77,149.91,4.9,Estabelecida,1,https://www.aliexpress.us/item/3256810253013849.html
Termostato Inteligente WiFi Tuya com Display LED para Aquecimento de Piso - Controle por App,3256811683676594,Minco Heat NEW LED ScreenAC90-240V 3A/16A WiFi Tuya Smart Ther...,31.66,177.3,0.0,Nova,2,https://www.aliexpress.us/item/3256811683676594.html
Termostato Inteligente WiFi Tuya com Display LED para Aquecimento de Piso - Controle por App,3256806347103599,Tuya WiFi Smart Thermostat Electric Floor Heating TRV Water Ga...,17.92,100.35,4.8,Estabelecida,64,https://www.aliexpress.us/item/3256806347103599.html
Termostato Inteligente WiFi Tuya com Display LED para Aquecimento de Piso - Controle por App,3256805772874473,Tuya Smart Floor Heating Wifi Thermostat For Water Room Temper...,18.85,105.56,4.6,Estabelecida,1,https://www.aliexpress.us/item/3256805772874473.html
Termostato Inteligente WiFi Tuya com Display LED para Aquecimento de Piso - Controle por App,3256805375137041,BSEED Wifi Electric Thermostat Floor Heating Room Temperature ...,32.44,181.66,5.0,Estabelecida,62,https://www.aliexpress.us/item/3256805375137041.html
Termostato Inteligente WiFi Tuya com Display LED para Aquecimento de Piso - Controle por App,3256804994908940,MOES WiFi Water/Electric Floor Heating Thermostat Zigbee Water...,29.93,167.61,4.7,Estabelecida,440,https://www.aliexpress.us/item/3256804994908940.html
Termostato Inteligente WiFi Tuya com Display LED para Aquecimento de Piso - Controle por App,3256809462844611,WiFi Heating Thermostat Tuya Smart RF433 wireless boiler/water...,51.27,287.11,4.9,Estabelecida,500,https://www.aliexpress.us/item/3256809462844611.html
Termostato Inteligente WiFi Tuya com Display LED para Aquecimento de Piso - Controle por App,3256807528373720,RF Wireless Thermostat Smart WiFi Floor Heating For Gas Boiler...,45.48,254.69,4.8,Estabelecida,5,https://www.aliexpress.us/item/3256807528373720.html
Termostato Inteligente WiFi Tuya com Display LED para Aquecimento de Piso - Controle por App,3256806113948100,"Tuya WiFi Smart Thermostat with Power Monitoring, Voice Contro...",42.94,240.46,4.6,Estabelecida,134,https://www.aliexpress.us/item/3256806113948100.html
Termostato Inteligente WiFi Tuya com Display LED para Aquecimento de Piso - Controle por App,3256801688003130,Beok Tuya Smart Life Wifi Thermostat for Electric/Water Warm F...,49.18,275.41,5.0,Estabelecida,132,https://www.aliexpress.us/item/3256801688003130.html
Termostato Inteligente WiFi Tuya com Display LED para Aquecimento de Piso - Controle por App,3256802848213790,TUYA Wi-Fi Smart Large Colorful Screen Room Programmable Air T...,67.88,380.13,4.7,Estabelecida,99,https://www.aliexpress.us/item/3256802848213790.html
Termostato Inteligente WiFi Tuya com Display LED para Aquecimento de Piso - Controle por App,3256804323029786,New M3H Tuya Smart WiFi Floor Heating Thermostat 100~240V Prog...,23.83,133.45,5.0,Estabelecida,63,https://www.aliexpress.us/item/3256804323029786.html
Termostato Inteligente WiFi Tuya com Display LED para Aquecimento de Piso - Controle por App,3256804383785063,Warm Floor WiFi Thermostat for Electric/Boiler/Water Underfloo...,34.68,194.21,4.9,Estabelecida,231,https://www.aliexpress.us/item/3256804383785063.html
Termostato Inteligente WiFi Tuya com Display LED para Aquecimento de Piso - Controle por App,3256811711473735,Tuya 3A/16A Smart WIFI Floor Heating Thermostat for PTC Heatin...,23.19,129.86,0.0,Nova,4,https://www.aliexpress.us/item/3256811711473735.html
Termostato Inteligente WiFi Tuya com Display LED para Aquecimento de Piso - Controle por App,3256804800124689,16A Tuya Wifi Smart Thermostat  Temperature Controller Electri...,60.97,341.43,0.0,Nova,20,https://www.aliexpress.us/item/3256804800124689.html
Termostato Inteligente WiFi Tuya com Display LED para Aquecimento de Piso - Controle por App,3256804040365637,MOES Thermostat WiFi Wireless Room Temperature Controller of W...,36.39,203.78,4.6,Estabelecida,484,https://www.aliexpress.us/item/3256804040365637.html
Termostato Inteligente WiFi Tuya com Display LED para Aquecimento de Piso - Controle por App,3256806363554283,Tuya Smart Thermostats Programmable For Gas Boiler /Water Valv...,57.07,319.59,5.0,Estabelecida,85,https://www.aliexpress.us/item/3256806363554283.html
Termostato Inteligente WiFi Tuya com Display LED para Aquecimento de Piso - Controle por App,3256808988524337,Smart WiFi Thermostat Zigbee Tuya Water Gas Boiler Power Batte...,18.05,101.08,4.5,Estabelecida,1,https://www.aliexpress.us/item/3256808988524337.html
Termostato Inteligente WiFi Tuya com Display LED para Aquecimento de Piso - Controle por App,3256809415273528,Tuya WiFi Smart Thermostat Water/Gas Boiler Electric Floor Wat...,18.88,105.73,4.9,Estabelecida,69,https://www.aliexpress.us/item/3256809415273528.html
Termostato Inteligente WiFi Tuya com Display LED para Aquecimento de Piso - Controle por App,3256804775781075,Tuya WiFi Smart Thermostat Controller White or Black for Water...,25.76,144.26,5.0,Estabelecida,49,https://www.aliexpress.us/item/3256804775781075.html
Termostato Inteligente WiFi Tuya com Display LED para Aquecimento de Piso - Controle por App,3256805464365460,Tuya ZigBee Digital Display Smart Temperature Controller Hvac ...,35.98,201.49,4.8,Estabelecida,1,https://www.aliexpress.us/item/3256805464365460.html
Termostato Inteligente WiFi Tuya com Display LED para Aquecimento de Piso - Controle por App,3256805834241329,Tuya Smart Home Thermostat Water Electric Warm Floor Heating G...,14.73,82.49,4.7,Estabelecida,5,https://www.aliexpress.us/item/3256805834241329.html
Termostato Inteligente WiFi Tuya com Display LED para Aquecimento de Piso - Controle por App,3256804206041560,MINCO HEAT Tuya WiFi Smart Touch Screen Thermostat Electric Fl...,23.84,133.5,4.8,Estabelecida,76,https://www.aliexpress.us/item/3256804206041560.html
Termostato Inteligente WiFi Tuya com Display LED para Aquecimento de Piso - Controle por App,3256811715119124,Tuya Smart WiFi Thermostat Water/Gas Boiler Electric Floor Wat...,15.57,87.19,0.0,Nova,3,https://www.aliexpress.us/item/3256811715119124.html
Termostato Inteligente WiFi Tuya com Display LED para Aquecimento de Piso - Controle por App,3256811657486325,Beok Wifi Smart Knob Thermostat for Electric Floor/Water and G...,44.9,251.44,4.9,Estabelecida,151,https://www.aliexpress.us/item/3256811657486325.html
Termostato Inteligente WiFi Tuya com Display LED para Aquecimento de Piso - Controle por App,3256806554610520,MINCO HEAT Temperature Controller Tuya WiFi Thermostat 3A 16A ...,37.46,209.78,4.8,Estabelecida,69,https://www.aliexpress.us/item/3256806554610520.html
Termostato Inteligente WiFi Tuya com Display LED para Aquecimento de Piso - Controle por App,3256804522123629,Wifi Heating Thermostat Warm Floor Gas Boiler Digital Temperat...,35.89,200.98,4.9,Estabelecida,155,https://www.aliexpress.us/item/3256804522123629.html
Termostato Inteligente WiFi Tuya com Display LED para Aquecimento de Piso - Controle por App,3256812576761811,WiFi ZigBee Smart Thermostat Temperature Controller Water Elec...,54.51,305.26,0.0,Nova,0,https://www.aliexpress.us/item/3256812576761811.html
Termostato Inteligente WiFi Tuya com Display LED para Aquecimento de Piso - Controle por App,3256804208936299,Beok Tuya Smart Home Thermoregulator WIFI Warm Floor Thermosta...,36.39,203.78,4.8,Estabelecida,3,https://www.aliexpress.us/item/3256804208936299.html
Termostato Inteligente WiFi Tuya com Display LED para Aquecimento de Piso - Controle por App,3256804201488431,Beok Tuya Thermostat Wifi Gas Boiler Warm Floor Heating Temper...,32.31,180.94,4.6,Estabelecida,500,https://www.aliexpress.us/item/3256804201488431.html
Termostato Inteligente WiFi Tuya com Display LED para Aquecimento de Piso - Controle por App,3256806985066552,MOES Zigbee Thermostat Room Temperature Controller of Water/El...,26.25,147.0,4.9,Estabelecida,5,https://www.aliexpress.us/item/3256806985066552.html
Termostato Inteligente WiFi Tuya com Display LED para Aquecimento de Piso - Controle por App,2255801104282259,MOES Zigbee Thermostat Temperature Controller for Water/Electr...,28.25,158.2,0.0,Nova,22,https://www.aliexpress.us/item/2255801104282259.html
Termostato Inteligente WiFi Tuya com Display LED para Aquecimento de Piso - Controle por App,3256805660506194,MOES Tuya WiFi IR Thermostat AC Controller Remote Control Temp...,17.65,98.84,4.6,Estabelecida,95,https://www.aliexpress.us/item/3256805660506194.html
Termostato Inteligente WiFi Tuya com Display LED para Aquecimento de Piso - Controle por App,3256808473862986,Tuya WiFi Temperature Controller Socket EOP20 Smart Thermostat...,43.32,242.59,5.0,Estabelecida,148,https://www.aliexpress.us/item/3256808473862986.html
Termostato Inteligente WiFi Tuya com Display LED para Aquecimento de Piso - Controle por App,3256809923222205,Smart WiFi Thermostat Zigbee Tuya Water Gas Boiler Power Batte...,17.85,99.96,4.9,Estabelecida,2,https://www.aliexpress.us/item/3256809923222205.html
Termostato Inteligente WiFi Tuya com Display LED para Aquecimento de Piso - Controle por App,3256805411484171,"Qiumi Smart Wifi  thermostat display weather, UV index, humidi...",69.75,390.6,0.0,Nova,1,https://www.aliexpress.us/item/3256805411484171.html
Termostato Inteligente WiFi Tuya com Display LED para Aquecimento de Piso - Controle por App,3256809440929313,Tuya Smart RF433 WiFi Thermostat & Socket Receiver Wireless Sm...,43.59,244.1,4.5,Estabelecida,48,https://www.aliexpress.us/item/3256809440929313.html
Termostato Inteligente WiFi Tuya com Display LED para Aquecimento de Piso - Controle por App,3256806119739288,AVATTO ZigBee Thermostat Radiator Actuator Smart TRV Thermosta...,42.33,237.05,4.6,Estabelecida,2,https://www.aliexpress.us/item/3256806119739288.html
Termostato Inteligente WiFi Tuya com Display LED para Aquecimento de Piso - Controle por App,3256808337221404,Tuya Wi-Fi Smart Thermostat Socket Outlet Plug Remote Temperat...,18.88,105.73,4.9,Estabelecida,500,https://www.aliexpress.us/item/3256808337221404.html
Termostato Inteligente WiFi Tuya com Display LED para Aquecimento de Piso - Controle por App,3256808307988826,Tuya Smart Temperature Wifi Switch 10A 2000W Intelligent Monit...,3.33,18.65,4.8,Estabelecida,444,https://www.aliexpress.us/item/3256808307988826.html
Termostato Inteligente WiFi Tuya com Display LED para Aquecimento de Piso - Controle por App,3256805637343775,Wifi Temperature Sensor Tuya eWelink Smart Wifi Rf433 Intellig...,10.25,57.4,4.6,Estabelecida,1,https://www.aliexpress.us/item/3256805637343775.html
Termostato Inteligente WiFi Tuya com Display LED para Aquecimento de Piso - Controle por App,2255801036966124,2 4 Pipe WiFi Smart Central Air Conditioner Thermostat 3 Speed...,71.95,402.92,4.8,Estabelecida,105,https://www.aliexpress.us/item/2255801036966124.html
Interruptor Touch Inteligente 3.5 Polegadas com Sensor Radar e Controle de Cortina - Tuya,3256808746443287,Modern Simple LED Decor Ceiling Light Nordic Luxury Indoor Cei...,5.23,29.29,4.9,Estabelecida,1,https://www.aliexpress.us/item/3256808746443287.html
Interruptor Touch Inteligente 3.5 Polegadas com Sensor Radar e Controle de Cortina - Tuya,3256805986887544,IRALAN Ultra-thin Round LED Ceiling Light Bedroom Light Neutra...,1.35,7.56,4.6,Estabelecida,5,https://www.aliexpress.us/item/3256805986887544.html
Interruptor Touch Inteligente 3.5 Polegadas com Sensor Radar e Controle de Cortina - Tuya,3256806667047267,2.2CM Ultra Thin Ceiling Light LED Panel Light 6W 9W 13W 18W 2...,0.99,5.54,4.7,Estabelecida,451,https://www.aliexpress.us/item/3256806667047267.html
Painel de Controle Smart Home Tuya 3.5'' com Zigbee para Dispositivos Inteligentes,3256809067455380,Tuya Wifi Smart Touch Screen Center Control Panel Voice Contro...,110.93,621.21,0.0,Nova,6,https://www.aliexpress.us/item/3256809067455380.html
Painel de Controle Smart Home Tuya 3.5'' com Zigbee para Dispositivos Inteligentes,3256811846345446,Tuya Zigbee IR Smart Home Remote Control Universal Infrared Ai...,0.99,5.54,4.9,Estabelecida,154,https://www.aliexpress.us/item/3256811846345446.html
Painel de Controle Smart Home Tuya 3.5'' com Zigbee para Dispositivos Inteligentes,3256812560725351,MOES Tuya WiFi Smart Desktop Center Control Panel Zigbee Bluet...,359.19,2011.46,0.0,Nova,0,https://www.aliexpress.us/item/3256812560725351.html
Painel de Controle Smart Home Tuya 3.5'' com Zigbee para Dispositivos Inteligentes,3256812561144581,MOES Tuya WiFi Smart Desktop Center Control Panel Zigbee Bluet...,359.19,2011.46,0.0,Nova,1,https://www.aliexpress.us/item/3256812561144581.html
Painel de Controle Smart Home Tuya 3.5'' com Zigbee para Dispositivos Inteligentes,3256808901464428,M8 Pro Zigbee Smart Switch Panel 4 Gang Tuya Intelligent Wall ...,69.79,390.82,4.9,Estabelecida,84,https://www.aliexpress.us/item/3256808901464428.html
Painel de Controle Smart Home Tuya 3.5'' com Zigbee para Dispositivos Inteligentes,3256812401001187,RiooCubee Tuya Smart Life ZigBee Glass Panel Switch Roller Shu...,25.15,140.84,0.0,Nova,0,https://www.aliexpress.us/item/3256812401001187.html
Painel de Controle Smart Home Tuya 3.5'' com Zigbee para Dispositivos Inteligentes,3256810021370122,Smart Life WIFI 6 Way  Relay Switching Module 16A  Zigbee Powe...,32.13,179.93,4.6,Estabelecida,700,https://www.aliexpress.us/item/3256810021370122.html
Painel de Controle Smart Home Tuya 3.5'' com Zigbee para Dispositivos Inteligentes,3256809780129970,Tuya T3E Pro Smart Control Panel Switch Touch Screen Panel Swi...,90.1,504.56,5.0,Estabelecida,25,https://www.aliexpress.us/item/3256809780129970.html
Painel de Controle Smart Home Tuya 3.5'' com Zigbee para Dispositivos Inteligentes,3256812561806104,MOES Tuya WiFi 5-inch Smart Touch Screen US Center Control Pan...,220.57,1235.19,0.0,Nova,0,https://www.aliexpress.us/item/3256812561806104.html
Painel de Controle Smart Home Tuya 3.5'' com Zigbee para Dispositivos Inteligentes,3256806721790557,MOES Tuya Wifi Smart 5-inch Touch Screen US Center Control Pan...,173.17,969.75,4.8,Estabelecida,800,https://www.aliexpress.us/item/3256806721790557.html
Painel de Controle Smart Home Tuya 3.5'' com Zigbee para Dispositivos Inteligentes,3256811736954957,7 Inch Android 11 2 Zone Audio Inwall Amplifier Alexa Voice Tu...,289.94,1623.66,0.0,Nova,3,https://www.aliexpress.us/item/3256811736954957.html
Painel de Controle Smart Home Tuya 3.5'' com Zigbee para Dispositivos Inteligentes,3256810542333371,Zemismart 1234 Gang Horizontal Install Smart Zigbee Switch Bla...,26.4,147.84,4.8,Estabelecida,227,https://www.aliexpress.us/item/3256810542333371.html
Painel de Controle Smart Home Tuya 3.5'' com Zigbee para Dispositivos Inteligentes,3256811875967415,10.1 Inch Android 14 RK3576S Smart Home Control Panel Zigbee M...,294.06,1646.74,0.0,Nova,4,https://www.aliexpress.us/item/3256811875967415.html
Painel de Controle Smart Home Tuya 3.5'' com Zigbee para Dispositivos Inteligentes,3256810013556334,‌Tuya Smart ZIGBEE PCIE Control Card - Remote PC Power On/Off ...,7.85,43.96,5.0,Estabelecida,26,https://www.aliexpress.us/item/3256810013556334.html
Painel de Controle Smart Home Tuya 3.5'' com Zigbee para Dispositivos Inteligentes,3256808277271445,IN STOCK Tuya Smart Home Control Panel 3.5 Inches WiFi MOES Zi...,102.33,573.05,0.0,Nova,16,https://www.aliexpress.us/item/3256808277271445.html
Painel de Controle Smart Home Tuya 3.5'' com Zigbee para Dispositivos Inteligentes,3256807432793230,Tuya Smart Home Control Panel WiFi 3.5-inch Tuya Zigbee Wall S...,101.86,570.42,5.0,Estabelecida,38,https://www.aliexpress.us/item/3256807432793230.html
Painel de Controle Smart Home Tuya 3.5'' com Zigbee para Dispositivos Inteligentes,3256812208096294,MOES Tuya Star Feather Series Zigbee Smart Curtain Switch Anti...,24.16,135.3,5.0,Estabelecida,36,https://www.aliexpress.us/item/3256812208096294.html
Painel de Controle Smart Home Tuya 3.5'' com Zigbee para Dispositivos Inteligentes,3256804023026135,MoesHouse Tuya ZigBee Smart IR Remote Control Universal Infrar...,25.19,141.06,0.0,Nova,5,https://www.aliexpress.us/item/3256804023026135.html
Painel de Controle Smart Home Tuya 3.5'' com Zigbee para Dispositivos Inteligentes,3256809043042294,MOES Tuya ZigBee Smart Curtain Switch 2.5D Support RF433 Arc G...,15.16,84.9,4.9,Estabelecida,2,https://www.aliexpress.us/item/3256809043042294.html
Painel de Controle Smart Home Tuya 3.5'' com Zigbee para Dispositivos Inteligentes,3256810524749502,1/2PCS Zigbee Smart Home Suitable Universal Wireless Remote Co...,0.99,5.54,4.7,Estabelecida,61,https://www.aliexpress.us/item/3256810524749502.html
Painel de Controle Smart Home Tuya 3.5'' com Zigbee para Dispositivos Inteligentes,3256810283281197,Tuya zigbee Smart Touch Light Wall Switch 8Gang Power Monitor ...,30.73,172.09,5.0,Estabelecida,5,https://www.aliexpress.us/item/3256810283281197.html
Painel de Controle Smart Home Tuya 3.5'' com Zigbee para Dispositivos Inteligentes,3256812230702505,BSEED Zigbee Smart Switch Parts 1/2/3Gang Light Switch 2Way Fu...,9.6,53.76,5.0,Estabelecida,35,https://www.aliexpress.us/item/3256812230702505.html
Painel de Controle Smart Home Tuya 3.5'' com Zigbee para Dispositivos Inteligentes,3256807991347404,Tuya Zigbee Knob Smart Dimming Switch Panel App Control Voice ...,39.19,219.46,0.0,Nova,4,https://www.aliexpress.us/item/3256807991347404.html
Painel de Controle Smart Home Tuya 3.5'' com Zigbee para Dispositivos Inteligentes,3256811709997724,DC12V-24V Zigbee 3.0 RGBCCT LED Controller Dimmer 2.4G RF 4-Zo...,15.26,85.46,0.0,Nova,4,https://www.aliexpress.us/item/3256811709997724.html
Painel de Controle Smart Home Tuya 3.5'' com Zigbee para Dispositivos Inteligentes,3256801436204038,Melery Smart Zigbee Wall Light Switch Lamps Interruptor Glass ...,17.62,98.67,4.9,Estabelecida,105,https://www.aliexpress.us/item/3256801436204038.html
Painel de Controle Smart Home Tuya 3.5'' com Zigbee para Dispositivos Inteligentes,3256807206924824,Melery 4x4 Brazil Zigbee Light Switch Touch Sensor Panel Tuya ...,24.62,137.87,5.0,Estabelecida,75,https://www.aliexpress.us/item/3256807206924824.html
Painel de Controle Smart Home Tuya 3.5'' com Zigbee para Dispositivos Inteligentes,3256807995584191,Tuya EU Smart Wifi/Zigbee Dimmer Light Switch Dimming Panel Wa...,37.38,209.33,5.0,Estabelecida,17,https://www.aliexpress.us/item/3256807995584191.html
Painel de Controle Smart Home Tuya 3.5'' com Zigbee para Dispositivos Inteligentes,3256810099967685,1234 Gang US Smart Zigbee Switch with Sensitive Touch Panel Wo...,29.41,164.7,4.8,Estabelecida,67,https://www.aliexpress.us/item/3256810099967685.html
Painel de Controle Smart Home Tuya 3.5'' com Zigbee para Dispositivos Inteligentes,3256806825091947,"Mumubiz Tuya Zigbee Switch With Temperature Humidity Sensor ,S...",21.85,122.36,4.6,Estabelecida,700,https://www.aliexpress.us/item/3256806825091947.html
Painel de Controle Smart Home Tuya 3.5'' com Zigbee para Dispositivos Inteligentes,3256804369891824,Moes ZigBee Wall Socket WIFI Smart Glass Panel Outlet Power Mo...,19.79,110.82,4.9,Estabelecida,308,https://www.aliexpress.us/item/3256804369891824.html
Painel de Controle Smart Home Tuya 3.5'' com Zigbee para Dispositivos Inteligentes,3256808169838240,MOES Tuya ZigBee Smart Curtain Switch 2.5D Support RF433 Arc G...,9.69,54.26,4.7,Estabelecida,1,https://www.aliexpress.us/item/3256808169838240.html
Painel de Controle Smart Home Tuya 3.5'' com Zigbee para Dispositivos Inteligentes,3256805106902851,BSEED 1/2/3Gang Zigbee Smart Switches Function Base Tuya Smart...,8.0,44.8,4.8,Estabelecida,259,https://www.aliexpress.us/item/3256805106902851.html
Painel de Controle Smart Home Tuya 3.5'' com Zigbee para Dispositivos Inteligentes,3256812674629276,Zigbee/Wifi FCU Thermostat Scenes Switch Panel Fan Coil Unit A...,72.01,403.26,0.0,Nova,0,https://www.aliexpress.us/item/3256812674629276.html
Painel de Controle Smart Home Tuya 3.5'' com Zigbee para Dispositivos Inteligentes,3256808599080354,Tuya Zigbee Smart DIY Motorized Roller Blinds/Shades Drive Sol...,42.9,240.24,0.0,Nova,5,https://www.aliexpress.us/item/3256808599080354.html
Painel de Controle Smart Home Tuya 3.5'' com Zigbee para Dispositivos Inteligentes,3256810595888113,Tuya Zigbee Gateway Bluetooth Smart Control Panel Smart Life C...,0.99,5.54,5.0,Estabelecida,39,https://www.aliexpress.us/item/3256810595888113.html
Painel de Controle Smart Home Tuya 3.5'' com Zigbee para Dispositivos Inteligentes,3256802616693156,Shelly EM Gen4 Zigbee Domotica WiFi Smart Energy Matter Contac...,107.68,603.01,4.8,Estabelecida,198,https://www.aliexpress.us/item/3256802616693156.html
Painel de Controle Smart Home Tuya 3.5'' com Zigbee para Dispositivos Inteligentes,3256806990206095,10Gang WiFi or Zigbee Smart Touch Light Wall Switch Glass Pane...,25.38,142.13,5.0,Estabelecida,33,https://www.aliexpress.us/item/3256806990206095.html
"Fechadura Inteligente Tuya com WiFi, Digital, Impressão Digital, Cartão RFID e Senha",3256810492725359,Tuya APP Smart Life APP Control Voice Intercom Smart Lock 3D F...,120.14,672.78,4.7,Estabelecida,40,https://www.aliexpress.us/item/3256810492725359.html
"Fechadura Inteligente Tuya com WiFi, Digital, Impressão Digital, Cartão RFID e Senha",3256812117930811,TUYA WiFi Smart Door Lock Waterproof Keyless Digital Electroni...,65.12,364.67,4.9,Estabelecida,111,https://www.aliexpress.us/item/3256812117930811.html
"Fechadura Inteligente Tuya com WiFi, Digital, Impressão Digital, Cartão RFID e Senha",3256812122092114,YRHAND Tuya wifi 8 language Fingerprint IP66 Waterproof Outdoo...,61.33,343.45,4.9,Estabelecida,71,https://www.aliexpress.us/item/3256812122092114.html
"Fechadura Inteligente Tuya com WiFi, Digital, Impressão Digital, Cartão RFID e Senha",3256812098606269,IP66 Waterproof 2026 New Generation TUYA APP Fingerprint Passw...,85.16,476.9,4.7,Estabelecida,83,https://www.aliexpress.us/item/3256812098606269.html
"Fechadura Inteligente Tuya com WiFi, Digital, Impressão Digital, Cartão RFID e Senha",3256808858870791,Tuya WIFI Double Side Fingerprint Lock Waterproof Outdoor Gate...,58.52,327.71,4.9,Estabelecida,700,https://www.aliexpress.us/item/3256808858870791.html
"Fechadura Inteligente Tuya com WiFi, Digital, Impressão Digital, Cartão RFID e Senha",3256807005242424,Waterproof Outdoor Smart  Lock Wifi Alexa Tuya APP Aluminium A...,190.25,1065.4,4.8,Estabelecida,42,https://www.aliexpress.us/item/3256807005242424.html
"Fechadura Inteligente Tuya com WiFi, Digital, Impressão Digital, Cartão RFID e Senha",3256810465986201,WIFI Support Tuya App Fingerprint Access Controller Keypad Met...,36.71,205.58,5.0,Estabelecida,14,https://www.aliexpress.us/item/3256810465986201.html
"Fechadura Inteligente Tuya com WiFi, Digital, Impressão Digital, Cartão RFID e Senha",3256807665009631,V1 Pro+ Version Adjustable TUYA APP Smart Life Fingerprint Pas...,72.24,404.54,4.8,Estabelecida,1,https://www.aliexpress.us/item/3256807665009631.html
"Fechadura Inteligente Tuya com WiFi, Digital, Impressão Digital, Cartão RFID e Senha",3256807619127120,WiFi Tuya Fingerprint Access Controller Outdoor Waterproof Sta...,27.21,152.38,4.9,Estabelecida,349,https://www.aliexpress.us/item/3256807619127120.html
"Fechadura Inteligente Tuya com WiFi, Digital, Impressão Digital, Cartão RFID e Senha",3256812230918360,Digital Door Lock Tuya APP WiFi Remote Control Smart Fingerpri...,32.93,184.41,5.0,Estabelecida,9,https://www.aliexpress.us/item/3256812230918360.html
"Fechadura Inteligente Tuya com WiFi, Digital, Impressão Digital, Cartão RFID e Senha",3256810420910238,Viladepot Smart Lock Fingerprint Door Lock TYPE-C Interface Ap...,33.67,188.55,4.9,Estabelecida,98,https://www.aliexpress.us/item/3256810420910238.html
"Fechadura Inteligente Tuya com WiFi, Digital, Impressão Digital, Cartão RFID e Senha",3256812017979073,TuyaWiFi Smart Fingerprint Access Control IP68 Waterproof Meta...,41.23,230.89,5.0,Estabelecida,6,https://www.aliexpress.us/item/3256812017979073.html
"Fechadura Inteligente Tuya com WiFi, Digital, Impressão Digital, Cartão RFID e Senha",3256808166795499,FUERS Tuya Smart Fingerprint Door Lock Handle With Fingerprint...,45.12,252.67,4.8,Estabelecida,123,https://www.aliexpress.us/item/3256808166795499.html
"Fechadura Inteligente Tuya com WiFi, Digital, Impressão Digital, Cartão RFID e Senha",3256808308438585,Tuya Smart Biometric Fingerprint Recognition Time Attendance S...,35.94,201.26,5.0,Estabelecida,54,https://www.aliexpress.us/item/3256808308438585.html
"Fechadura Inteligente Tuya com WiFi, Digital, Impressão Digital, Cartão RFID e Senha",3256808966985288,Waterproof Tuya Wifi Slim Smart Lock with Camera for Sliding A...,206.48,1156.29,5.0,Estabelecida,2,https://www.aliexpress.us/item/3256808966985288.html
"Fechadura Inteligente Tuya com WiFi, Digital, Impressão Digital, Cartão RFID e Senha",3256810573162922,Tuya Smart Outdoor Waterproof Door Lock with Face Recognition ...,81.67,457.35,4.9,Estabelecida,68,https://www.aliexpress.us/item/3256810573162922.html
"Fechadura Inteligente Tuya com WiFi, Digital, Impressão Digital, Cartão RFID e Senha",3256809177694510,Fingerprint Lock Waterproof Wifi Remote Control Bluetooth TTLo...,71.74,401.74,4.5,Estabelecida,150,https://www.aliexpress.us/item/3256809177694510.html
"Fechadura Inteligente Tuya com WiFi, Digital, Impressão Digital, Cartão RFID e Senha",3256807152906414,Double Hook Smart Glass Door Lock Glass Sliding Door Tuya App ...,40.88,228.93,5.0,Estabelecida,14,https://www.aliexpress.us/item/3256807152906414.html
"Fechadura Inteligente Tuya com WiFi, Digital, Impressão Digital, Cartão RFID e Senha",3256812158243699,Wifi Fingerprint Access Control Keypad Outdoor Waterproof Remo...,20.3,113.68,5.0,Estabelecida,59,https://www.aliexpress.us/item/3256812158243699.html
"Fechadura Inteligente Tuya com WiFi, Digital, Impressão Digital, Cartão RFID e Senha",3256810418883064,WIFI Support Tuya App Narrow Waterproof Facial Recognition Fin...,116.43,652.01,0.0,Nova,3,https://www.aliexpress.us/item/3256810418883064.html
"Fechadura Inteligente Tuya com WiFi, Digital, Impressão Digital, Cartão RFID e Senha",3256807251655999,Support Tuya App Metal Wifi Fingerprint RFID Access Control Ke...,40.58,227.25,5.0,Estabelecida,10,https://www.aliexpress.us/item/3256807251655999.html
"Fechadura Inteligente Tuya com WiFi, Digital, Impressão Digital, Cartão RFID e Senha",3256807853293231,Support Tuya App Smart Fingerprint Lock Bluetooth Smart Slidin...,59.04,330.62,5.0,Estabelecida,41,https://www.aliexpress.us/item/3256807853293231.html
"Fechadura Inteligente Tuya com WiFi, Digital, Impressão Digital, Cartão RFID e Senha",3256807629858257,V1 Pro+ Version Adjustable TUYA or TTLock APP Fingerprint Pass...,77.51,434.06,4.8,Estabelecida,500,https://www.aliexpress.us/item/3256807629858257.html
"Fechadura Inteligente Tuya com WiFi, Digital, Impressão Digital, Cartão RFID e Senha",3256807543577124,RAYKUBE DS01 4-language Tuya Smart Fingerprint Deadbolt Lock w...,56.6,316.96,4.7,Estabelecida,170,https://www.aliexpress.us/item/3256807543577124.html
"Fechadura Inteligente Tuya com WiFi, Digital, Impressão Digital, Cartão RFID e Senha",3256812484778108,TTLock / Tuya WiFi Smart Fingerprint Door Lock Biometric Digit...,66.37,371.67,0.0,Nova,1,https://www.aliexpress.us/item/3256812484778108.html
"Fechadura Inteligente Tuya com WiFi, Digital, Impressão Digital, Cartão RFID e Senha",3256809120753769,WiFi Remote Fingerprint Access Controller Outdoor Waterproof I...,22.28,124.77,4.5,Estabelecida,155,https://www.aliexpress.us/item/3256809120753769.html
"Fechadura Inteligente Tuya com WiFi, Digital, Impressão Digital, Cartão RFID e Senha",3256810265357068,Tuya Smart Door Lock Fingerprint Recognition lock Smart Life C...,28.21,157.98,5.0,Estabelecida,29,https://www.aliexpress.us/item/3256810265357068.html
"Fechadura Inteligente Tuya com WiFi, Digital, Impressão Digital, Cartão RFID e Senha",3256808968049646,Tuya TTlock Smart Digital Door Lock WIFI Fingerprint Password ...,95.75,536.2,5.0,Estabelecida,19,https://www.aliexpress.us/item/3256808968049646.html
"Fechadura Inteligente Tuya com WiFi, Digital, Impressão Digital, Cartão RFID e Senha",3256807665156629,V1 Pro+ Version Adjustable TTLock TTHotel APP Fingerprint Pass...,66.74,373.74,5.0,Estabelecida,158,https://www.aliexpress.us/item/3256807665156629.html
"Fechadura Inteligente Tuya com WiFi, Digital, Impressão Digital, Cartão RFID e Senha",3256811341543261,Tuya WiFi Double Side Fingerprint Door Lock IP66 Waterproof Pa...,55.15,308.84,5.0,Estabelecida,41,https://www.aliexpress.us/item/3256811341543261.html
"Fechadura Inteligente Tuya com WiFi, Digital, Impressão Digital, Cartão RFID e Senha",3256811990260417,SmarDeer IP65 Waterproof Sliding Door Smart Lock，Tuya WiFi Bro...,76.27,427.11,0.0,Nova,7,https://www.aliexpress.us/item/3256811990260417.html
"Fechadura Inteligente Tuya com WiFi, Digital, Impressão Digital, Cartão RFID e Senha",3256812390189890,WAFU 026 Wireless Smart Door Lock Waterproof Tuya APP Metal Fi...,86.05,481.88,0.0,Nova,4,https://www.aliexpress.us/item/3256812390189890.html
"Fechadura Inteligente Tuya com WiFi, Digital, Impressão Digital, Cartão RFID e Senha",3256807751629046,Tuya Smart Door Lock Bluetooth Fingerprint Recognition Electro...,27.18,152.21,4.9,Estabelecida,457,https://www.aliexpress.us/item/3256807751629046.html
"Fechadura Inteligente Tuya com WiFi, Digital, Impressão Digital, Cartão RFID e Senha",3256812530503253,Outdoor Waterproof Tuya Smart Fingerprint Gate Lock with Face ...,85.52,478.91,0.0,Nova,5,https://www.aliexpress.us/item/3256812530503253.html
"Fechadura Inteligente Tuya com WiFi, Digital, Impressão Digital, Cartão RFID e Senha",3256808910295754,Tuya Smart Lock for Hotels Apartments & Offices - Bluetooth AP...,27.29,152.82,4.5,Estabelecida,47,https://www.aliexpress.us/item/3256808910295754.html
"Fechadura Inteligente Tuya com WiFi, Digital, Impressão Digital, Cartão RFID e Senha",3256812158455485,Waterproof Outdoor Smart Door Lock Tuya WiFi Fingerprint Passw...,82.57,462.39,0.0,Nova,14,https://www.aliexpress.us/item/3256812158455485.html
"Fechadura Inteligente Tuya com WiFi, Digital, Impressão Digital, Cartão RFID e Senha",3256809223797946,Support Tuya App BLE Smart Fingerprint Door Lock Digital Elect...,36.84,206.3,4.8,Estabelecida,38,https://www.aliexpress.us/item/3256809223797946.html
"Fechadura Inteligente Tuya com WiFi, Digital, Impressão Digital, Cartão RFID e Senha",3256808504197013,Tuya Bluetooth Smart Wood Cabinet Fingerprint Lock App Remote ...,10.46,58.58,4.6,Estabelecida,267,https://www.aliexpress.us/item/3256808504197013.html
"Fechadura Inteligente Tuya com WiFi, Digital, Impressão Digital, Cartão RFID e Senha",3256805507740174,3D Face Recognition Unlock Digital Door Lock With Camera FInge...,111.21,622.78,4.6,Estabelecida,700,https://www.aliexpress.us/item/3256805507740174.html
"Fechadura Inteligente Tuya com WiFi, Digital, Impressão Digital, Cartão RFID e Senha",3256809233693103,RAYKUBE B005 Tuya BLE Digital Electronic Smart Deadbolt Finger...,78.97,442.23,5.0,Estabelecida,68,https://www.aliexpress.us/item/3256809233693103.html
"Fechadura Inteligente Tuya com WiFi, Digital, Impressão Digital, Cartão RFID e Senha",3256805610064546,Waterproof Tuya App Wifi Access Control Keypad Fingerprint Sma...,40.51,226.86,5.0,Estabelecida,29,https://www.aliexpress.us/item/3256805610064546.html
Terminal POS Biométrico Z108P 2025 - Leitura de Veia Palmar com NFC e 4G,3256801921312718,Baby Shower Gifts Baby Pacifier Rhinestone Pacifier Clips Prin...,1.78,9.97,5.0,Estabelecida,162,https://www.aliexpress.us/item/3256801921312718.html
Terminal POS Biométrico Z108P 2025 - Leitura de Veia Palmar com NFC e 4G,3256803044040820,Mode Hip Hop Katoen Baseball Cap Bts Creatieve Piercing Ring C...,0.99,5.54,4.9,Estabelecida,110,https://www.aliexpress.us/item/3256803044040820.html
Terminal POS Biométrico Z108P 2025 - Leitura de Veia Palmar com NFC e 4G,2255800656233342,JCD In Bulk Plastic Clear Crystal Protective Hard Shell Skin C...,0.99,5.54,4.6,Estabelecida,800,https://www.aliexpress.us/item/2255800656233342.html
Terminal POS Biométrico Z108P 2025 - Leitura de Veia Palmar com NFC e 4G,3256801653731999,Baby Boy Jumpsuits 3 Pieces Newborn Clothes Set Toddler Girl B...,0.99,5.54,4.8,Estabelecida,1,https://www.aliexpress.us/item/3256801653731999.html
Termostato WiFi Tuya 2026 com Controle de Temperatura e Umidade - Knob LED e Voz,3256805985528148,Thermostat WiFi Wireless Room Temperature Controller of Water/...,33.93,190.01,4.8,Estabelecida,277,https://www.aliexpress.us/item/3256805985528148.html
Termostato WiFi Tuya 2026 com Controle de Temperatura e Umidade - Knob LED e Voz,3256807596019783,Smart WiFi Thermostat for Water/Electric Floor Heating Gas Boi...,27.97,156.63,4.5,Estabelecida,242,https://www.aliexpress.us/item/3256807596019783.html
Termostato WiFi Tuya 2026 com Controle de Temperatura e Umidade - Knob LED e Voz,3256804503557668,Tuya WiFi IR Thermostat AC Controller LCD Touch Screen Remote ...,28.34,158.7,5.0,Estabelecida,9,https://www.aliexpress.us/item/3256804503557668.html
Termostato WiFi Tuya 2026 com Controle de Temperatura e Umidade - Knob LED e Voz,3256807168571307,Tuya WiFi Temperature Humidity Sensor Smart Life Remote Monito...,17.44,97.66,4.8,Estabelecida,4,https://www.aliexpress.us/item/3256807168571307.html
Termostato WiFi Tuya 2026 com Controle de Temperatura e Umidade - Knob LED e Voz,3256808884735697,KONLEN Tuya WIFI Temperature Thermometer Humidity Hygrometer D...,28.47,159.43,4.8,Estabelecida,50,https://www.aliexpress.us/item/3256808884735697.html
Termostato WiFi Tuya 2026 com Controle de Temperatura e Umidade - Knob LED e Voz,3256804064445583,Thermostat WiFi Wireless Room Temperature Controller of Water/...,38.65,216.44,4.8,Estabelecida,57,https://www.aliexpress.us/item/3256804064445583.html
Termostato WiFi Tuya 2026 com Controle de Temperatura e Umidade - Knob LED e Voz,3256804064514335,Thermostat WiFi Wireless Room Temperature Controller of Water/...,41.46,232.18,5.0,Estabelecida,118,https://www.aliexpress.us/item/3256804064514335.html
Termostato WiFi Tuya 2026 com Controle de Temperatura e Umidade - Knob LED e Voz,3256809498169767,Tuya Zigbee Temperature and Humidity Sensor Intelligent Home H...,2.33,13.05,4.7,Estabelecida,5,https://www.aliexpress.us/item/3256809498169767.html
Termostato WiFi Tuya 2026 com Controle de Temperatura e Umidade - Knob LED e Voz,3256810573081078,2026 New Tuya WiFi Humidity Temperature Sensor with External P...,1.45,8.12,4.9,Estabelecida,5,https://www.aliexpress.us/item/3256810573081078.html
Termostato WiFi Tuya 2026 com Controle de Temperatura e Umidade - Knob LED e Voz,3256812550556516,Tuya WiFi Soil Temperature and Humidity Sensor Real-Time Monit...,3.33,18.65,4.9,Estabelecida,600,https://www.aliexpress.us/item/3256812550556516.html
Termostato WiFi Tuya 2026 com Controle de Temperatura e Umidade - Knob LED e Voz,3256807158783081,Zigbee/WIFI Tuya Smart Temperature Humidity Sensor Thermometer...,3.19,17.86,5.0,Estabelecida,91,https://www.aliexpress.us/item/3256807158783081.html
Termostato WiFi Tuya 2026 com Controle de Temperatura e Umidade - Knob LED e Voz,3256809449421812,Zigbee 3.0 Temperature Humidity Sensor APP Remote Control Ther...,2.33,13.05,4.5,Estabelecida,5,https://www.aliexpress.us/item/3256809449421812.html
Termostato WiFi Tuya 2026 com Controle de Temperatura e Umidade - Knob LED e Voz,3256812144190378,Tuya WiFi Temperature Humidity Sensor Smart Life Backlight Hyg...,5.91,33.1,0.0,Nova,6,https://www.aliexpress.us/item/3256812144190378.html
Termostato WiFi Tuya 2026 com Controle de Temperatura e Umidade - Knob LED e Voz,3256811575334753,Tuya WiFi Temperature Humidity Sensor with Backlight Screen Di...,11.92,66.75,5.0,Estabelecida,6,https://www.aliexpress.us/item/3256811575334753.html
Termostato WiFi Tuya 2026 com Controle de Temperatura e Umidade - Knob LED e Voz,3256810480045629,AVATTO Tuya WiFi Smart Thermostat Electric Floor Heating Water...,32.61,182.62,5.0,Estabelecida,23,https://www.aliexpress.us/item/3256810480045629.html
Termostato WiFi Tuya 2026 com Controle de Temperatura e Umidade - Knob LED e Voz,3256807398712758,Tuya WiFi Temperature and Humidity Smart Home Thermometer Hygr...,2.33,13.05,4.8,Estabelecida,10,https://www.aliexpress.us/item/3256807398712758.html
Termostato WiFi Tuya 2026 com Controle de Temperatura e Umidade - Knob LED e Voz,3256810573196843,Tuya WiFi Weather Station Smart Thermohygrometer Kit WiFi Gate...,16.49,92.34,4.9,Estabelecida,600,https://www.aliexpress.us/item/3256810573196843.html
Termostato WiFi Tuya 2026 com Controle de Temperatura e Umidade - Knob LED e Voz,3256810400365075,Tuya WiFi Smart Thermostat Temperature Controller for Water Ga...,5.62,31.47,0.0,Nova,19,https://www.aliexpress.us/item/3256810400365075.html
Termostato WiFi Tuya 2026 com Controle de Temperatura e Umidade - Knob LED e Voz,3256810497569579,MOES WiFi Smart Thermostat Plug Tuya Digital Temperature Contr...,31.16,174.5,0.0,Nova,5,https://www.aliexpress.us/item/3256810497569579.html
Termostato WiFi Tuya 2026 com Controle de Temperatura e Umidade - Knob LED e Voz,3256811459387226,WiFi Smart Knob Thermostat Floor Heating Water Gas Boiler Home...,25.94,145.26,4.9,Estabelecida,366,https://www.aliexpress.us/item/3256811459387226.html
Termostato WiFi Tuya 2026 com Controle de Temperatura e Umidade - Knob LED e Voz,3256806824021761,AVATTO WiFi Smart Thermostat Electric Heating Water Gas Boiler...,17.45,97.72,4.9,Estabelecida,10,https://www.aliexpress.us/item/3256806824021761.html
Termostato WiFi Tuya 2026 com Controle de Temperatura e Umidade - Knob LED e Voz,3256807009055805,Qiumi Smart Wifi Color Knob Thermostat Air Conditioning Temper...,50.14,280.78,4.6,Estabelecida,81,https://www.aliexpress.us/item/3256807009055805.html
Termostato WiFi Tuya 2026 com Controle de Temperatura e Umidade - Knob LED e Voz,3256807904414749,110V 220V Tuya Smart WiFi 4 Channel Relay With Temperature Hum...,21.36,119.62,4.8,Estabelecida,137,https://www.aliexpress.us/item/3256807904414749.html
Termostato WiFi Tuya 2026 com Controle de Temperatura e Umidade - Knob LED e Voz,3256809998565073,Tuya 2.4GWIFI Temperature & Humidity Sensor for Smart Home var...,0.99,5.54,4.8,Estabelecida,50,https://www.aliexpress.us/item/3256809998565073.html
Termostato WiFi Tuya 2026 com Controle de Temperatura e Umidade - Knob LED e Voz,3256807852474797,MOES Matter WiFi Smart Thermostat Temperature Controller Tuya ...,41.57,232.79,4.9,Estabelecida,700,https://www.aliexpress.us/item/3256807852474797.html
Termostato WiFi Tuya 2026 com Controle de Temperatura e Umidade - Knob LED e Voz,3256811670951315,Tuya Zigbee or WiFi Smart Temperature Humidity Sensor Indoor H...,0.99,5.54,5.0,Estabelecida,10,https://www.aliexpress.us/item/3256811670951315.html
Termostato WiFi Tuya 2026 com Controle de Temperatura e Umidade - Knob LED e Voz,3256806442203572,Tuya WiFi Smart Temperature And Humidity Sensor Battery Powere...,2.13,11.93,4.7,Estabelecida,1,https://www.aliexpress.us/item/3256806442203572.html
Termostato WiFi Tuya 2026 com Controle de Temperatura e Umidade - Knob LED e Voz,3256811356491562,WiFi LCD Indoor Digital Electronic Temperature and Humidity Se...,1.26,7.06,4.7,Estabelecida,78,https://www.aliexpress.us/item/3256811356491562.html
Termostato WiFi Tuya 2026 com Controle de Temperatura e Umidade - Knob LED e Voz,3256808701212089,Smart Home 2.4G WIFI Temperature And Humidity Sensor Tuya APP ...,0.99,5.54,4.7,Estabelecida,2,https://www.aliexpress.us/item/3256808701212089.html
Termostato WiFi Tuya 2026 com Controle de Temperatura e Umidade - Knob LED e Voz,3256808091729906,MOES Tuya WiFi Smart Thermostat Programmable Temperature Contr...,41.61,233.02,0.0,Nova,17,https://www.aliexpress.us/item/3256808091729906.html
Termostato WiFi Tuya 2026 com Controle de Temperatura e Umidade - Knob LED e Voz,3256809645476762,Tuya Zigbee 3.0 WiFi Temperature Humidity Sensor Smart Thermom...,3.33,18.65,4.7,Estabelecida,5,https://www.aliexpress.us/item/3256809645476762.html
Termostato WiFi Tuya 2026 com Controle de Temperatura e Umidade - Knob LED e Voz,3256806589583218,Tuya WIFI Temperature Sensor Thermometer Controller Freezer Fr...,38.55,215.88,4.9,Estabelecida,1,https://www.aliexpress.us/item/3256806589583218.html
Termostato WiFi Tuya 2026 com Controle de Temperatura e Umidade - Knob LED e Voz,3256810086832621,Manhot WIFI Smart Thermostat For Water/Electric Floor Heating ...,21.4,119.84,4.5,Estabelecida,27,https://www.aliexpress.us/item/3256810086832621.html
Termostato WiFi Tuya 2026 com Controle de Temperatura e Umidade - Knob LED e Voz,3256809457655166,Dry Contact Zigbee Tuya Intelligent Switch With Temperature Hu...,13.47,75.43,5.0,Estabelecida,31,https://www.aliexpress.us/item/3256809457655166.html
Termostato WiFi Tuya 2026 com Controle de Temperatura e Umidade - Knob LED e Voz,3256810297030961,Tuya Smart WiFi Thermostat 3/16/25A Electric Gas Boiler Water ...,34.64,193.98,0.0,Nova,4,https://www.aliexpress.us/item/3256810297030961.html
Termostato WiFi Tuya 2026 com Controle de Temperatura e Umidade - Knob LED e Voz,3256807751675838,AVATTO WiFi Smart Thermostat，RF Wireless Receiver Temperature ...,45.15,252.84,4.9,Estabelecida,1,https://www.aliexpress.us/item/3256807751675838.html
Termostato WiFi Tuya 2026 com Controle de Temperatura e Umidade - Knob LED e Voz,3256809626078521,Smart ZigBee Temperature Humidity Sensor Tuya Thermometer Digi...,0.99,5.54,4.5,Estabelecida,172,https://www.aliexpress.us/item/3256809626078521.html
Host de Música Ambiente Smart Home 7 Polegadas Touch 2025 - Gateway Zigbee Tuya 8 Canais,3256809139862985,Home 7 inch touch screen 2zone audio volume wall power amplifi...,135.79,760.42,5.0,Estabelecida,20,https://www.aliexpress.us/item/3256809139862985.html
Host de Música Ambiente Smart Home 7 Polegadas Touch 2025 - Gateway Zigbee Tuya 8 Canais,3256811917032202,2026 New Designed 7 inch Smart Home Background Music Player To...,287.55,1610.28,0.0,Nova,0,https://www.aliexpress.us/item/3256811917032202.html
Host de Música Ambiente Smart Home 7 Polegadas Touch 2025 - Gateway Zigbee Tuya 8 Canais,3256807013141614,Smart Home Theater Bluetooth WIFI Wall Amplifier 7inch Touch S...,245.95,1377.32,0.0,Nova,1,https://www.aliexpress.us/item/3256807013141614.html
Host de Música Ambiente Smart Home 7 Polegadas Touch 2025 - Gateway Zigbee Tuya 8 Canais,3256812145233893,MOES Tuya Smart Home Control Panel Max 10.1inch Touch Screen w...,523.73,2932.89,5.0,Estabelecida,3,https://www.aliexpress.us/item/3256812145233893.html
Host de Música Ambiente Smart Home 7 Polegadas Touch 2025 - Gateway Zigbee Tuya 8 Canais,3256812547206831,7 Inch 8*30W Wall Mount Background Music Host Android WiFi Int...,1873.64,10492.38,0.0,Nova,0,https://www.aliexpress.us/item/3256812547206831.html
Host de Música Ambiente Smart Home 7 Polegadas Touch 2025 - Gateway Zigbee Tuya 8 Canais,3256811823960440,Wall Amplifier 7-inch Two-zone Playback Touch Screen Intellige...,266.91,1494.7,0.0,Nova,1,https://www.aliexpress.us/item/3256811823960440.html
Host de Música Ambiente Smart Home 7 Polegadas Touch 2025 - Gateway Zigbee Tuya 8 Canais,3256811922941129,7 Inch Tuya Smart home control panel WIFI ZIGBEE gateway 2zone...,335.55,1879.08,0.0,Nova,1,https://www.aliexpress.us/item/3256811922941129.html
Host de Música Ambiente Smart Home 7 Polegadas Touch 2025 - Gateway Zigbee Tuya 8 Canais,3256812304602142,Tuya Smart Home Control Panel Max 10.1-inch Touch Screen Bluet...,514.41,2880.7,5.0,Estabelecida,2,https://www.aliexpress.us/item/3256812304602142.html
Host de Música Ambiente Smart Home 7 Polegadas Touch 2025 - Gateway Zigbee Tuya 8 Canais,3256806548188776,Sansui F51 7-Inch High Definition Screen Wireless Speakers Mul...,53.64,300.38,4.6,Estabelecida,66,https://www.aliexpress.us/item/3256806548188776.html
Host de Música Ambiente Smart Home 7 Polegadas Touch 2025 - Gateway Zigbee Tuya 8 Canais,3256812287337936,For Fiat 500C 2007-2015 7inch Android Horizontal Screen with M...,106.76,597.86,0.0,Nova,1,https://www.aliexpress.us/item/3256812287337936.html
Host de Música Ambiente Smart Home 7 Polegadas Touch 2025 - Gateway Zigbee Tuya 8 Canais,3256812547286388,7 Inch Two-Zone Wall Mount Smart Home System Android Touch Scr...,1413.29,7914.42,0.0,Nova,0,https://www.aliexpress.us/item/3256812547286388.html
Host de Música Ambiente Smart Home 7 Polegadas Touch 2025 - Gateway Zigbee Tuya 8 Canais,3256810441941339,7 Inch Android 11 Wall Screen Panel WiFi Zigbee Hub Tuya Smart...,343.45,1923.32,5.0,Estabelecida,3,https://www.aliexpress.us/item/3256810441941339.html
Host de Música Ambiente Smart Home 7 Polegadas Touch 2025 - Gateway Zigbee Tuya 8 Canais,3256806572618404,SANSUI Portable FM/MW/SW Radio 7-inch HD LED Display Radio Wir...,50.24,281.34,4.8,Estabelecida,41,https://www.aliexpress.us/item/3256806572618404.html
Host de Música Ambiente Smart Home 7 Polegadas Touch 2025 - Gateway Zigbee Tuya 8 Canais,3256808220105423,7 inchs Birthday Video Book Card 4GB Lcd Invitation Gift Music...,27.59,154.5,4.9,Estabelecida,1,https://www.aliexpress.us/item/3256808220105423.html
Host de Música Ambiente Smart Home 7 Polegadas Touch 2025 - Gateway Zigbee Tuya 8 Canais,3256809197576193,HIPPCRON 7 Inch Car Multimedia Player HD Display for CarPlay A...,27.71,155.18,4.9,Estabelecida,1,https://www.aliexpress.us/item/3256809197576193.html
Host de Música Ambiente Smart Home 7 Polegadas Touch 2025 - Gateway Zigbee Tuya 8 Canais,3256806541539301,PRITOM Tablet for Kids 7 Inch Android 13 32 GB WiFi Bluetooth ...,44.23,247.69,4.9,Estabelecida,3,https://www.aliexpress.us/item/3256806541539301.html
Host de Música Ambiente Smart Home 7 Polegadas Touch 2025 - Gateway Zigbee Tuya 8 Canais,3256812466907674,"BQCC 7"" MP5 Car Radio Suppor CarPlay Android Auto Fit Toyota C...",54.26,303.86,0.0,Nova,5,https://www.aliexpress.us/item/3256812466907674.html
Host de Música Ambiente Smart Home 7 Polegadas Touch 2025 - Gateway Zigbee Tuya 8 Canais,3256806274590553,7 Inch HD Digital Photo Frame 800x480 LED Smart Electronic Pho...,38.22,214.03,4.5,Estabelecida,139,https://www.aliexpress.us/item/3256806274590553.html
Host de Música Ambiente Smart Home 7 Polegadas Touch 2025 - Gateway Zigbee Tuya 8 Canais,3256807002320635,Tuya Smart Home WiFi Wireless Control LED Neon Strip Light DC5...,9.25,51.8,4.8,Estabelecida,219,https://www.aliexpress.us/item/3256807002320635.html
Host de Música Ambiente Smart Home 7 Polegadas Touch 2025 - Gateway Zigbee Tuya 8 Canais,3256809532737863,No WiFi 7 Inch Baby Monitor 2-Way Audio Night Vision 4X Zoom  ...,96.88,542.53,4.9,Estabelecida,336,https://www.aliexpress.us/item/3256809532737863.html
Host de Música Ambiente Smart Home 7 Polegadas Touch 2025 - Gateway Zigbee Tuya 8 Canais,3256809496803399,KERUI Tuya WiFi+4G Home Alarm System with 7 inch Large Touch S...,388.15,2173.64,5.0,Estabelecida,19,https://www.aliexpress.us/item/3256809496803399.html
Host de Música Ambiente Smart Home 7 Polegadas Touch 2025 - Gateway Zigbee Tuya 8 Canais,3256807243258699,Staniot LoRa Version 7 inch Security Alarm System WiFi 4G Tuya...,49.78,278.77,4.9,Estabelecida,286,https://www.aliexpress.us/item/3256807243258699.html
Host de Música Ambiente Smart Home 7 Polegadas Touch 2025 - Gateway Zigbee Tuya 8 Canais,3256812527562542,Heal The World Michael Jackson Album Cover Unisex Short Sleeve...,1.61,9.02,0.0,Nova,2,https://www.aliexpress.us/item/3256812527562542.html
Host de Música Ambiente Smart Home 7 Polegadas Touch 2025 - Gateway Zigbee Tuya 8 Canais,3256806808357105,GRANDnavi Android13 Car Radio GPS For VW Volkswagen Skoda Octa...,146.98,823.09,4.9,Estabelecida,2,https://www.aliexpress.us/item/3256806808357105.html
Host de Música Ambiente Smart Home 7 Polegadas Touch 2025 - Gateway Zigbee Tuya 8 Canais,3256806956978738,TG117 Portable Bluetooth Speaker Outdoor Wireless Woofer Free ...,8.71,48.78,4.6,Estabelecida,900,https://www.aliexpress.us/item/3256806956978738.html
Host de Música Ambiente Smart Home 7 Polegadas Touch 2025 - Gateway Zigbee Tuya 8 Canais,3256806857594026,LIGE 2026 Smart Watch Women Men Ladies Gift Sport Fitness Men ...,16.19,90.66,4.6,Estabelecida,5,https://www.aliexpress.us/item/3256806857594026.html
Host de Música Ambiente Smart Home 7 Polegadas Touch 2025 - Gateway Zigbee Tuya 8 Canais,3256810554564042,7 Inch Carplay For Hyundai IX35 Tucson 2 LM 2009 - 2015 Stereo...,106.74,597.74,4.8,Estabelecida,142,https://www.aliexpress.us/item/3256810554564042.html
Host de Música Ambiente Smart Home 7 Polegadas Touch 2025 - Gateway Zigbee Tuya 8 Canais,3256807742054616,IPS 7 Inch Portable WIFI Wireless Carplay Android Auto Car Rad...,38.64,216.38,4.5,Estabelecida,700,https://www.aliexpress.us/item/3256807742054616.html
Host de Música Ambiente Smart Home 7 Polegadas Touch 2025 - Gateway Zigbee Tuya 8 Canais,3256810555733277,New 4G PGD Smart Watch Dual Camera 64GB/16GB Memory GPS WiFi I...,52.07,291.59,5.0,Estabelecida,14,https://www.aliexpress.us/item/3256810555733277.html
Host de Música Ambiente Smart Home 7 Polegadas Touch 2025 - Gateway Zigbee Tuya 8 Canais,3256806824216848,7 Inch Portable Display IPS LCD Capacitive Touch Screen 1024x6...,31.56,176.74,5.0,Estabelecida,185,https://www.aliexpress.us/item/3256806824216848.html
Host de Música Ambiente Smart Home 7 Polegadas Touch 2025 - Gateway Zigbee Tuya 8 Canais,3256809762648687,ESP32-S3 7 Inch 1024x600 IPS Screen Touch Display LX7 Dual-Cor...,44.0,246.4,4.8,Estabelecida,441,https://www.aliexpress.us/item/3256809762648687.html
Host de Música Ambiente Smart Home 7 Polegadas Touch 2025 - Gateway Zigbee Tuya 8 Canais,3256807894924627,M02 Bluetooth Speaker Optimus Prime Mini Wireless Speakers Ste...,11.21,62.78,4.7,Estabelecida,89,https://www.aliexpress.us/item/3256807894924627.html
Host de Música Ambiente Smart Home 7 Polegadas Touch 2025 - Gateway Zigbee Tuya 8 Canais,3256810555407572,Linux Interface Box for Lexus IS 2005 -2019 Wireless CarPlay D...,283.8,1589.28,5.0,Estabelecida,27,https://www.aliexpress.us/item/3256810555407572.html
Host de Música Ambiente Smart Home 7 Polegadas Touch 2025 - Gateway Zigbee Tuya 8 Canais,2255800910370305,Bluetooth Magic Keyboard Case For iPad Pro Air 3 10.5 7 8 9 Ge...,54.88,307.33,4.8,Estabelecida,406,https://www.aliexpress.us/item/2255800910370305.html
Host de Música Ambiente Smart Home 7 Polegadas Touch 2025 - Gateway Zigbee Tuya 8 Canais,3256812602731730,"BQCC 7"" 2Din Multifunctional Car MP5 Player For Jeep Wrangler ...",83.21,465.98,0.0,Nova,2,https://www.aliexpress.us/item/3256812602731730.html
Host de Música Ambiente Smart Home 7 Polegadas Touch 2025 - Gateway Zigbee Tuya 8 Canais,3256811594057105,"10-inch tuya smart background music control touch screen host,...",511.4,2863.84,0.0,Nova,0,https://www.aliexpress.us/item/3256811594057105.html
Host de Música Ambiente Smart Home 7 Polegadas Touch 2025 - Gateway Zigbee Tuya 8 Canais,3256808749514769,BQCC 7'' Car Player for Opel Astra H J Vectra Vauxhall Antara ...,105.53,590.97,4.5,Estabelecida,10,https://www.aliexpress.us/item/3256808749514769.html
Host de Música Ambiente Smart Home 7 Polegadas Touch 2025 - Gateway Zigbee Tuya 8 Canais,3256807810959589,Divoom Times Gate Gaming Room Setup Digital Clock with Smart A...,126.97,711.03,4.9,Estabelecida,293,https://www.aliexpress.us/item/3256807810959589.html
Host de Música Ambiente Smart Home 7 Polegadas Touch 2025 - Gateway Zigbee Tuya 8 Canais,3256807754413827,Portable Monitor 7 Inch 1024x600 IPS LCD HDMI-compatible VGA A...,40.68,227.81,5.0,Estabelecida,45,https://www.aliexpress.us/item/3256807754413827.html
Host de Música Ambiente Smart Home 7 Polegadas Touch 2025 - Gateway Zigbee Tuya 8 Canais,3256807290750314,BQCC 7inch Car Radio Multimedia Video Player Wireless Carplay ...,38.54,215.82,4.9,Estabelecida,173,https://www.aliexpress.us/item/3256807290750314.html
Host de Música Ambiente Smart Home 7 Polegadas Touch 2025 - Gateway Zigbee Tuya 8 Canais,2251832669153063,"Podofo Autoradio 2 Din Car Radio 7"" HD Touch Screen Audio Ster...",36.03,201.77,4.5,Estabelecida,67,https://www.aliexpress.us/item/2251832669153063.html
"Gateway Smart Home Tuya WiFi Touch 7 Polegadas - Zigbee, Alexa e Música para Hotéis",3256810170242230,7 Inch Tuya Smart Home Multi-functional Control Panel Touch Sc...,983.9,5509.84,0.0,Nova,4,https://www.aliexpress.us/item/3256810170242230.html
"Gateway Smart Home Tuya WiFi Touch 7 Polegadas - Zigbee, Alexa e Música para Hotéis",3256808133403228,SMLIGHT SLZB-06/06M/06P7/06P10 Zigbee-to-Ethernet/WIFI/USB Gat...,37.16,208.1,5.0,Estabelecida,700,https://www.aliexpress.us/item/3256808133403228.html
"Gateway Smart Home Tuya WiFi Touch 7 Polegadas - Zigbee, Alexa e Música para Hotéis",3256812334333502,2026 Tuya Smart Home Zigbee Gateway 4/6/7/8/10inch IPS Touch S...,128.02,716.91,0.0,Nova,0,https://www.aliexpress.us/item/3256812334333502.html
"Gateway Smart Home Tuya WiFi Touch 7 Polegadas - Zigbee, Alexa e Música para Hotéis",3256812413173508,"2025 Hot 7"" Inch Touch Screen Panel Wall Central Music Center ...",520.65,2915.64,0.0,Nova,0,https://www.aliexpress.us/item/3256812413173508.html
"Gateway Smart Home Tuya WiFi Touch 7 Polegadas - Zigbee, Alexa e Música para Hotéis",3256809376687870,2025 New 7 Inch Touch Screen Smart Control Panel Tuya Zigbee G...,433.81,2429.34,0.0,Nova,6,https://www.aliexpress.us/item/3256809376687870.html
"Gateway Smart Home Tuya WiFi Touch 7 Polegadas - Zigbee, Alexa e Música para Hotéis",3256806823780740,Tuya Zigbee 3.0 Gateway Hub Smart Home Wireless Bridge Smart L...,10.27,57.51,4.9,Estabelecida,3,https://www.aliexpress.us/item/3256806823780740.html
"Gateway Smart Home Tuya WiFi Touch 7 Polegadas - Zigbee, Alexa e Música para Hotéis",3256810176930269,7INCH Display Android 11 System with TUYA ZIGBEE Wi Fi Functio...,248.06,1389.14,5.0,Estabelecida,6,https://www.aliexpress.us/item/3256810176930269.html
"Gateway Smart Home Tuya WiFi Touch 7 Polegadas - Zigbee, Alexa e Música para Hotéis",3256809030223947,Wired Matter Gateway Compatible with Apple Homekit Tuya Zigbee...,67.49,377.94,0.0,Nova,3,https://www.aliexpress.us/item/3256809030223947.html
"Gateway Smart Home Tuya WiFi Touch 7 Polegadas - Zigbee, Alexa e Música para Hotéis",2255800266583788,MOES Tuya ZigBee Wireless Gateway Hub Wired Multi-mode Bridge ...,13.13,73.53,4.8,Estabelecida,440,https://www.aliexpress.us/item/2255800266583788.html
"Gateway Smart Home Tuya WiFi Touch 7 Polegadas - Zigbee, Alexa e Música para Hotéis",3256804756333678,"SMLIGHT SLZB-06/M/P7 Zigbee 3.0 to Ethernet,USB,and WiFi gatew...",27.62,154.67,4.9,Estabelecida,10,https://www.aliexpress.us/item/3256804756333678.html
"Gateway Smart Home Tuya WiFi Touch 7 Polegadas - Zigbee, Alexa e Música para Hotéis",3256809800577918,MOES Multi-mode Smart Gateway ZigBee WiFi Bluetooth Mesh Hub W...,10.44,58.46,4.9,Estabelecida,301,https://www.aliexpress.us/item/3256809800577918.html
"Gateway Smart Home Tuya WiFi Touch 7 Polegadas - Zigbee, Alexa e Música para Hotéis",3256810072996571,7 Inch Android 11 Tuya Smart Home Control Panel with Music Pla...,440.8,2468.48,5.0,Estabelecida,20,https://www.aliexpress.us/item/3256810072996571.html
"Gateway Smart Home Tuya WiFi Touch 7 Polegadas - Zigbee, Alexa e Música para Hotéis",3256811632768750,2026 New 7 Inch Touch Screen Music Center Control Panel with 8...,407.09,2279.7,0.0,Nova,3,https://www.aliexpress.us/item/3256811632768750.html
"Gateway Smart Home Tuya WiFi Touch 7 Polegadas - Zigbee, Alexa e Música para Hotéis",3256812463826704,Tuya app Smart Life Home Gateway Stable Signal Coverage Smart ...,11.02,61.71,0.0,Nova,12,https://www.aliexpress.us/item/3256812463826704.html
"Gateway Smart Home Tuya WiFi Touch 7 Polegadas - Zigbee, Alexa e Música para Hotéis",3256809656443987,SucceBuy 7-in-1 Wi-Fi Weather Station 7.5 in Color Display + S...,47.03,263.37,4.9,Estabelecida,10,https://www.aliexpress.us/item/3256809656443987.html
"Gateway Smart Home Tuya WiFi Touch 7 Polegadas - Zigbee, Alexa e Música para Hotéis",3256806721639163,MOES Tuya Wifi Smart 5-inch Touch Screen US Center Control Pan...,181.03,1013.77,4.9,Estabelecida,284,https://www.aliexpress.us/item/3256806721639163.html
"Gateway Smart Home Tuya WiFi Touch 7 Polegadas - Zigbee, Alexa e Música para Hotéis",3256812062307224,MOES Tuya ZigBee Smart Knob Switch Wireless Scene Switch Butto...,22.2,124.32,0.0,Nova,3,https://www.aliexpress.us/item/3256812062307224.html
"Gateway Smart Home Tuya WiFi Touch 7 Polegadas - Zigbee, Alexa e Música para Hotéis",3256811706433877,SONOFF ZBBridge-P Zigbee Gateway Bridge Pro Up to 128 sub-devi...,20.35,113.96,4.8,Estabelecida,263,https://www.aliexpress.us/item/3256811706433877.html
"Gateway Smart Home Tuya WiFi Touch 7 Polegadas - Zigbee, Alexa e Música para Hotéis",3256806984988720,MOES Tuya Wifi Smart 5-inch Touch Screen US Center Control Pan...,169.46,948.98,4.9,Estabelecida,1,https://www.aliexpress.us/item/3256806984988720.html
"Gateway Smart Home Tuya WiFi Touch 7 Polegadas - Zigbee, Alexa e Música para Hotéis",3256810218312576,New type Tuya Smart Control Panel Zigbee Gateway 8 button Mult...,205.16,1148.9,5.0,Estabelecida,7,https://www.aliexpress.us/item/3256810218312576.html
"Gateway Smart Home Tuya WiFi Touch 7 Polegadas - Zigbee, Alexa e Música para Hotéis",2255800784319931,Tuya Smart Zigbee Gateway Hub Wifi Smart Home Bridge Smart Lif...,12.4,69.44,4.8,Estabelecida,48,https://www.aliexpress.us/item/2255800784319931.html
"Gateway Smart Home Tuya WiFi Touch 7 Polegadas - Zigbee, Alexa e Música para Hotéis",3256810088445882,NEW Tuya Smart Home Amplifier Control Panel Max 10.1inch Touch...,486.81,2726.14,0.0,Nova,16,https://www.aliexpress.us/item/3256810088445882.html
"Gateway Smart Home Tuya WiFi Touch 7 Polegadas - Zigbee, Alexa e Música para Hotéis",3256810336255039,Tuya Smart ZigBee Bluetooth Multi-Mode Gateway Hub Type-C Powe...,22.88,128.13,0.0,Nova,1,https://www.aliexpress.us/item/3256810336255039.html
"Gateway Smart Home Tuya WiFi Touch 7 Polegadas - Zigbee, Alexa e Música para Hotéis",3256805438932543,MOES New Multi-mode Smart Gateway ZigBee Bluetooth Mesh Hub Wo...,11.24,62.94,4.8,Estabelecida,3,https://www.aliexpress.us/item/3256805438932543.html
"Gateway Smart Home Tuya WiFi Touch 7 Polegadas - Zigbee, Alexa e Música para Hotéis",3256812183362860,Zigbee Siren Alarm 110dB Vibration Sensor Optional TUYA Smart ...,0.99,5.54,5.0,Estabelecida,51,https://www.aliexpress.us/item/3256812183362860.html
"Gateway Smart Home Tuya WiFi Touch 7 Polegadas - Zigbee, Alexa e Música para Hotéis",3256808139581428,2.4G 5G Tuya ZigBee Bluetooth Wireless Gateway Hub Multi-Mode ...,18.77,105.11,5.0,Estabelecida,700,https://www.aliexpress.us/item/3256808139581428.html
"Gateway Smart Home Tuya WiFi Touch 7 Polegadas - Zigbee, Alexa e Música para Hotéis",3256806823775275,MOES Tuya ZigBee Wireless Gateway Hub Wired Multi-mode Bridge ...,27.19,152.26,4.9,Estabelecida,2,https://www.aliexpress.us/item/3256806823775275.html
"Gateway Smart Home Tuya WiFi Touch 7 Polegadas - Zigbee, Alexa e Música para Hotéis",3256808359865504,Newest  3.5 Inch Smart Wall Switch Touch Screen 4 Groups Switc...,45.81,256.54,5.0,Estabelecida,31,https://www.aliexpress.us/item/3256808359865504.html
"Gateway Smart Home Tuya WiFi Touch 7 Polegadas - Zigbee, Alexa e Música para Hotéis",3256809848172879,Home 2 Zone Audio Inwall Amplifier 7 Inch Android 11 Alexa Voi...,316.83,1774.25,4.8,Estabelecida,75,https://www.aliexpress.us/item/3256809848172879.html
"Gateway Smart Home Tuya WiFi Touch 7 Polegadas - Zigbee, Alexa e Música para Hotéis",3256805182591314,Staniot 7 inch Home Alarm System Wireless WiFi 4G Tuya Smart S...,88.43,495.21,4.8,Estabelecida,800,https://www.aliexpress.us/item/3256805182591314.html
"Gateway Smart Home Tuya WiFi Touch 7 Polegadas - Zigbee, Alexa e Música para Hotéis",3256805927050653,X5 Project Tuya Zigbee Gateway With Enhanced Strong Signal Wir...,76.68,429.41,4.8,Estabelecida,500,https://www.aliexpress.us/item/3256805927050653.html
"Gateway Smart Home Tuya WiFi Touch 7 Polegadas - Zigbee, Alexa e Música para Hotéis",3256812225737847,1080P Tuya Smart Doorbell Camera Home Video Intercom 5G Wifi 2...,124.33,696.25,5.0,Estabelecida,9,https://www.aliexpress.us/item/3256812225737847.html
"Gateway Smart Home Tuya WiFi Touch 7 Polegadas - Zigbee, Alexa e Música para Hotéis",3256812286256581,Tuya Multi‑Mode Matter Gateway Zigbee Bluetooth 2.4G/5G WiFi S...,57.29,320.82,0.0,Nova,2,https://www.aliexpress.us/item/3256812286256581.html
"Gateway Smart Home Tuya WiFi Touch 7 Polegadas - Zigbee, Alexa e Música para Hotéis",3256807484150648,Tuya Smart Home Control Panel 10inch multilingual Touch Screen...,612.68,3431.01,0.0,Nova,4,https://www.aliexpress.us/item/3256807484150648.html
"Gateway Smart Home Tuya WiFi Touch 7 Polegadas - Zigbee, Alexa e Música para Hotéis",3256810536056296,Tuya ZigBee BLE Smart Home Gateway/Hub Wireless Smart Home App...,24.38,136.53,4.7,Estabelecida,146,https://www.aliexpress.us/item/3256810536056296.html
"Gateway Smart Home Tuya WiFi Touch 7 Polegadas - Zigbee, Alexa e Música para Hotéis",3256808663870829,IN STOCK Tuya 10.1 Inches Smart Home Control Panel Touch Scree...,323.2,1809.92,5.0,Estabelecida,6,https://www.aliexpress.us/item/3256808663870829.html
"Gateway Smart Home Tuya WiFi Touch 7 Polegadas - Zigbee, Alexa e Música para Hotéis",3256812469413429,Tuya Zigbee Matter Wired Gateway Smart Hub Voice Control Smart...,27.74,155.34,5.0,Estabelecida,45,https://www.aliexpress.us/item/3256812469413429.html
"Gateway Smart Home Tuya WiFi Touch 7 Polegadas - Zigbee, Alexa e Música para Hotéis",3256812195991399,Tuya Zigbee Matter Wired Gateway Smart Hub Voice Control Smart...,17.76,99.46,5.0,Estabelecida,45,https://www.aliexpress.us/item/3256812195991399.html
"Gateway Smart Home Tuya WiFi Touch 7 Polegadas - Zigbee, Alexa e Música para Hotéis",3256809885128615,MOES Tuya WiFi Smart Thermostat Center Control Panel Water Gas...,268.77,1505.11,5.0,Estabelecida,5,https://www.aliexpress.us/item/3256809885128615.html
"Gateway Smart Home Tuya WiFi Touch 7 Polegadas - Zigbee, Alexa e Música para Hotéis",3256811506398796,Zigbee 24G Mmwave Radar Presence Sensor Human Detector Motion/...,1.33,7.45,4.9,Estabelecida,10,https://www.aliexpress.us/item/3256811506398796.html
"Gateway Smart Home Tuya WiFi Touch 7 Polegadas - Zigbee, Alexa e Música para Hotéis",3256812017732246,Tuya Dual Band Wireless Multi-mode Gateway 2.4GHz / 5GHz Wi-Fi...,24.84,139.1,0.0,Nova,4,https://www.aliexpress.us/item/3256812017732246.html
"Gateway Smart Home Tuya WiFi Touch 7 Polegadas - Zigbee, Alexa e Música para Hotéis",3256807618544981,Tuya WiFi IR Remote Control Smart Remote Universal Infrared Co...,2.37,13.27,4.7,Estabelecida,10,https://www.aliexpress.us/item/3256807618544981.html
"Gateway Smart Home Tuya WiFi Touch 7 Polegadas - Zigbee, Alexa e Música para Hotéis",3256812118046450,Zigbee 16A 1CH/2CH Smart Switch Breaker Mini Smart Home Relay ...,2.33,13.05,4.9,Estabelecida,3,https://www.aliexpress.us/item/3256812118046450.html
Máquina de Café Espresso Portátil Mini 2 em 1 USB em Alumínio - Carro e Hotel,3256811636548811,Portable Espresso Machine for TravelTravel Coffee Maker 20-Bar...,29.63,165.93,4.9,Estabelecida,63,https://www.aliexpress.us/item/3256811636548811.html
Máquina de Café Espresso Portátil Mini 2 em 1 USB em Alumínio - Carro e Hotel,3256809776685303,Portable Mini Coffee Machine USB Rechargeable Wireless Espress...,41.03,229.77,0.0,Nova,4,https://www.aliexpress.us/item/3256809776685303.html
Máquina de Café Espresso Portátil Mini 2 em 1 USB em Alumínio - Carro e Hotel,3256807131189574,Wireless Electric Portable Espresso Coffee Machine for Car & H...,29.96,167.78,4.6,Estabelecida,10,https://www.aliexpress.us/item/3256807131189574.html
Máquina de Café Espresso Portátil Mini 2 em 1 USB em Alumínio - Carro e Hotel,3256808062643247,STARSEEKER Super58 Portable Electric Espresso Machine Travel C...,186.88,1046.53,4.6,Estabelecida,306,https://www.aliexpress.us/item/3256808062643247.html
Máquina de Café Espresso Portátil Mini 2 em 1 USB em Alumínio - Carro e Hotel,3256812595123996,Mijia Portable Coffee Machine USB Rechargeable Mini Maker Dual...,148.69,832.66,0.0,Nova,4,https://www.aliexpress.us/item/3256812595123996.html
Máquina de Café Espresso Portátil Mini 2 em 1 USB em Alumínio - Carro e Hotel,3256805623401270,MG731D2 Coffee Maker Electric Coffee Machine USB Portable Espr...,100.34,561.9,0.0,Nova,7,https://www.aliexpress.us/item/3256805623401270.html
Máquina de Café Espresso Portátil Mini 2 em 1 USB em Alumínio - Carro e Hotel,3256809026243081,DENOKIN Portable Espresso Coffee Machine With Digital Display ...,42.04,235.42,4.7,Estabelecida,5,https://www.aliexpress.us/item/3256809026243081.html
Máquina de Café Espresso Portátil Mini 2 em 1 USB em Alumínio - Carro e Hotel,3256812481472546,Portable Wireless Espresso Machine USB Rechargeable 2-in-1 Cof...,42.52,238.11,0.0,Nova,1,https://www.aliexpress.us/item/3256812481472546.html
Máquina de Café Espresso Portátil Mini 2 em 1 USB em Alumínio - Carro e Hotel,3256805774252070,Capsulone Pneumatic USB Electric Coffee Machine Stainless Stee...,37.49,209.94,0.0,Nova,3,https://www.aliexpress.us/item/3256805774252070.html
Máquina de Café Espresso Portátil Mini 2 em 1 USB em Alumínio - Carro e Hotel,3256808356672008,Portable Coffee Maker Small Espresso Machine Travel USB Coffee...,56.53,316.57,0.0,Nova,2,https://www.aliexpress.us/item/3256808356672008.html
Máquina de Café Espresso Portátil Mini 2 em 1 USB em Alumínio - Carro e Hotel,3256812563566052,Wireless Electric Portable Espresso Coffee Machine for Home Ca...,40.02,224.11,0.0,Nova,0,https://www.aliexpress.us/item/3256812563566052.html
Máquina de Café Espresso Portátil Mini 2 em 1 USB em Alumínio - Carro e Hotel,3256811754040163,Portable Italian Espresso Maker USB Mini For Ground Beans And ...,53.12,297.47,5.0,Estabelecida,1,https://www.aliexpress.us/item/3256811754040163.html
Máquina de Café Espresso Portátil Mini 2 em 1 USB em Alumínio - Carro e Hotel,3256812325656462,"Mini Portable Espresso Coffee Machine, USB Powered, Electric, ...",74.14,415.18,5.0,Estabelecida,1,https://www.aliexpress.us/item/3256812325656462.html
Máquina de Café Espresso Portátil Mini 2 em 1 USB em Alumínio - Carro e Hotel,3256811457841979,Portable Coffee Maker Mini Espresso Machine Convenient Recharg...,29.38,164.53,4.5,Estabelecida,4,https://www.aliexpress.us/item/3256811457841979.html
Máquina de Café Espresso Portátil Mini 2 em 1 USB em Alumínio - Carro e Hotel,3256812387510431,STARSEEKER S58/S58Pro Portable Espresso Coffee Maker Wireless ...,168.78,945.17,4.6,Estabelecida,28,https://www.aliexpress.us/item/3256812387510431.html
Máquina de Café Espresso Portátil Mini 2 em 1 USB em Alumínio - Carro e Hotel,3256811496777073,"NEW MUVNA Espresso Creed Portable Espresso Maker,58mm 20Bar Co...",447.19,2504.26,0.0,Nova,1,https://www.aliexpress.us/item/3256811496777073.html
Máquina de Café Espresso Portátil Mini 2 em 1 USB em Alumínio - Carro e Hotel,3256812571040211,Professional Espresso Machine with 58mm Size Filter Basket 20 ...,75.25,421.4,0.0,Nova,0,https://www.aliexpress.us/item/3256812571040211.html
Máquina de Café Espresso Portátil Mini 2 em 1 USB em Alumínio - Carro e Hotel,3256808114435615,Foldable Coffee Drip Holder Aluminum Alloy Support Stand For W...,10.33,57.85,4.8,Estabelecida,4,https://www.aliexpress.us/item/3256808114435615.html
Máquina de Café Espresso Portátil Mini 2 em 1 USB em Alumínio - Carro e Hotel,3256812216226800,2 IN 1 Portable Wireless Coffee Maker 170ML Electric Coffee Ma...,80.52,450.91,0.0,Nova,0,https://www.aliexpress.us/item/3256812216226800.html
Máquina de Café Espresso Portátil Mini 2 em 1 USB em Alumínio - Carro e Hotel,3256811645082615,Mini Lightweight Portable Electric Capsule & Ground Dual-Use C...,62.64,350.78,0.0,Nova,3,https://www.aliexpress.us/item/3256811645082615.html
Máquina de Café Espresso Portátil Mini 2 em 1 USB em Alumínio - Carro e Hotel,3256812381090398,STARSEEKER S51 Portable Coffee Maker Travel Electric Capsule E...,146.01,817.66,0.0,Nova,5,https://www.aliexpress.us/item/3256812381090398.html
Máquina de Café Espresso Portátil Mini 2 em 1 USB em Alumínio - Carro e Hotel,3256809479537455,"HiBREW Multiple Capsule Coffee Machine, Hot/Cold Dolce Gusto M...",73.49,411.54,4.9,Estabelecida,5,https://www.aliexpress.us/item/3256809479537455.html
Máquina de Café Espresso Portátil Mini 2 em 1 USB em Alumínio - Carro e Hotel,3256812602365400,Portable Capsule Coffee Machine Electric Mini Espresso Maker B...,64.26,359.86,0.0,Nova,0,https://www.aliexpress.us/item/3256812602365400.html
Máquina de Café Espresso Portátil Mini 2 em 1 USB em Alumínio - Carro e Hotel,3256812012791028,New LED Display Portable Semi-Automatic Espresso Machine 20Bar...,46.08,258.05,0.0,Nova,0,https://www.aliexpress.us/item/3256812012791028.html
Máquina de Café Espresso Portátil Mini 2 em 1 USB em Alumínio - Carro e Hotel,3256812024359472,"Portable Hand Press Coffee Machine, Electric Espresso Coffee C...",57.37,321.27,0.0,Nova,0,https://www.aliexpress.us/item/3256812024359472.html
Máquina de Café Espresso Portátil Mini 2 em 1 USB em Alumínio - Carro e Hotel,3256812407945784,JustEvo Portable Espresso Machine 3-In-1 Travel Coffee Maker C...,26.54,148.62,4.9,Estabelecida,500,https://www.aliexpress.us/item/3256812407945784.html
Máquina de Café Espresso Portátil Mini 2 em 1 USB em Alumínio - Carro e Hotel,3256812167384709,Super58 Portable Electric Espresso Machine Travel Coffee Maker...,248.53,1391.77,0.0,Nova,0,https://www.aliexpress.us/item/3256812167384709.html
Máquina de Café Espresso Portátil Mini 2 em 1 USB em Alumínio - Carro e Hotel,3256811555823665,Mini Portable Battery/USB/Electric Powered Fully Automatic Esp...,92.31,516.94,0.0,Nova,0,https://www.aliexpress.us/item/3256811555823665.html
Máquina de Café Espresso Portátil Mini 2 em 1 USB em Alumínio - Carro e Hotel,3256810242967773,ZeroHero Heropresso Pro Portable Espresso Coffee Machine 20Bar...,245.38,1374.13,0.0,Nova,0,https://www.aliexpress.us/item/3256810242967773.html
Máquina de Café Espresso Portátil Mini 2 em 1 USB em Alumínio - Carro e Hotel,3256807448655415,Wireless Electric Portable Espresso Coffee Machine for Car & H...,30.52,170.91,4.9,Estabelecida,10,https://www.aliexpress.us/item/3256807448655415.html
Máquina de Café Espresso Portátil Mini 2 em 1 USB em Alumínio - Carro e Hotel,3256811397950254,Mini Portable USB ABS Energy Efficient Class Espresso Coffee M...,105.28,589.57,0.0,Nova,0,https://www.aliexpress.us/item/3256811397950254.html
Máquina de Café Espresso Portátil Mini 2 em 1 USB em Alumínio - Carro e Hotel,3256812607047332,Portable USB Electric Cafeteira Bean Grinder 40 Gears Cafetera...,21.03,117.77,0.0,Nova,0,https://www.aliexpress.us/item/3256812607047332.html
Máquina de Café Espresso Portátil Mini 2 em 1 USB em Alumínio - Carro e Hotel,3256812150889462,20Bar Portable Battery/USB Powered Travel Capsule Coffee Maker...,227.95,1276.52,0.0,Nova,0,https://www.aliexpress.us/item/3256812150889462.html
Máquina de Café Espresso Portátil Mini 2 em 1 USB em Alumínio - Carro e Hotel,3256811436995176,"IKAPE Kapo K2 Portable Coffee Machine Accessories, Foldable St...",4.33,24.25,4.8,Estabelecida,428,https://www.aliexpress.us/item/3256811436995176.html
Máquina de Café Espresso Portátil Mini 2 em 1 USB em Alumínio - Carro e Hotel,3256810063677803,USB Rechargeable Portable Espresso Machine 20 Bar Pressure ABS...,35.51,198.86,0.0,Nova,0,https://www.aliexpress.us/item/3256810063677803.html
Máquina de Café Espresso Portátil Mini 2 em 1 USB em Alumínio - Carro e Hotel,3256812150785978,Self Heating Portable Espresso Machine 20 Bar Rechargeable USB...,180.67,1011.75,0.0,Nova,0,https://www.aliexpress.us/item/3256812150785978.html
Máquina de Café Espresso Portátil Mini 2 em 1 USB em Alumínio - Carro e Hotel,3256811555745804,Mini French Stainless Steel Espresso/Cappuccino Maker Capsule ...,45.2,253.12,0.0,Nova,0,https://www.aliexpress.us/item/3256811555745804.html
Máquina de Café Espresso Portátil Mini 2 em 1 USB em Alumínio - Carro e Hotel,3256806943044086,"WACACO Minipresso GR2, No Electricity, Espresso Machine for Ou...",63.14,353.58,4.9,Estabelecida,447,https://www.aliexpress.us/item/3256806943044086.html
Máquina de Café Espresso Portátil Mini 2 em 1 USB em Alumínio - Carro e Hotel,3256811555354851,Modern Semi-Automatic Espresso Maker - USB-Powered High-Pressu...,238.16,1333.7,0.0,Nova,0,https://www.aliexpress.us/item/3256811555354851.html
Máquina de Café Espresso Portátil Mini 2 em 1 USB em Alumínio - Carro e Hotel,3256812642047261,Electric Espresso Machine with LED Display and 90ml Sink Elect...,38.93,218.01,0.0,Nova,0,https://www.aliexpress.us/item/3256812642047261.html
Máquina de Café Espresso Portátil Mini 2 em 1 USB em Alumínio - Carro e Hotel,3256812544974173,Electric Espresso Machine with LED Display and 90ml Sink Mini ...,40.53,226.97,0.0,Nova,0,https://www.aliexpress.us/item/3256812544974173.html
Máquina de Café Espresso Portátil Mini 2 em 1 USB em Alumínio - Carro e Hotel,2251832702325256,"WACACO Picopresso Portable Espresso Maker, Specialty Coffee Ma...",150.63,843.53,4.8,Estabelecida,461,https://www.aliexpress.us/item/2251832702325256.html
Máquina de Café Espresso Portátil Mini 2 em 1 USB em Alumínio - Carro e Hotel,3256812629289104,Portable Mini USB Coffee Maker Espresso Outdoor Travel New Pro...,194.71,1090.38,0.0,Nova,0,https://www.aliexpress.us/item/3256812629289104.html
Máquina de Café Espresso Portátil Mini 2 em 1 USB em Alumínio - Carro e Hotel,3256812571843427,Portable   Coffee Machine With Usb Rechargeable Espresso Powde...,326.89,1830.58,0.0,Nova,0,https://www.aliexpress.us/item/3256812571843427.html
Máquina de Café Espresso Portátil Mini 2 em 1 USB em Alumínio - Carro e Hotel,3256812027067467,MG731D2 Coffee Maker Electric Coffee Machine USB Portable Espr...,98.74,552.94,0.0,Nova,0,https://www.aliexpress.us/item/3256812027067467.html
Máquina de Café Espresso Portátil Mini 2 em 1 USB em Alumínio - Carro e Hotel,3256812154345768,Self-heating USB Electric Travel Espresso Machine Portable Com...,46.67,261.35,0.0,Nova,0,https://www.aliexpress.us/item/3256812154345768.html
Máquina de Café Espresso Portátil Mini 2 em 1 USB em Alumínio - Carro e Hotel,3256810135129742,20 Bars Self Heating Capsule / Coffee Powder USB -C Electric E...,28.5,159.6,0.0,Nova,0,https://www.aliexpress.us/item/3256810135129742.html
Difusor de Óleo Essencial Inteligente Bluetooth WiFi sem Água - Casa e Escritório,3256806677441030,Scent Air Machine For Home Waterless Essential Oil Diffuser Wi...,68.36,382.82,4.9,Estabelecida,1,https://www.aliexpress.us/item/3256806677441030.html
Difusor de Óleo Essencial Inteligente Bluetooth WiFi sem Água - Casa e Escritório,3256810331467389,Smart Professional Aroma Diffuser WIFI Bluetooth Smell Distrib...,93.02,520.91,5.0,Estabelecida,5,https://www.aliexpress.us/item/3256810331467389.html
Difusor de Óleo Essencial Inteligente Bluetooth WiFi sem Água - Casa e Escritório,3256810568955107,Waterless Essential Oil Diffuser  Wireless Rechargeable Blueto...,110.13,616.73,0.0,Nova,7,https://www.aliexpress.us/item/3256810568955107.html
Difusor de Óleo Essencial Inteligente Bluetooth WiFi sem Água - Casa e Escritório,3256808114035361,Namste WIFI Bluetooth Essential Oil Diffuser Timer Function Ar...,36.68,205.41,4.8,Estabelecida,308,https://www.aliexpress.us/item/3256808114035361.html
Difusor de Óleo Essencial Inteligente Bluetooth WiFi sem Água - Casa e Escritório,3256809198023549,Fragrance Diffuser Coverage 300m³ Plug In Wall Waterless Essen...,28.07,157.19,4.9,Estabelecida,249,https://www.aliexpress.us/item/3256809198023549.html
Difusor de Óleo Essencial Inteligente Bluetooth WiFi sem Água - Casa e Escritório,3256810543765709,900m³ Professional Aroma Diffuser Bluetooth/wifi Smell Distrib...,92.38,517.33,4.5,Estabelecida,56,https://www.aliexpress.us/item/3256810543765709.html
Difusor de Óleo Essencial Inteligente Bluetooth WiFi sem Água - Casa e Escritório,3256810422767503,Smart Waterless Aroma Diffuser WIFI Bluetooth Control Essentia...,115.41,646.3,0.0,Nova,1,https://www.aliexpress.us/item/3256810422767503.html
Difusor de Óleo Essencial Inteligente Bluetooth WiFi sem Água - Casa e Escritório,3256806230236571,110V/220V Smart Aroma Diffuser Bluetooth WIFI Control Essentia...,39.72,222.43,0.0,Nova,5,https://www.aliexpress.us/item/3256806230236571.html
Difusor de Óleo Essencial Inteligente Bluetooth WiFi sem Água - Casa e Escritório,3256811799879527,Covers 500m³ Aroma Diffuser Smart Scent Air Machine For Hotel ...,49.8,278.88,5.0,Estabelecida,44,https://www.aliexpress.us/item/3256811799879527.html
Difusor de Óleo Essencial Inteligente Bluetooth WiFi sem Água - Casa e Escritório,3256808372092188,Smart Essential Oil Aromatherapy Machine 500ML Bluetooth WIFI ...,47.49,265.94,0.0,Nova,17,https://www.aliexpress.us/item/3256808372092188.html
Difusor de Óleo Essencial Inteligente Bluetooth WiFi sem Água - Casa e Escritório,3256805616735345,Smart Essential Oil Aromatherapy Machine 500ML Bluetooth WIFI ...,42.23,236.49,0.0,Nova,38,https://www.aliexpress.us/item/3256805616735345.html
Difusor de Óleo Essencial Inteligente Bluetooth WiFi sem Água - Casa e Escritório,3256812352625681,Smart Waterless Scent Diffuser Machine WiFi Bluetooth App Cont...,129.88,727.33,0.0,Nova,1,https://www.aliexpress.us/item/3256812352625681.html
Difusor de Óleo Essencial Inteligente Bluetooth WiFi sem Água - Casa e Escritório,3256806749735636,500ML Capacity Fragrance Diffuser Smart Scent Air Machine For ...,29.49,165.14,4.7,Estabelecida,3,https://www.aliexpress.us/item/3256806749735636.html
Difusor de Óleo Essencial Inteligente Bluetooth WiFi sem Água - Casa e Escritório,3256805388589973,Bluetooth Control Aroma Diffuser USB Wall Waterless Essential ...,64.14,359.18,4.6,Estabelecida,43,https://www.aliexpress.us/item/3256805388589973.html
Difusor de Óleo Essencial Inteligente Bluetooth WiFi sem Água - Casa e Escritório,3256812461968862,NAMSTE Radar Induction Scent Diffuser Machine Smart Waterless ...,58.19,325.86,0.0,Nova,4,https://www.aliexpress.us/item/3256812461968862.html
Difusor de Óleo Essencial Inteligente Bluetooth WiFi sem Água - Casa e Escritório,3256811756267685,500ML Waterless Fragrance Scent Machine Oil Aroma Diffuser wit...,55.98,313.49,0.0,Nova,4,https://www.aliexpress.us/item/3256811756267685.html
Difusor de Óleo Essencial Inteligente Bluetooth WiFi sem Água - Casa e Escritório,3256808465754734,1000m³ Electric Smell Scent Diffuser Machine Wall Mounted Frag...,47.86,268.02,4.5,Estabelecida,148,https://www.aliexpress.us/item/3256808465754734.html
Difusor de Óleo Essencial Inteligente Bluetooth WiFi sem Água - Casa e Escritório,3256808027282191,Bluetooth Professional Aroma Diffuser Machine 350ML Waterless ...,49.27,275.91,4.7,Estabelecida,68,https://www.aliexpress.us/item/3256808027282191.html
Difusor de Óleo Essencial Inteligente Bluetooth WiFi sem Água - Casa e Escritório,3256812224332141,Electric Essential Oil Diffuser Wall Mountable  Bluetooth APP ...,22.76,127.46,0.0,Nova,1,https://www.aliexpress.us/item/3256812224332141.html
Difusor de Óleo Essencial Inteligente Bluetooth WiFi sem Água - Casa e Escritório,3256811479546353,Office Essential Oil Diffuser Home Waterless Scent Diffuser Bl...,83.59,468.1,5.0,Estabelecida,18,https://www.aliexpress.us/item/3256811479546353.html
Difusor de Óleo Essencial Inteligente Bluetooth WiFi sem Água - Casa e Escritório,3256812344252197,Smart Aroma Diffuser Essential Oil Electric Machine 100ml Wate...,40.74,228.14,0.0,Nova,3,https://www.aliexpress.us/item/3256812344252197.html
Difusor de Óleo Essencial Inteligente Bluetooth WiFi sem Água - Casa e Escritório,3256808465716348,Electric Aroma Diffuser Bluetooth Home Fragrance Perfume Smell...,69.68,390.21,5.0,Estabelecida,27,https://www.aliexpress.us/item/3256808465716348.html
Difusor de Óleo Essencial Inteligente Bluetooth WiFi sem Água - Casa e Escritório,3256811784051249,Professional Wall Mount Waterless 350ml Essential Oil Diffuser...,51.82,290.19,4.7,Estabelecida,7,https://www.aliexpress.us/item/3256811784051249.html
Difusor de Óleo Essencial Inteligente Bluetooth WiFi sem Água - Casa e Escritório,3256812627493127,"Essential Oil Diffuser with Smart Timer, 12W Quiet Aroma Machi...",6.85,38.36,0.0,Nova,2,https://www.aliexpress.us/item/3256812627493127.html
Difusor de Óleo Essencial Inteligente Bluetooth WiFi sem Água - Casa e Escritório,3256806655444017,Hotel Collection Diffuser Bluetooth App Control Smart Scent Ai...,43.03,240.97,4.8,Estabelecida,500,https://www.aliexpress.us/item/3256806655444017.html
Difusor de Óleo Essencial Inteligente Bluetooth WiFi sem Água - Casa e Escritório,3256808321097800,Rechargeable Aroma Diffuser Bluetooth Waterless Essential Oil ...,54.81,306.94,4.8,Estabelecida,26,https://www.aliexpress.us/item/3256808321097800.html
Difusor de Óleo Essencial Inteligente Bluetooth WiFi sem Água - Casa e Escritório,3256807670688139,Scent Machine Aroma Diffuser For Hotel Home Waterless Essentia...,28.35,158.76,4.9,Estabelecida,3,https://www.aliexpress.us/item/3256807670688139.html
Difusor de Óleo Essencial Inteligente Bluetooth WiFi sem Água - Casa e Escritório,3256812014112542,NAMSTE 100m³ Smart Automatic Air Freshener Plug in Diffuser Ho...,39.48,221.09,5.0,Estabelecida,17,https://www.aliexpress.us/item/3256812014112542.html
Difusor de Óleo Essencial Inteligente Bluetooth WiFi sem Água - Casa e Escritório,3256811798077803,Smart Bluetooth Wall Plug in Waterless Essential Oil Aroma Dif...,41.43,232.01,0.0,Nova,3,https://www.aliexpress.us/item/3256811798077803.html
Difusor de Óleo Essencial Inteligente Bluetooth WiFi sem Água - Casa e Escritório,3256804579621936,Essential Oil Aroma Diffuser Smart Bluetooth & WiFi Timing Aut...,54.73,306.49,4.6,Estabelecida,97,https://www.aliexpress.us/item/3256804579621936.html
Difusor de Óleo Essencial Inteligente Bluetooth WiFi sem Água - Casa e Escritório,3256805667799744,Namste 250m³ Smart Essential Oil Diffuser With Bluetooth WIFI ...,42.35,237.16,5.0,Estabelecida,6,https://www.aliexpress.us/item/3256805667799744.html
Difusor de Óleo Essencial Inteligente Bluetooth WiFi sem Água - Casa e Escritório,3256806499821338,Waterless Essential Oil Diffuser Wall Plug Aroma Oil Diffuser ...,28.13,157.53,4.7,Estabelecida,500,https://www.aliexpress.us/item/3256806499821338.html
Difusor de Óleo Essencial Inteligente Bluetooth WiFi sem Água - Casa e Escritório,3256811375313830,Smart Waterless Aroma Diffuser WIFI Bluetooth Control Essentia...,88.39,494.98,0.0,Nova,9,https://www.aliexpress.us/item/3256811375313830.html
Difusor de Óleo Essencial Inteligente Bluetooth WiFi sem Água - Casa e Escritório,3256809748375765,Fragrance Diffuser Coverage 300m³ Plug In Wall Waterless Essen...,29.48,165.09,5.0,Estabelecida,11,https://www.aliexpress.us/item/3256809748375765.html
Difusor de Óleo Essencial Inteligente Bluetooth WiFi sem Água - Casa e Escritório,3256807109757099,Aroma Diffuser Coverage 200m³ Scent Machine Fragrance Diffuser...,19.08,106.85,4.7,Estabelecida,900,https://www.aliexpress.us/item/3256807109757099.html
Difusor de Óleo Essencial Inteligente Bluetooth WiFi sem Água - Casa e Escritório,3256806932309373,110V/220V Smart Aroma Diffuser Bluetooth WIFI Control Essentia...,47.59,266.5,0.0,Nova,0,https://www.aliexpress.us/item/3256806932309373.html
Difusor de Óleo Essencial Inteligente Bluetooth WiFi sem Água - Casa e Escritório,3256806717205744,Scent Air Machine For Home Waterless Essential Oil Diffuser Wi...,70.99,397.54,4.6,Estabelecida,600,https://www.aliexpress.us/item/3256806717205744.html
Difusor de Óleo Essencial Inteligente Bluetooth WiFi sem Água - Casa e Escritório,3256812260533153,NAMSTE 120ML Essential Oil Diffuser for Home Waterless Scent D...,83.64,468.38,5.0,Estabelecida,4,https://www.aliexpress.us/item/3256812260533153.html
Difusor de Óleo Essencial Inteligente Bluetooth WiFi sem Água - Casa e Escritório,3256807256645340,NAMSTE Bluetooth Battery Aroma Diffuser Essential Oil Aromatic...,32.14,179.98,4.7,Estabelecida,134,https://www.aliexpress.us/item/3256807256645340.html
Difusor de Óleo Essencial Inteligente Bluetooth WiFi sem Água - Casa e Escritório,3256810309163932,Smart Professional Aroma Diffuser WIFI Bluetooth Essential Oil...,87.99,492.74,5.0,Estabelecida,21,https://www.aliexpress.us/item/3256810309163932.html
Difusor de Óleo Essencial Inteligente Bluetooth WiFi sem Água - Casa e Escritório,3256808811279850,Fragrance Diffuser Coverage 300m³ Plug In Wall Waterless Essen...,34.13,191.13,4.6,Estabelecida,478,https://www.aliexpress.us/item/3256808811279850.html
Difusor de Óleo Essencial Inteligente Bluetooth WiFi sem Água - Casa e Escritório,3256810174934027,HVAC System Diffuser Smart 800ml Oil Fragrance Wifi App Pure W...,196.24,1098.94,5.0,Estabelecida,27,https://www.aliexpress.us/item/3256810174934027.html
Difusor de Óleo Essencial Inteligente Bluetooth WiFi sem Água - Casa e Escritório,3256806867079215,Smart Essential Oil Battery Diffuser Bluetooth App Control Cov...,40.25,225.4,4.8,Estabelecida,900,https://www.aliexpress.us/item/3256806867079215.html
Difusor de Óleo Essencial Inteligente Bluetooth WiFi sem Água - Casa e Escritório,3256812216191021,Fragrance Diffuser Coverage 300m³ Plug In Wall Waterless Essen...,41.29,231.22,5.0,Estabelecida,3,https://www.aliexpress.us/item/3256812216191021.html
Difusor de Óleo Essencial Inteligente Bluetooth WiFi sem Água - Casa e Escritório,3256811986510806,NAMSTE 4000m³ Fragrance Diffuser Smart Timing Scent Air Machin...,148.97,834.23,4.9,Estabelecida,900,https://www.aliexpress.us/item/3256811986510806.html
Painel de Controle Touch 7 Polegadas 2026 para Música Ambiente - Gateway Zigbee Tuya 8 Canais,3256809380903182,ANJIELO 1080P Tuya 7&10 Inch Touch 2-Wire Doorbell Video Inter...,184.87,1035.27,5.0,Estabelecida,19,https://www.aliexpress.us/item/3256809380903182.html
Painel de Controle Touch 7 Polegadas 2026 para Música Ambiente - Gateway Zigbee Tuya 8 Canais,3256807936896399,New 5in1 Fingerprint Unlock Tuya Smart 1080P 7inch LCD Wifi Vi...,165.06,924.34,4.9,Estabelecida,37,https://www.aliexpress.us/item/3256807936896399.html
Painel de Controle Touch 7 Polegadas 2026 para Música Ambiente - Gateway Zigbee Tuya 8 Canais,3256807160790220,FUERS T3E T1E Smart Control Panel Switch Smart Home Automation...,55.7,311.92,5.0,Estabelecida,19,https://www.aliexpress.us/item/3256807160790220.html
Painel de Controle Touch 7 Polegadas 2026 para Música Ambiente - Gateway Zigbee Tuya 8 Canais,3256811903492292,HIPPCRON 7 Inch Car Multimedia Player HD Display for CarPlay A...,29.12,163.07,4.8,Estabelecida,59,https://www.aliexpress.us/item/3256811903492292.html
Painel de Controle Touch 7 Polegadas 2026 para Música Ambiente - Gateway Zigbee Tuya 8 Canais,3256810534403411,7/10 Inch Bluetooth Wireless English Keyboard UP TO 10M Wirele...,0.99,5.54,5.0,Estabelecida,15,https://www.aliexpress.us/item/3256810534403411.html
Painel de Controle Touch 7 Polegadas 2026 para Música Ambiente - Gateway Zigbee Tuya 8 Canais,3256805350387392,"XIMA Pro 8Core 4G 5G 7"" Car Radio Multimedia 2 din Android 14 ...",42.29,236.82,0.0,Nova,14,https://www.aliexpress.us/item/3256805350387392.html
Painel de Controle Touch 7 Polegadas 2026 para Música Ambiente - Gateway Zigbee Tuya 8 Canais,2251832759315170,7inch Ultra-Slim Wireless Bluetooth Keyboard With Built-in Mul...,16.23,90.89,0.0,Nova,13,https://www.aliexpress.us/item/2251832759315170.html
Painel de Controle Touch 7 Polegadas 2026 para Música Ambiente - Gateway Zigbee Tuya 8 Canais,3256807944804348,7th Generation Tuya Smart Life Roller Shutter Touch Panel Swit...,13.65,76.44,4.7,Estabelecida,2,https://www.aliexpress.us/item/3256807944804348.html
Painel de Controle Touch 7 Polegadas 2026 para Música Ambiente - Gateway Zigbee Tuya 8 Canais,3256808109657204,SANSUI F55 Bluetooth Speaker 7-inch HD Video Player USB/TF Car...,83.69,468.66,5.0,Estabelecida,5,https://www.aliexpress.us/item/3256808109657204.html
Painel de Controle Touch 7 Polegadas 2026 para Música Ambiente - Gateway Zigbee Tuya 8 Canais,3256807799439615,"CAIXI 7"" Portable Wireless Carplay Android Auto Car Radio MP5 ...",30.75,172.2,4.5,Estabelecida,68,https://www.aliexpress.us/item/3256807799439615.html
Painel de Controle Touch 7 Polegadas 2026 para Música Ambiente - Gateway Zigbee Tuya 8 Canais,3256811848251075,SANSUI F55 Bluetooth Speaker 7-inch HD Video Player USB/TF Car...,87.58,490.45,5.0,Estabelecida,1,https://www.aliexpress.us/item/3256811848251075.html
Painel de Controle Touch 7 Polegadas 2026 para Música Ambiente - Gateway Zigbee Tuya 8 Canais,3256809568116819,7/10.1 inch WiFi Calendar Photo Frame Dementia Clock Time Date...,64.74,362.54,4.9,Estabelecida,95,https://www.aliexpress.us/item/3256809568116819.html
Painel de Controle Touch 7 Polegadas 2026 para Música Ambiente - Gateway Zigbee Tuya 8 Canais,3256806789713736,2 din 7 9 10 inch Car play Android Radio Multimedia CarPlay An...,72.06,403.54,4.6,Estabelecida,47,https://www.aliexpress.us/item/3256806789713736.html
Painel de Controle Touch 7 Polegadas 2026 para Música Ambiente - Gateway Zigbee Tuya 8 Canais,3256808438622450,7-Inch DVD Player VCD Portable  Player Bluetooth USB Drive Pla...,57.37,321.27,5.0,Estabelecida,10,https://www.aliexpress.us/item/3256808438622450.html
Painel de Controle Touch 7 Polegadas 2026 para Música Ambiente - Gateway Zigbee Tuya 8 Canais,3256807312410622,7 Inch Portable Monitor 1024x600 IPS LCD HDMI-compatible VGA A...,36.2,202.72,5.0,Estabelecida,77,https://www.aliexpress.us/item/3256807312410622.html
Painel de Controle Touch 7 Polegadas 2026 para Música Ambiente - Gateway Zigbee Tuya 8 Canais,3256811684635129,"SofaBaton X2 Universal Remote with Touchscreen, All in One Uni...",462.07,2587.59,0.0,Nova,19,https://www.aliexpress.us/item/3256811684635129.html
Painel de Controle Touch 7 Polegadas 2026 para Música Ambiente - Gateway Zigbee Tuya 8 Canais,3256810531562166,"Icreative 7"" HD Car MP5 Player For Volkswagen FM BT Colorful l...",54.74,306.54,0.0,Nova,4,https://www.aliexpress.us/item/3256810531562166.html
Painel de Controle Touch 7 Polegadas 2026 para Música Ambiente - Gateway Zigbee Tuya 8 Canais,3256812048925259,Multimedia Player Car Stereo Radio For VW Seat IBIZA III 2002-...,139.3,780.08,0.0,Nova,1,https://www.aliexpress.us/item/3256812048925259.html
Painel de Controle Touch 7 Polegadas 2026 para Música Ambiente - Gateway Zigbee Tuya 8 Canais,2255801100397150,"OEM Car Radio CarPlay 7"" For KIA CEED ED 2007 2008 2009 Autora...",112.52,630.11,4.8,Estabelecida,167,https://www.aliexpress.us/item/2255801100397150.html
Painel de Controle Touch 7 Polegadas 2026 para Música Ambiente - Gateway Zigbee Tuya 8 Canais,3256806718612704,7 Inch Portable Monitor 1024x600 IPS LCD HDMI-compatible VGA A...,33.45,187.32,5.0,Estabelecida,163,https://www.aliexpress.us/item/3256806718612704.html
Painel de Controle Touch 7 Polegadas 2026 para Música Ambiente - Gateway Zigbee Tuya 8 Canais,3256808896826140,"7""4+64GB Android Car Radio For VW Sharan 2004-2008 Wireless Ca...",162.74,911.34,4.8,Estabelecida,15,https://www.aliexpress.us/item/3256808896826140.html
Painel de Controle Touch 7 Polegadas 2026 para Música Ambiente - Gateway Zigbee Tuya 8 Canais,3256811463959179,"GPS 12V-24V 7"" For Isuzu N Series (NNR/NPR/NPS/NQR) Truck Car ...",139.21,779.58,0.0,Nova,4,https://www.aliexpress.us/item/3256811463959179.html
"Analisador de Qualidade da Água para Piscina, Banheira e Aquário",3256807972215862,TDS Meter Digital Water Tester 0-9990ppm Drinking Water Qualit...,0.33,1.85,4.9,Estabelecida,235,https://www.aliexpress.us/item/3256807972215862.html
"Analisador de Qualidade da Água para Piscina, Banheira e Aquário",3256806983328097,PH Meter 0.01 High Precision for Water Quality Tester with 0-1...,1.33,7.45,4.9,Estabelecida,5,https://www.aliexpress.us/item/3256806983328097.html
"Analisador de Qualidade da Água para Piscina, Banheira e Aquário",3256812105659500,Solar Floating Swimming Pool Water Quality Tester For Tuya Zig...,91.17,510.55,5.0,Estabelecida,76,https://www.aliexpress.us/item/3256812105659500.html
"Analisador de Qualidade da Água para Piscina, Banheira e Aquário",3256812035537316,1/3 Pcs Portable LCD Digital TDS Water Quality Tester Water Te...,2.33,13.05,4.9,Estabelecida,1,https://www.aliexpress.us/item/3256812035537316.html
"Analisador de Qualidade da Água para Piscina, Banheira e Aquário",3256806984027960,Multifunction Water Quality Tester PH/ TDS/EC /Salinity Tester...,9.68,54.21,4.9,Estabelecida,5,https://www.aliexpress.us/item/3256806984027960.html
"Analisador de Qualidade da Água para Piscina, Banheira e Aquário",3256812564953594,YAGO 8 in 1 Water Quality Tester pH TDS EC Salinity ORP SG CL ...,32.1,179.76,0.0,Nova,7,https://www.aliexpress.us/item/3256812564953594.html
"Analisador de Qualidade da Água para Piscina, Banheira e Aquário",3256812330394287,Smart WiFi Floating Water Quality Tester Monitor 8-In-1 PH Chl...,153.89,861.78,0.0,Nova,2,https://www.aliexpress.us/item/3256812330394287.html
"Analisador de Qualidade da Água para Piscina, Banheira e Aquário",3256809197871967,PH Meter Aquarium Pocket Pen 0.01 High Precision for Water Qua...,0.99,5.54,5.0,Estabelecida,46,https://www.aliexpress.us/item/3256809197871967.html
"Analisador de Qualidade da Água para Piscina, Banheira e Aquário",3256812316191816,"DO Meter 0-40mg/L with Bluetooth & ATC, Dissolved Oxygen Analy...",117.14,655.98,0.0,Nova,0,https://www.aliexpress.us/item/3256812316191816.html
"Analisador de Qualidade da Água para Piscina, Banheira e Aquário",3256809145637503,6 in1 Water Quality Detector PH EC TDS ORP CL Temperature Cali...,39.06,218.74,5.0,Estabelecida,21,https://www.aliexpress.us/item/3256809145637503.html
"Analisador de Qualidade da Água para Piscina, Banheira e Aquário",3256806116293144,Digital PH Meter 7 In 1 PH/ORP/EC/TEMP/SALT/S.G/TDS Water Qual...,0.99,5.54,4.7,Estabelecida,241,https://www.aliexpress.us/item/3256806116293144.html
"Analisador de Qualidade da Água para Piscina, Banheira e Aquário",3256806437312090,Digital Chlorine Meter PH Tester 7 In 1 SALT/ ORP/ TDS/EC/TEMP...,25.65,143.64,4.6,Estabelecida,416,https://www.aliexpress.us/item/3256806437312090.html
"Analisador de Qualidade da Água para Piscina, Banheira e Aquário",3256808480173340,Chlorine Tester Pool Chlorine Tester PC‑102 CL2 Chlorine &amp ...,32.99,184.74,4.9,Estabelecida,500,https://www.aliexpress.us/item/3256808480173340.html
"Analisador de Qualidade da Água para Piscina, Banheira e Aquário",3256808473921888,Digital TDS EC Temp Meter Water Quality Test Pen for Aquarium ...,1.33,7.45,4.9,Estabelecida,2,https://www.aliexpress.us/item/3256808473921888.html
"Analisador de Qualidade da Água para Piscina, Banheira e Aquário",3256812050559400,Tuya Wifi Water Quality Tester WiFi Smart Online PH OPR Contro...,89.39,500.58,0.0,Nova,2,https://www.aliexpress.us/item/3256812050559400.html
"Analisador de Qualidade da Água para Piscina, Banheira e Aquário",3256811979238233,Online Pool Water Monitor Tuya WiFi Floating Water Quality Tes...,114.84,643.1,4.8,Estabelecida,98,https://www.aliexpress.us/item/3256811979238233.html
"Analisador de Qualidade da Água para Piscina, Banheira e Aquário",3256811718641768,PH-98103 Digital PH Meter ATC Water Quality Detector Portable ...,18.24,102.14,5.0,Estabelecida,4,https://www.aliexpress.us/item/3256811718641768.html
"Analisador de Qualidade da Água para Piscina, Banheira e Aquário",3256804864576954,Yieryi WiFi Tuya Smart PH ORP TDS EC SALT S. G TEMP CF Monitor...,85.36,478.02,4.5,Estabelecida,382,https://www.aliexpress.us/item/3256804864576954.html
"Analisador de Qualidade da Água para Piscina, Banheira e Aquário",3256811719279475,High Precision PH Meter Pen 0-14 PH Analyzer LCD Digital Acidi...,18.15,101.64,0.0,Nova,5,https://www.aliexpress.us/item/3256811719279475.html
"Analisador de Qualidade da Água para Piscina, Banheira e Aquário",3256808342819759,WiFi Tuya Smart PH ORP TDS EC Salt S.G Temp CF Monitor Meter O...,62.58,350.45,5.0,Estabelecida,185,https://www.aliexpress.us/item/3256808342819759.html
"Analisador de Qualidade da Água para Piscina, Banheira e Aquário",3256804497013139,Smart WIFI Online Meter PH ORP Temp Aquarium Water Quality Tes...,148.01,828.86,4.7,Estabelecida,189,https://www.aliexpress.us/item/3256804497013139.html
"Analisador de Qualidade da Água para Piscina, Banheira e Aquário",3256806611736221,Professional PH Litmus Paper Ph Tester Strips Ph Meter Control...,0.99,5.54,4.5,Estabelecida,700,https://www.aliexpress.us/item/3256806611736221.html
"Analisador de Qualidade da Água para Piscina, Banheira e Aquário",3256811628819195,PH Meter & TDS Meter Digital Water Quality Tester 0-14 PH Mete...,0.99,5.54,5.0,Estabelecida,6,https://www.aliexpress.us/item/3256811628819195.html
"Analisador de Qualidade da Água para Piscina, Banheira e Aquário",2251832500515580,0.1-14.00 Portable Digital PH Meter Tester TDS Meter for Aquar...,0.99,5.54,5.0,Estabelecida,52,https://www.aliexpress.us/item/2251832500515580.html
"Analisador de Qualidade da Água para Piscina, Banheira e Aquário",3256811827045847,Digital Dissolved Oxygen Meter 0-20mg/L DO Tester with Temp/Sa...,132.34,741.1,5.0,Estabelecida,2,https://www.aliexpress.us/item/3256811827045847.html
"Analisador de Qualidade da Água para Piscina, Banheira e Aquário",3256812057586001,HABOTEST HT630A HT630B PH Tester Pen 0-14PH High Accuracy Port...,21.83,122.25,0.0,Nova,3,https://www.aliexpress.us/item/3256812057586001.html
"Analisador de Qualidade da Água para Piscina, Banheira e Aquário",3256812361439329,50ml PH Test Drop Water Quality Tester Agent high Accurate PH ...,0.99,5.54,0.0,Nova,5,https://www.aliexpress.us/item/3256812361439329.html
"Analisador de Qualidade da Água para Piscina, Banheira e Aquário",3256811871739875,TDS Meter 0-9990ppm Digital PH Meter 0.01 PH High Precision Pe...,4.33,24.25,4.6,Estabelecida,1,https://www.aliexpress.us/item/3256811871739875.html
"Analisador de Qualidade da Água para Piscina, Banheira e Aquário",3256812491511211,Zigbee 7-in-1 Water Quality Tester TDS/EC/SG/Temp Salinity det...,18.05,101.08,5.0,Estabelecida,77,https://www.aliexpress.us/item/3256812491511211.html
"Analisador de Qualidade da Água para Piscina, Banheira e Aquário",3256801809422951,PH Meter & TDS Meter Digital Water Quality Tester 0-14 PH Mete...,0.99,5.54,4.7,Estabelecida,900,https://www.aliexpress.us/item/3256801809422951.html
"Analisador de Qualidade da Água para Piscina, Banheira e Aquário",3256808506025945,PH measuring instrument 0.01high precision for water quality t...,5.41,30.3,4.9,Estabelecida,97,https://www.aliexpress.us/item/3256808506025945.html
"Analisador de Qualidade da Água para Piscina, Banheira e Aquário",3256812550576344,Digital Embedded TDS Meter TDS Water Quality Detection Pen Int...,1.33,7.45,4.9,Estabelecida,500,https://www.aliexpress.us/item/3256812550576344.html
"Analisador de Qualidade da Água para Piscina, Banheira e Aquário",3256809506123523,Digital Water Quality Tester TDS EC Meter Range 0-9999 Multifu...,0.99,5.54,4.8,Estabelecida,500,https://www.aliexpress.us/item/3256809506123523.html
"Sistema de Música Ambiente Smart Home 10 Polegadas com 2 Zonas - Tuya, Zigbee e Google Play",3256808864262058,10 Inch Tuya Smart Home Central Control Panel 2 Zone 4+32G  Zi...,525.57,2943.19,0.0,Nova,2,https://www.aliexpress.us/item/3256808864262058.html
"Sistema de Música Ambiente Smart Home 10 Polegadas com 2 Zonas - Tuya, Zigbee e Google Play",3256808448572374,10' TUYA Smart Home Audio System ZIGBEE Gateway 2 Zone Audio I...,421.48,2360.29,4.5,Estabelecida,8,https://www.aliexpress.us/item/3256808448572374.html
"Sistema de Música Ambiente Smart Home 10 Polegadas com 2 Zonas - Tuya, Zigbee e Google Play",3256805994939946,MOES Tuya Smart Home Control Panel Max 10.1inch Touch Screen w...,568.24,3182.14,4.5,Estabelecida,118,https://www.aliexpress.us/item/3256805994939946.html
"Sistema de Música Ambiente Smart Home 10 Polegadas com 2 Zonas - Tuya, Zigbee e Google Play",3256811802433386,EWelink Zigbee Smart Smoke Alarm Battery Powered Ideal for Hot...,16.04,89.82,4.8,Estabelecida,41,https://www.aliexpress.us/item/3256811802433386.html
"Sistema de Música Ambiente Smart Home 10 Polegadas com 2 Zonas - Tuya, Zigbee e Google Play",3256810218869791,2 Zone Playback TUYA Smart Home Amplifier 4Zone Control Panel ...,685.49,3838.74,0.0,Nova,4,https://www.aliexpress.us/item/3256810218869791.html
"Sistema de Música Ambiente Smart Home 10 Polegadas com 2 Zonas - Tuya, Zigbee e Google Play",3256807670937409,NexusClick Wireless Bluetooth Keyboard Compatible with iPad 10...,4.59,25.7,4.9,Estabelecida,1,https://www.aliexpress.us/item/3256807670937409.html
"Sistema de Música Ambiente Smart Home 10 Polegadas com 2 Zonas - Tuya, Zigbee e Google Play",3256806004168248,Zigbee 1 2 4 Gang Switch Relay Module Dc 12v 24v 220v Dry Cont...,0.99,5.54,4.8,Estabelecida,3,https://www.aliexpress.us/item/3256806004168248.html
"Sistema de Música Ambiente Smart Home 10 Polegadas com 2 Zonas - Tuya, Zigbee e Google Play",3256811827494183,Portable Subwoofer Bluetooth Speakers Outdoor Stereo Surround ...,5.33,29.85,4.9,Estabelecida,5,https://www.aliexpress.us/item/3256811827494183.html
"Sistema de Música Ambiente Smart Home 10 Polegadas com 2 Zonas - Tuya, Zigbee e Google Play",3256808168143849,2.4G 5G Multi-Mode Smart Gateway ZigBee WiFi Bluetooth Mesh Hu...,16.67,93.35,4.9,Estabelecida,47,https://www.aliexpress.us/item/3256808168143849.html
"Sistema de Música Ambiente Smart Home 10 Polegadas com 2 Zonas - Tuya, Zigbee e Google Play",3256809729952293,Lenovo C02 Multimedia Speaker Bluetooth Speaker Wired/Bluetoot...,27.59,154.5,4.9,Estabelecida,5,https://www.aliexpress.us/item/3256809729952293.html
"Sistema de Música Ambiente Smart Home 10 Polegadas com 2 Zonas - Tuya, Zigbee e Google Play",3256807302393977,10 Inches Smart Home Touch Screen Control Panel  s10 Audio And...,337.86,1892.02,0.0,Nova,20,https://www.aliexpress.us/item/3256807302393977.html
"Sistema de Música Ambiente Smart Home 10 Polegadas com 2 Zonas - Tuya, Zigbee e Google Play",3256809850642812,"10-inch tablet PC, Android 15 system, quad-core processor, 12 ...",73.11,409.42,4.9,Estabelecida,1,https://www.aliexpress.us/item/3256809850642812.html
"Sistema de Música Ambiente Smart Home 10 Polegadas com 2 Zonas - Tuya, Zigbee e Google Play",3256812507416146,Tuya Smart ZigBee/WiFi Curtain Switch Module for Electric Roll...,0.99,5.54,0.0,Nova,1,https://www.aliexpress.us/item/3256812507416146.html
"Sistema de Música Ambiente Smart Home 10 Polegadas com 2 Zonas - Tuya, Zigbee e Google Play",3256808827938611,Home 2 Zone Audio In Wall Amplifier TUYA Smart Built-in ZIGBEE...,725.93,4065.21,4.7,Estabelecida,29,https://www.aliexpress.us/item/3256808827938611.html
"Sistema de Música Ambiente Smart Home 10 Polegadas com 2 Zonas - Tuya, Zigbee e Google Play",3256811952352473,TRIMUI SMART PRO S Open Source Linux Portable Gaming Console 4...,92.92,520.35,5.0,Estabelecida,10,https://www.aliexpress.us/item/3256811952352473.html
"Sistema de Música Ambiente Smart Home 10 Polegadas com 2 Zonas - Tuya, Zigbee e Google Play",3256812376956934,"MOES Tuya Zigbee Matter Thread Gateway Hub,Smart Home Bridge M...",54.94,307.66,0.0,Nova,51,https://www.aliexpress.us/item/3256812376956934.html
"Sistema de Música Ambiente Smart Home 10 Polegadas com 2 Zonas - Tuya, Zigbee e Google Play",3256810301089561,5v Smart RGB Neon Light Strip USB App/Remote Control Music Syn...,0.99,5.54,4.9,Estabelecida,1,https://www.aliexpress.us/item/3256810301089561.html
"Sistema de Música Ambiente Smart Home 10 Polegadas com 2 Zonas - Tuya, Zigbee e Google Play",3256812606819150,Zigbee/Wifi FCU Thermostat 8 Scenes Switch Panel 2/4 Pipe Air ...,66.85,374.36,0.0,Nova,0,https://www.aliexpress.us/item/3256812606819150.html
"Sistema de Música Ambiente Smart Home 10 Polegadas com 2 Zonas - Tuya, Zigbee e Google Play",3256807947369432,ZIGBEE/WiFi Smart Switch 30A 6600W/4000W Relay Module AC DC7-3...,0.99,5.54,4.6,Estabelecida,900,https://www.aliexpress.us/item/3256807947369432.html
"Sistema de Música Ambiente Smart Home 10 Polegadas com 2 Zonas - Tuya, Zigbee e Google Play",3256810408320180,9inch/10inch Universal Carplay Car Radio GPS Navigation Rotata...,132.14,739.98,5.0,Estabelecida,13,https://www.aliexpress.us/item/3256810408320180.html
"Sistema de Música Ambiente Smart Home 10 Polegadas com 2 Zonas - Tuya, Zigbee e Google Play",3256811770027483,Tuya DC12-48V WiFi Garage Door Opener Zigbee Gate Controller S...,11.33,63.45,4.9,Estabelecida,114,https://www.aliexpress.us/item/3256811770027483.html
"Sistema de Música Ambiente Smart Home 10 Polegadas com 2 Zonas - Tuya, Zigbee e Google Play",3256810418071638,Tuya Zigbee Smart IR Remote Control Universal for TV DVD Air C...,0.99,5.54,4.5,Estabelecida,111,https://www.aliexpress.us/item/3256810418071638.html
"Sistema de Música Ambiente Smart Home 10 Polegadas com 2 Zonas - Tuya, Zigbee e Google Play",3256806670037365,Computer Speakers PC Sound Box HIFI Stereo Microphone USB Wire...,5.59,31.3,4.7,Estabelecida,2,https://www.aliexpress.us/item/3256806670037365.html
"Sistema de Música Ambiente Smart Home 10 Polegadas com 2 Zonas - Tuya, Zigbee e Google Play",3256810204116248,Shelly Dimmer Gen4 Wifi Smart Dimming Zigbee Switch Module Mat...,64.42,360.75,5.0,Estabelecida,371,https://www.aliexpress.us/item/3256810204116248.html
"Sistema de Música Ambiente Smart Home 10 Polegadas com 2 Zonas - Tuya, Zigbee e Google Play",3256812054527794,Pop System of A Down Graphic Cotton T-shirt Unisex Summer Shor...,0.99,5.54,5.0,Estabelecida,3,https://www.aliexpress.us/item/3256812054527794.html
"Sistema de Música Ambiente Smart Home 10 Polegadas com 2 Zonas - Tuya, Zigbee e Google Play",3256810532124928,"Touch Dimmer COB LED Strip Light, No Hole Install, Penetrate W...",8.13,45.53,4.6,Estabelecida,600,https://www.aliexpress.us/item/3256810532124928.html
"Sistema de Música Ambiente Smart Home 10 Polegadas com 2 Zonas - Tuya, Zigbee e Google Play",3256809944225655,WS2812B LED Light Smart RGBIC LED Strip Light 1-30m DC5V Bluet...,7.92,44.35,4.8,Estabelecida,800,https://www.aliexpress.us/item/3256809944225655.html
"Sistema de Música Ambiente Smart Home 10 Polegadas com 2 Zonas - Tuya, Zigbee e Google Play",3256808665371103,Beok Tuya Zigbee Thermostat Controller Smart Home Hub Controll...,20.56,115.14,5.0,Estabelecida,107,https://www.aliexpress.us/item/3256808665371103.html
"Sistema de Música Ambiente Smart Home 10 Polegadas com 2 Zonas - Tuya, Zigbee e Google Play",3256806810039789,10 lnch Wireless  Bluetooth Mini Keyboard For iPad Phone Table...,0.99,5.54,4.9,Estabelecida,10,https://www.aliexpress.us/item/3256806810039789.html
"Sistema de Música Ambiente Smart Home 10 Polegadas com 2 Zonas - Tuya, Zigbee e Google Play",3256804898008905,SERVO BM10 Mini Mobile Phone 2 SIM Card Bluetooth Earphone Voi...,8.33,46.65,4.6,Estabelecida,1,https://www.aliexpress.us/item/3256804898008905.html
"Sistema de Música Ambiente Smart Home 10 Polegadas com 2 Zonas - Tuya, Zigbee e Google Play",3256811781094669,USA/Europe Customizable Full Set Ripple Fold S-Wave Electric T...,125.12,700.67,0.0,Nova,1,https://www.aliexpress.us/item/3256811781094669.html
"Sistema de Música Ambiente Smart Home 10 Polegadas com 2 Zonas - Tuya, Zigbee e Google Play",3256809114923816,Remote Control Large Size Ceiling Fan USB Wireless Cooling Fan...,19.83,111.05,4.7,Estabelecida,251,https://www.aliexpress.us/item/3256809114923816.html
"Sistema de Música Ambiente Smart Home 10 Polegadas com 2 Zonas - Tuya, Zigbee e Google Play",3256809702034697,Zigbee / WIFI 2 Channel Switch Two Relay 12V 24V 220V Module D...,0.99,5.54,4.9,Estabelecida,700,https://www.aliexpress.us/item/3256809702034697.html
"Rastreador GPS Portátil em Tempo Real para Bike, Pets e Crianças - Anti-Furto",3256806491670188,Smart Bluetooth GPS Tracker Work with Apple Find My APP ITag A...,0.33,1.85,4.9,Estabelecida,10,https://www.aliexpress.us/item/3256806491670188.html
"Rastreador GPS Portátil em Tempo Real para Bike, Pets e Crianças - Anti-Furto",3256806984797807,Mini Gf-07 Gps Tracker Car Bike Bicycle Pets Children Real Tim...,4.35,24.36,4.9,Estabelecida,1,https://www.aliexpress.us/item/3256806984797807.html
"Rastreador GPS Portátil em Tempo Real para Bike, Pets e Crianças - Anti-Furto",3256809902768248,Bluetooth Mini Tracking Device For Apple Find My APP Smart Tag...,10.86,60.82,4.9,Estabelecida,1,https://www.aliexpress.us/item/3256809902768248.html
"Rastreador GPS Portátil em Tempo Real para Bike, Pets e Crianças - Anti-Furto",3256811739853509,Smart Bluetooth GPS Tracker MFi Certified Anti Lost Locator fo...,0.99,5.54,5.0,Estabelecida,8,https://www.aliexpress.us/item/3256811739853509.html
"Rastreador GPS Portátil em Tempo Real para Bike, Pets e Crianças - Anti-Furto",3256810467008969,Mini GPS Tracker For Apple iOS System Find My APP AirTag Child...,0.99,5.54,4.9,Estabelecida,1,https://www.aliexpress.us/item/3256810467008969.html
"Rastreador GPS Portátil em Tempo Real para Bike, Pets e Crianças - Anti-Furto",3256810455731309,GPS Tracker for Hiking Backpacking Outdoor Adventures Real Tim...,0.99,5.54,4.9,Estabelecida,212,https://www.aliexpress.us/item/3256810455731309.html
"Rastreador GPS Portátil em Tempo Real para Bike, Pets e Crianças - Anti-Furto",3256806983376110,Pets Smart Mini GPS Tracker Anti-Lost Waterproof Bluetooth Tra...,1.89,10.58,4.9,Estabelecida,10,https://www.aliexpress.us/item/3256806983376110.html
"Rastreador GPS Portátil em Tempo Real para Bike, Pets e Crianças - Anti-Furto",3256812467135018,Mini Gf-07 Gps Tracker Car Bike Bicycle Pets Children Real Tim...,2.33,13.05,0.0,Nova,30,https://www.aliexpress.us/item/3256812467135018.html
"Rastreador GPS Portátil em Tempo Real para Bike, Pets e Crianças - Anti-Furto",3256812168258943,GL-13 Pet GPS Tracker No Monthly Fee No Subscription No Hidden...,58.01,324.86,5.0,Estabelecida,3,https://www.aliexpress.us/item/3256812168258943.html
"Rastreador GPS Portátil em Tempo Real para Bike, Pets e Crianças - Anti-Furto",3256809680475623,Mini GF10 GPS Car Tracker Real Time Tracking Anti-Theft Anti-l...,0.99,5.54,5.0,Estabelecida,54,https://www.aliexpress.us/item/3256809680475623.html
"Rastreador GPS Portátil em Tempo Real para Bike, Pets e Crianças - Anti-Furto",3256812483566027,Waterproof Smart Tag for Apple Find My Track Keys Wallet Lugga...,0.99,5.54,5.0,Estabelecida,11,https://www.aliexpress.us/item/3256812483566027.html
"Rastreador GPS Portátil em Tempo Real para Bike, Pets e Crianças - Anti-Furto",3256811636570824,4-PACK Far Away Positioning Locator Work with Google's Find Hu...,2.33,13.05,4.9,Estabelecida,800,https://www.aliexpress.us/item/3256811636570824.html
"Rastreador GPS Portátil em Tempo Real para Bike, Pets e Crianças - Anti-Furto",3256808151335502,HOCO E91 Smart Airtag GPS Positioning Pet Anti-Lost Device wit...,2.32,12.99,4.7,Estabelecida,1,https://www.aliexpress.us/item/3256808151335502.html
"Rastreador GPS Portátil em Tempo Real para Bike, Pets e Crianças - Anti-Furto",3256811684096990,New Model GPS Tracker Portable Pet Tracker with 180-Day Standb...,0.99,5.54,0.0,Nova,2,https://www.aliexpress.us/item/3256811684096990.html
"Rastreador GPS Portátil em Tempo Real para Bike, Pets e Crianças - Anti-Furto",3256810061781972,Mini Android GPS Tracker Tag Google Find Anti Loss Global Posi...,0.99,5.54,5.0,Estabelecida,17,https://www.aliexpress.us/item/3256810061781972.html
"Rastreador GPS Portátil em Tempo Real para Bike, Pets e Crianças - Anti-Furto",3256809401772941,IOS GPS Tracker Smart Tags Bluetooth Search Tracking Locator a...,0.99,5.54,5.0,Estabelecida,13,https://www.aliexpress.us/item/3256809401772941.html
"Rastreador GPS Portátil em Tempo Real para Bike, Pets e Crianças - Anti-Furto",3256807148300562,VOCOlinc Smart Bluetooth GPS Tracker Works with Find My APP An...,20.51,114.86,4.9,Estabelecida,341,https://www.aliexpress.us/item/3256807148300562.html
"Rastreador GPS Portátil em Tempo Real para Bike, Pets e Crianças - Anti-Furto",3256812205924382,Momax Anti Lost Gps Tracker Portable Tag Locator Keychain Desi...,17.06,95.54,0.0,Nova,0,https://www.aliexpress.us/item/3256812205924382.html
"Rastreador GPS Portátil em Tempo Real para Bike, Pets e Crianças - Anti-Furto",3256812612549652,Smart GPS Pet Tracker for Dogs Cats Real-Time Location Monitor...,42.32,236.99,0.0,Nova,0,https://www.aliexpress.us/item/3256812612549652.html
"Rastreador GPS Portátil em Tempo Real para Bike, Pets e Crianças - Anti-Furto",3256806567663596,Mini GF-08 Magnetic GPS Car Tracker Real Time Tracking Anti-Th...,0.99,5.54,0.0,Nova,9,https://www.aliexpress.us/item/3256806567663596.html
"Rastreador GPS Portátil em Tempo Real para Bike, Pets e Crianças - Anti-Furto",3256812612723325,GPS Tracker For Android Finder Google Find My Airtag Finder Po...,0.99,5.54,0.0,Nova,1,https://www.aliexpress.us/item/3256812612723325.html
"Rastreador GPS Portátil em Tempo Real para Bike, Pets e Crianças - Anti-Furto",3256811434850162,"Airtag is compatible with Apple IOS phone, Find My, Bluetooth ...",8.07,45.19,4.6,Estabelecida,500,https://www.aliexpress.us/item/3256811434850162.html
"Rastreador GPS Portátil em Tempo Real para Bike, Pets e Crianças - Anti-Furto",3256809937960338,Mini Tracking Device For Apple Find My Key Smart iTag Child Fi...,0.99,5.54,5.0,Estabelecida,28,https://www.aliexpress.us/item/3256809937960338.html
"Rastreador GPS Portátil em Tempo Real para Bike, Pets e Crianças - Anti-Furto",3256812181351400,"Key Finder, Tracker Tag, Works with Apple Find My (iOS Only), ...",0.99,5.54,4.5,Estabelecida,7,https://www.aliexpress.us/item/3256812181351400.html
"Rastreador GPS Portátil em Tempo Real para Bike, Pets e Crianças - Anti-Furto",3256810527419787,CD GF09 Mini GPS Tracker Car Locator Real Time Tracking Locati...,13.34,74.7,4.5,Estabelecida,124,https://www.aliexpress.us/item/3256810527419787.html
"Rastreador GPS Portátil em Tempo Real para Bike, Pets e Crianças - Anti-Furto",3256808133711193,HOCO E94 Airtag GPS Intelligent Positioning Pets Dog Key Track...,2.25,12.6,4.8,Estabelecida,600,https://www.aliexpress.us/item/3256808133711193.html
"Rastreador GPS Portátil em Tempo Real para Bike, Pets e Crianças - Anti-Furto",3256812193693606,Mini Bluetooth GPS Tracker For Apple Find  Anti Lose Reminder ...,4.38,24.53,0.0,Nova,2,https://www.aliexpress.us/item/3256812193693606.html
"Rastreador GPS Portátil em Tempo Real para Bike, Pets e Crianças - Anti-Furto",3256812331614595,GF07 Mini GPS Tracker Real Time Location Tracking Magnetic Des...,0.99,5.54,0.0,Nova,3,https://www.aliexpress.us/item/3256812331614595.html
"Rastreador GPS Portátil em Tempo Real para Bike, Pets e Crianças - Anti-Furto",3256812165690367,4G GPS Tracker Car Tracker Magnet 7500mAh GPS Tracker 4G GPS L...,12.37,69.27,4.7,Estabelecida,321,https://www.aliexpress.us/item/3256812165690367.html
"Rastreador GPS Portátil em Tempo Real para Bike, Pets e Crianças - Anti-Furto",3256812561261260,Mini GF07 GPS Tracker Magnetic Car Locator Anti Theft Alarm Tr...,0.99,5.54,0.0,Nova,2,https://www.aliexpress.us/item/3256812561261260.html
Interruptor de Parede Inteligente Tuya WiFi US - 1 a 4 Botões com Sensor Touch e Voz,3256806910693919,RF433 1/2/3/4 Gang US WiFi Smart Wall Switch No Neutral Wire T...,6.33,35.45,4.9,Estabelecida,3,https://www.aliexpress.us/item/3256806910693919.html
Interruptor de Parede Inteligente Tuya WiFi US - 1 a 4 Botões com Sensor Touch e Voz,3256808473884922,Tuya WiFi Smart Light Switch Smart Home Wireless RF 433mhz Pus...,2.33,13.05,4.9,Estabelecida,10,https://www.aliexpress.us/item/3256808473884922.html
Interruptor de Parede Inteligente Tuya WiFi US - 1 a 4 Botões com Sensor Touch e Voz,3256807011828085,"TNCE Tuya US Switch wifi zigbee, 1/2/3/4 gang, No-Neutral/Wire...",2.73,15.29,4.7,Estabelecida,5,https://www.aliexpress.us/item/3256807011828085.html
Interruptor de Parede Inteligente Tuya WiFi US - 1 a 4 Botões com Sensor Touch e Voz,3256808555849801,BSEED 1/2/3Gang Zigbee Touch Switch Wall Light Switch With Sma...,18.55,103.88,5.0,Estabelecida,272,https://www.aliexpress.us/item/3256808555849801.html
Interruptor de Parede Inteligente Tuya WiFi US - 1 a 4 Botões com Sensor Touch e Voz,3256812644840953,MANHOT Zigbee Smart DIY Name Switch US Display Screen Glass Pa...,54.89,307.38,0.0,Nova,0,https://www.aliexpress.us/item/3256812644840953.html
Interruptor de Parede Inteligente Tuya WiFi US - 1 a 4 Botões com Sensor Touch e Voz,3256809924109902,Us Smart Wifi Switches Tuya Eu 4x4 Luxury Zigbee Switch Diy Na...,81.99,459.14,4.6,Estabelecida,59,https://www.aliexpress.us/item/3256809924109902.html
Interruptor de Parede Inteligente Tuya WiFi US - 1 a 4 Botões com Sensor Touch e Voz,3256807242204228,4CH Wifi Relay Smart Wireless Switch Module 4 Channel 7-32V 85...,0.99,5.54,4.7,Estabelecida,5,https://www.aliexpress.us/item/3256807242204228.html
Interruptor de Parede Inteligente Tuya WiFi US - 1 a 4 Botões com Sensor Touch e Voz,3256808004277552,Tuya Zigbee Scene Switch Zigbee Wall Switch Wireless Scene Swi...,14.64,81.98,4.6,Estabelecida,600,https://www.aliexpress.us/item/3256808004277552.html
Interruptor de Parede Inteligente Tuya WiFi US - 1 a 4 Botões com Sensor Touch e Voz,2255800421543953,1234 Gang  2/3Way WiFi Touch Switch AC 100v220v Wall Light Swi...,17.91,100.3,4.7,Estabelecida,135,https://www.aliexpress.us/item/2255800421543953.html
Interruptor de Parede Inteligente Tuya WiFi US - 1 a 4 Botões com Sensor Touch e Voz,3256810473654849,SMATRUL Tuya US  WiFi Hand Wave Switch Smart Light Wall Switch...,10.95,61.32,5.0,Estabelecida,10,https://www.aliexpress.us/item/3256810473654849.html
Interruptor de Parede Inteligente Tuya WiFi US - 1 a 4 Botões com Sensor Touch e Voz,3256807676234234,ANDELI Tuya EU US  Israe WiFi Smart Water Heater Boiler Switch...,3.24,18.14,4.8,Estabelecida,1,https://www.aliexpress.us/item/3256807676234234.html
Interruptor de Parede Inteligente Tuya WiFi US - 1 a 4 Botões com Sensor Touch e Voz,3256806809072466,AVATTO WiFi 1/2/3/4 Gang Mini Smart Switch DIY Light Switches ...,4.33,24.25,4.9,Estabelecida,10,https://www.aliexpress.us/item/3256806809072466.html
Interruptor de Parede Inteligente Tuya WiFi US - 1 a 4 Botões com Sensor Touch e Voz,3256812638679321,Tuya WiFi Smart Light Switch With Brazil Socket Touch Wall Swi...,5.7,31.92,0.0,Nova,3,https://www.aliexpress.us/item/3256812638679321.html
Interruptor de Parede Inteligente Tuya WiFi US - 1 a 4 Botões com Sensor Touch e Voz,3256807353567166,MOES Tuya ZigBee Smart Light Switch US Push Button Wall Switch...,28.19,157.86,4.9,Estabelecida,3,https://www.aliexpress.us/item/3256807353567166.html
Interruptor de Parede Inteligente Tuya WiFi US - 1 a 4 Botões com Sensor Touch e Voz,3256804647313306,US AU ZigBee 3.0 Tuya Smart Life Wireless Push Button Switch W...,12.83,71.85,4.7,Estabelecida,209,https://www.aliexpress.us/item/3256804647313306.html
Interruptor de Parede Inteligente Tuya WiFi US - 1 a 4 Botões com Sensor Touch e Voz,3256807605389880,WIFI Smart Touch Light Wall Switch Interruptor Glass Panel 8/1...,17.59,98.5,4.9,Estabelecida,700,https://www.aliexpress.us/item/3256807605389880.html
Interruptor de Parede Inteligente Tuya WiFi US - 1 a 4 Botões com Sensor Touch e Voz,3256811444717056,MOES WiFi Smart Wall Light Switch RF433 Push Button Transmitte...,35.28,197.57,0.0,Nova,0,https://www.aliexpress.us/item/3256811444717056.html
Interruptor de Parede Inteligente Tuya WiFi US - 1 a 4 Botões com Sensor Touch e Voz,3256808040623961,Tuya ZigBee WiFi Smart Light Switch 1 2 3 4 gang 2500W Touch S...,10.5,58.8,4.7,Estabelecida,1,https://www.aliexpress.us/item/3256808040623961.html
Interruptor de Parede Inteligente Tuya WiFi US - 1 a 4 Botões com Sensor Touch e Voz,3256804646495468,Alexa 2 3 Way Tuya ZigBee Smart Life EU UK Wall Light Power Sw...,22.67,126.95,4.7,Estabelecida,102,https://www.aliexpress.us/item/3256804646495468.html
Interruptor de Parede Inteligente Tuya WiFi US - 1 a 4 Botões com Sensor Touch e Voz,3256809943587550,Tuya Smart Wifi+RF433 Light Switch Neutral Wire Optional Touch...,10.02,56.11,4.6,Estabelecida,83,https://www.aliexpress.us/item/3256809943587550.html
Interruptor de Parede Inteligente Tuya WiFi US - 1 a 4 Botões com Sensor Touch e Voz,3256808284269880,MANHOT WiFi Matter Smart Switch Neutral Wire Optional Push But...,21.42,119.95,0.0,Nova,0,https://www.aliexpress.us/item/3256808284269880.html
Interruptor de Parede Inteligente Tuya WiFi US - 1 a 4 Botões com Sensor Touch e Voz,3256809596337150,Tuya Alexa WiFi Smart Remote Control Smart Life Wall Mount UP ...,15.02,84.11,5.0,Estabelecida,8,https://www.aliexpress.us/item/3256809596337150.html
Interruptor de Parede Inteligente Tuya WiFi US - 1 a 4 Botões com Sensor Touch e Voz,3256812225137599,Smart WiFi Light Switch 1/2/3/4 Gang US 118*75mm Tempered Glas...,2.85,15.96,4.5,Estabelecida,40,https://www.aliexpress.us/item/3256812225137599.html
Interruptor de Parede Inteligente Tuya WiFi US - 1 a 4 Botões com Sensor Touch e Voz,3256804575644257,Tuya WIFI No Neutral/With Neutral Smart Switch Wall Light Swit...,18.42,103.15,4.9,Estabelecida,158,https://www.aliexpress.us/item/3256804575644257.html
Interruptor de Parede Inteligente Tuya WiFi US - 1 a 4 Botões com Sensor Touch e Voz,3256809982515302,Zemismart Matter WiFi 1 2 3 4 Gangs Smart Wall Light Switch Al...,33.2,185.92,5.0,Estabelecida,131,https://www.aliexpress.us/item/3256809982515302.html
Interruptor de Parede Inteligente Tuya WiFi US - 1 a 4 Botões com Sensor Touch e Voz,3256804643648704,433 MHz WiFi Tuya Smart Remote Control Touch Light Switch RF f...,18.87,105.67,4.7,Estabelecida,118,https://www.aliexpress.us/item/3256804643648704.html
Interruptor de Parede Inteligente Tuya WiFi US - 1 a 4 Botões com Sensor Touch e Voz,3256810388625126,Tuya Wifi Smart Light Switch 1/2/3/4 Gang No Neutral Wire Requ...,17.76,99.46,5.0,Estabelecida,10,https://www.aliexpress.us/item/3256810388625126.html
Interruptor de Parede Inteligente Tuya WiFi US - 1 a 4 Botões com Sensor Touch e Voz,3256807245217081,Zemismart Zigbee Wall Light Switch With Neutral Push Button In...,36.1,202.16,5.0,Estabelecida,18,https://www.aliexpress.us/item/3256807245217081.html
Interruptor de Parede Inteligente Tuya WiFi US - 1 a 4 Botões com Sensor Touch e Voz,3256809573041921,Tuya WiFi Smart Light Switch Wireless RF 433mhz Push Button Wa...,0.99,5.54,5.0,Estabelecida,19,https://www.aliexpress.us/item/3256809573041921.html
Interruptor de Parede Inteligente Tuya WiFi US - 1 a 4 Botões com Sensor Touch e Voz,3256806019615415,GIRIER Tuya Smart WiFi Light Switch Module 1 2 3 4 Gang No Neu...,11.11,62.22,4.8,Estabelecida,413,https://www.aliexpress.us/item/3256806019615415.html
Interruptor de Parede Inteligente Tuya WiFi US - 1 a 4 Botões com Sensor Touch e Voz,3256806180930179,Milfra Smart Wifi Switch Neutral Wire Optional Intelligent Wal...,8.74,48.94,4.9,Estabelecida,1,https://www.aliexpress.us/item/3256806180930179.html
Interruptor de Parede Inteligente Tuya WiFi US - 1 a 4 Botões com Sensor Touch e Voz,3256803418576471,MOES WiFi Smart Wall Light Switch RF433 Push Button Transmitte...,22.34,125.1,4.9,Estabelecida,209,https://www.aliexpress.us/item/3256803418576471.html
Interruptor de Parede Inteligente Tuya WiFi US - 1 a 4 Botões com Sensor Touch e Voz,3256805609930375,MOES Tuya Wi-Fi Smart Light Switch US Single Pole Push Button ...,29.95,167.72,5.0,Estabelecida,237,https://www.aliexpress.us/item/3256805609930375.html
Interruptor de Parede Inteligente Tuya WiFi US - 1 a 4 Botões com Sensor Touch e Voz,3256811742729563,RKHK Smart Switches 1/2/3/4 Gang Wifi Touch Light Switch Tempe...,35.41,198.3,0.0,Nova,1,https://www.aliexpress.us/item/3256811742729563.html
Interruptor de Parede Inteligente Tuya WiFi US - 1 a 4 Botões com Sensor Touch e Voz,3256806780760583,Tuya Zigbee Smart Wall Switch With Neutral Wire Optional Push ...,15.29,85.62,4.8,Estabelecida,600,https://www.aliexpress.us/item/3256806780760583.html
Interruptor de Parede Inteligente Tuya WiFi US - 1 a 4 Botões com Sensor Touch e Voz,3256812207884724,MANHOT WiFi Smart Light Switch 1/2/3/4 Gang with Neutral/No Ne...,12.38,69.33,0.0,Nova,2,https://www.aliexpress.us/item/3256812207884724.html
Interruptor de Parede Inteligente Tuya WiFi US - 1 a 4 Botões com Sensor Touch e Voz,3256804497284104,"Tuya 4 Channel Smart WiFi 85-250V Switch, APP RF433 Remote Con...",13.59,76.1,4.9,Estabelecida,53,https://www.aliexpress.us/item/3256804497284104.html
Interruptor de Parede Inteligente Tuya WiFi US - 1 a 4 Botões com Sensor Touch e Voz,3256812492164997,"AVATTO 1/2/3/4 Gang WiFi White Smart Wall Light Switch,Wireles...",30.19,169.06,0.0,Nova,0,https://www.aliexpress.us/item/3256812492164997.html
Interruptor de Parede Inteligente Tuya WiFi US - 1 a 4 Botões com Sensor Touch e Voz,3256803213900017,Zemismart WiFi 1 2 3 4 Gangs Wall Light Switch With Neutral Wo...,19.04,106.62,0.0,Nova,12,https://www.aliexpress.us/item/3256803213900017.html
Interruptor de Parede Inteligente Tuya WiFi US - 1 a 4 Botões com Sensor Touch e Voz,3256802827394798,ZigBee 3.0 Tuya Smart Scene Switch Push Button 1/2/3/4 Gang 3 ...,11.23,62.89,5.0,Estabelecida,243,https://www.aliexpress.us/item/3256802827394798.html
Interruptor de Parede Inteligente Tuya WiFi US - 1 a 4 Botões com Sensor Touch e Voz,3256812185943461,Tuya Wifi Luxury Smart Diy Name Switch Supports Multi Language...,42.39,237.38,0.0,Nova,0,https://www.aliexpress.us/item/3256812185943461.html
Interruptor de Parede Inteligente Tuya WiFi US - 1 a 4 Botões com Sensor Touch e Voz,3256806862507550,Tuya Smart Wall Light Switch Push Button Control No/With Neutr...,14.37,80.47,4.7,Estabelecida,1,https://www.aliexpress.us/item/3256806862507550.html
Interruptor de Parede Inteligente Tuya WiFi US - 1 a 4 Botões com Sensor Touch e Voz,3256812237508191,2 Gang Tuya WiFi Smart Switch US No Neutral Wire Required Glas...,20.72,116.03,5.0,Estabelecida,28,https://www.aliexpress.us/item/3256812237508191.html
Interruptor de Parede Inteligente Tuya WiFi US - 1 a 4 Botões com Sensor Touch e Voz,3256804484805409,Tuya ZigBee Smart Scene Switch Wireless Free Sticker 4 Gang Pu...,6.84,38.3,4.8,Estabelecida,800,https://www.aliexpress.us/item/3256804484805409.html
"Interruptor e Tomada Inteligente WiFi em Vidro Touch - Tuya, Alexa e Controle Remoto",3256811672632035,US WiFi Smart Wall Switch Touch Sensor LED Light Switches RF43...,4.33,24.25,4.7,Estabelecida,3,https://www.aliexpress.us/item/3256811672632035.html
"Interruptor e Tomada Inteligente WiFi em Vidro Touch - Tuya, Alexa e Controle Remoto",3256810496383985,Yisailing Smart Glass Touch Switch Zigbee Version 1/2/3 Key Su...,3.69,20.66,4.8,Estabelecida,93,https://www.aliexpress.us/item/3256810496383985.html
"Interruptor e Tomada Inteligente WiFi em Vidro Touch - Tuya, Alexa e Controle Remoto",3256811819420280,"UBARO WiFi Smart Wall Switch with US Socket, 1/2 Gang Touch Co...",16.99,95.14,4.9,Estabelecida,62,https://www.aliexpress.us/item/3256811819420280.html
"Interruptor e Tomada Inteligente WiFi em Vidro Touch - Tuya, Alexa e Controle Remoto",3256806677471147,Melery Tuya Wifi Smart Brazil Light Switch Wall Socket Plug Ou...,10.26,57.46,4.9,Estabelecida,500,https://www.aliexpress.us/item/3256806677471147.html
"Interruptor e Tomada Inteligente WiFi em Vidro Touch - Tuya, Alexa e Controle Remoto",3256809435053749,MOES 16A Tuya ZigBee Smart Socket WiFi EU Wall Embedded Glass ...,22.39,125.38,5.0,Estabelecida,32,https://www.aliexpress.us/item/3256809435053749.html
"Interruptor e Tomada Inteligente WiFi em Vidro Touch - Tuya, Alexa e Controle Remoto",3256808434624927,Melery Smart Tuya WiFi Dual UK Socket USB Type-C PD 20W Touch ...,27.41,153.5,5.0,Estabelecida,23,https://www.aliexpress.us/item/3256808434624927.html
"Interruptor e Tomada Inteligente WiFi em Vidro Touch - Tuya, Alexa e Controle Remoto",3256806977405607,Tuya WiFi Smart Light Switch Mexico US Wall Socket With Americ...,17.3,96.88,4.8,Estabelecida,700,https://www.aliexpress.us/item/3256806977405607.html
"Interruptor e Tomada Inteligente WiFi em Vidro Touch - Tuya, Alexa e Controle Remoto",3256807897472239,Melery Brazil WiFi Smart Life Wall Socket USB Tuya Electrical ...,19.38,108.53,5.0,Estabelecida,186,https://www.aliexpress.us/item/3256807897472239.html
"Interruptor e Tomada Inteligente WiFi em Vidro Touch - Tuya, Alexa e Controle Remoto",3256806505004608,BSEED Zigbee 1/2/3Gang Touch Light Switches 1/2/3Way Tuya Smar...,18.85,105.56,4.8,Estabelecida,1,https://www.aliexpress.us/item/3256806505004608.html
"Interruptor e Tomada Inteligente WiFi em Vidro Touch - Tuya, Alexa e Controle Remoto",3256809397250405,"ANDELI Tuya WiFi Smart Light Switch Israel, Neutral Wire + No ...",14.22,79.63,4.7,Estabelecida,160,https://www.aliexpress.us/item/3256809397250405.html
"Interruptor e Tomada Inteligente WiFi em Vidro Touch - Tuya, Alexa e Controle Remoto",3256807149981922,AlexXi Zigbee 4x4 Brazil Touch Sensor Glass Panel Light Switch...,19.04,106.62,4.9,Estabelecida,89,https://www.aliexpress.us/item/3256807149981922.html
"Interruptor e Tomada Inteligente WiFi em Vidro Touch - Tuya, Alexa e Controle Remoto",3256807287606697,Melery Israel Wall Socket Wifi Smart Light Switch Tuya Plug El...,25.99,145.54,4.9,Estabelecida,88,https://www.aliexpress.us/item/3256807287606697.html
"Interruptor e Tomada Inteligente WiFi em Vidro Touch - Tuya, Alexa e Controle Remoto",3256809233571794,MOES Tuya WiFi US Star Feather Switch Smart Air Touch AG Glass...,43.63,244.33,4.5,Estabelecida,185,https://www.aliexpress.us/item/3256809233571794.html
"Interruptor e Tomada Inteligente WiFi em Vidro Touch - Tuya, Alexa e Controle Remoto",3256808556144643,Coswall Israel Wall Socket with ZIGBEE Tuya 4 Gang Smart Touch...,37.13,207.93,0.0,Nova,6,https://www.aliexpress.us/item/3256808556144643.html
"Interruptor e Tomada Inteligente WiFi em Vidro Touch - Tuya, Alexa e Controle Remoto",3256809798332744,"AVATTO WiFi 1/2 Gang Smart Dimmer Switch,EU Dimmer Light Switc...",16.17,90.55,4.9,Estabelecida,63,https://www.aliexpress.us/item/3256809798332744.html
"Interruptor e Tomada Inteligente WiFi em Vidro Touch - Tuya, Alexa e Controle Remoto",3256809394235543,Tuya 16A 20A Mini WiFi Smart Switch 2-Way Timer Relay Automati...,1.33,7.45,4.8,Estabelecida,1,https://www.aliexpress.us/item/3256809394235543.html
"Interruptor e Tomada Inteligente WiFi em Vidro Touch - Tuya, Alexa e Controle Remoto",3256809590611504,BSEED Zigbee Touch Switch Function Part Glass Panel Smart Dimm...,6.12,34.27,4.8,Estabelecida,1,https://www.aliexpress.us/item/3256809590611504.html
"Interruptor e Tomada Inteligente WiFi em Vidro Touch - Tuya, Alexa e Controle Remoto",3256803972670736,UBARO EU Tuya Wifi Stair Touch Switch Glass Panel Multi Sensor...,6.37,35.67,4.9,Estabelecida,149,https://www.aliexpress.us/item/3256803972670736.html
"Interruptor e Tomada Inteligente WiFi em Vidro Touch - Tuya, Alexa e Controle Remoto",3256802988741360,"Tuya Wifi Smart Switch Module Supports 2 Way Control, App Remo...",0.99,5.54,4.8,Estabelecida,1,https://www.aliexpress.us/item/3256802988741360.html
"Interruptor e Tomada Inteligente WiFi em Vidro Touch - Tuya, Alexa e Controle Remoto",3256808810239214,Melery Wifi Smart Tuya Brazil Wall Socket Tomada Power Monitor...,17.73,99.29,5.0,Estabelecida,64,https://www.aliexpress.us/item/3256808810239214.html
"Interruptor e Tomada Inteligente WiFi em Vidro Touch - Tuya, Alexa e Controle Remoto",3256802656031055,BSEED Zigbee 1/2/3Gang Touch Switches Smart Wall Light Switch ...,19.15,107.24,4.7,Estabelecida,3,https://www.aliexpress.us/item/3256802656031055.html
"Interruptor e Tomada Inteligente WiFi em Vidro Touch - Tuya, Alexa e Controle Remoto",3256803100823488,BSEED Wifi Sockets EU Wall Socket Smart Tuya Electric Sockets ...,15.94,89.26,4.9,Estabelecida,500,https://www.aliexpress.us/item/3256803100823488.html
"Interruptor e Tomada Inteligente WiFi em Vidro Touch - Tuya, Alexa e Controle Remoto",3256808504207161,BSEED Zigbee 1/2/3Gang Smart Light Switches Tuya Smart Life Al...,5.35,29.96,4.8,Estabelecida,5,https://www.aliexpress.us/item/3256808504207161.html
"Interruptor e Tomada Inteligente WiFi em Vidro Touch - Tuya, Alexa e Controle Remoto",3256805366582346,Coswall Glass Panel ZIGBEE / WIFI Tuya Universal Socket +2 Gan...,23.31,130.54,4.8,Estabelecida,28,https://www.aliexpress.us/item/3256805366582346.html
"Interruptor e Tomada Inteligente WiFi em Vidro Touch - Tuya, Alexa e Controle Remoto",3256803130649876,ANDELI WiFi Smart Boiler Switch 20A 4400w Water Heater Smart L...,12.21,68.38,4.7,Estabelecida,1,https://www.aliexpress.us/item/3256803130649876.html
"Interruptor e Tomada Inteligente WiFi em Vidro Touch - Tuya, Alexa e Controle Remoto",3256805513716330,UBARO EU Smart House Wifi Touch Switch Glass Panel Work With G...,26.45,148.12,4.5,Estabelecida,45,https://www.aliexpress.us/item/3256805513716330.html
"Interruptor e Tomada Inteligente WiFi em Vidro Touch - Tuya, Alexa e Controle Remoto",3256804643503760,2 3 4 Gang 2 3 Way US Tuya Smart Wall Touch Light Switch for L...,20.33,113.85,5.0,Estabelecida,177,https://www.aliexpress.us/item/3256804643503760.html
"Interruptor e Tomada Inteligente WiFi em Vidro Touch - Tuya, Alexa e Controle Remoto",3256812630981047,Tuya WiFi Smart Light Wall Switch With Brazil Socket Plug Outl...,9.7,54.32,0.0,Nova,0,https://www.aliexpress.us/item/3256812630981047.html
"Interruptor e Tomada Inteligente WiFi em Vidro Touch - Tuya, Alexa e Controle Remoto",3256806854232745,Mumubiz Zigbee 1 Gang Smart Switch with Temperature Humidity S...,16.49,92.34,4.6,Estabelecida,360,https://www.aliexpress.us/item/3256806854232745.html
"Interruptor e Tomada Inteligente WiFi em Vidro Touch - Tuya, Alexa e Controle Remoto",3256807130940722,Melery Wifi Smart Tuya Italy Light Switch Wall Socket Glass Pa...,14.59,81.7,4.9,Estabelecida,75,https://www.aliexpress.us/item/3256807130940722.html
"Interruptor e Tomada Inteligente WiFi em Vidro Touch - Tuya, Alexa e Controle Remoto",3256807933438274,BSEED WIFI Light Switch 1/2/3Gang 2Way Smart Click Button Swit...,18.56,103.94,4.7,Estabelecida,96,https://www.aliexpress.us/item/3256807933438274.html
"Interruptor e Tomada Inteligente WiFi em Vidro Touch - Tuya, Alexa e Controle Remoto",2255800038494081,Melery WIFI Tuya Smart Wall Socket AU Electrical Monitoring Pl...,24.71,138.38,5.0,Estabelecida,111,https://www.aliexpress.us/item/2255800038494081.html
"Interruptor e Tomada Inteligente WiFi em Vidro Touch - Tuya, Alexa e Controle Remoto",3256812223355375,"16A Tuya WiFi Smart Switch, No Battery Needed Wireless Switch,...",8.52,47.71,5.0,Estabelecida,219,https://www.aliexpress.us/item/3256812223355375.html
"Interruptor e Tomada Inteligente WiFi em Vidro Touch - Tuya, Alexa e Controle Remoto",3256808534329873,BSEED 1/2/3Gang 2Way Zigbee Light Switch With EU Wall Socket S...,20.41,114.3,5.0,Estabelecida,92,https://www.aliexpress.us/item/3256808534329873.html
"Interruptor e Tomada Inteligente WiFi em Vidro Touch - Tuya, Alexa e Controle Remoto",3256811556841644,Smart Wireless Touch Glass Panel Light Switch Compatible with ...,1.9,10.64,5.0,Estabelecida,5,https://www.aliexpress.us/item/3256811556841644.html
"Interruptor e Tomada Inteligente WiFi em Vidro Touch - Tuya, Alexa e Controle Remoto",3256805718814977,"SRAN Smart WiFi Touch Switch, Work with Google Home/Alexa, 118...",11.81,66.14,4.9,Estabelecida,153,https://www.aliexpress.us/item/3256805718814977.html
"Interruptor e Tomada Inteligente WiFi em Vidro Touch - Tuya, Alexa e Controle Remoto",3256805298442912,Melery Brazil 10A WiFi Smart Wall Socket USB Tuya Electrical P...,20.28,113.57,4.9,Estabelecida,56,https://www.aliexpress.us/item/3256805298442912.html
ACEBOTT Carrinho Robótico Inteligente DIY ESP32 com Lançador de Água - STEM Arduino,1005006678005745,Engine Funnel Car Universal Silicone Liquid Funnel Washer Flui...,0.3,1.68,4.9,Estabelecida,10,https://www.aliexpress.us/item/1005006678005745.html
ACEBOTT Carrinho Robótico Inteligente DIY ESP32 com Lançador de Água - STEM Arduino,1005007574983473,3-60pcs Car Air Freshener Natural Scented Tea Paper Auto Hangi...,0.3,1.68,4.6,Estabelecida,10,https://www.aliexpress.us/item/1005007574983473.html
ACEBOTT Carrinho Robótico Inteligente DIY ESP32 com Lançador de Água - STEM Arduino,1005009775708321,Car Diffuser Humidifier 5 Modes Car Humidifier Aromatherapy Di...,9.19,51.46,4.5,Estabelecida,10,https://www.aliexpress.us/item/1005009775708321.html
ACEBOTT Carrinho Robótico Inteligente DIY ESP32 com Lançador de Água - STEM Arduino,1005007038114975,Car Rearview Mirror Wiper Cleaning Tool Auto Glass Mist Cleane...,0.3,1.68,4.9,Estabelecida,100,https://www.aliexpress.us/item/1005007038114975.html
ACEBOTT Carrinho Robótico Inteligente DIY ESP32 com Lançador de Água - STEM Arduino,1005008908884910,50ml Air Freshener Car Fragrance Spray Fresh Air Long-Lasting ...,3.34,18.7,4.9,Estabelecida,1,https://www.aliexpress.us/item/1005008908884910.html
ACEBOTT Carrinho Robótico Inteligente DIY ESP32 com Lançador de Água - STEM Arduino,1005007634970167,Wireless Electric Portable Espresso Coffee Machine for Car & H...,27.91,156.3,4.9,Estabelecida,10,https://www.aliexpress.us/item/1005007634970167.html
ACEBOTT Carrinho Robótico Inteligente DIY ESP32 com Lançador de Água - STEM Arduino,1005008248089355,12PCS 3ML Air Freshener Natural Plant Aromatherapy Essential O...,2.96,16.58,4.9,Estabelecida,5,https://www.aliexpress.us/item/1005008248089355.html
ACEBOTT Carrinho Robótico Inteligente DIY ESP32 com Lançador de Água - STEM Arduino,1005007345064796,1000mAh Car Air Freshener USB Rechargeable Fragrance Diffuser ...,19.58,109.65,4.9,Estabelecida,2,https://www.aliexpress.us/item/1005007345064796.html
ACEBOTT Carrinho Robótico Inteligente DIY ESP32 com Lançador de Água - STEM Arduino,1005006061508946,Cute Flower Perfume Clip Car Air Outlet Decoration Aromatherap...,1.39,7.78,4.5,Estabelecida,307,https://www.aliexpress.us/item/1005006061508946.html
ACEBOTT Carrinho Robótico Inteligente DIY ESP32 com Lançador de Água - STEM Arduino,1005007306571824,Car Perfume Refill Liquid Essential Oil Air Freshener Replenis...,2.42,13.55,4.9,Estabelecida,4,https://www.aliexpress.us/item/1005007306571824.html
ACEBOTT Carrinho Robótico Inteligente DIY ESP32 com Lançador de Água - STEM Arduino,1005006024047291,NOS Car Air Freshener Blue Billet Aluminium Scent Boxed Car Ai...,0.3,1.68,4.6,Estabelecida,700,https://www.aliexpress.us/item/1005006024047291.html
ACEBOTT Carrinho Robótico Inteligente DIY ESP32 com Lançador de Água - STEM Arduino,1005007687531978,Magnetic control lamp Wired 5cm Led Magnetron Light Model w Ba...,2.13,11.93,4.9,Estabelecida,3,https://www.aliexpress.us/item/1005007687531978.html
ACEBOTT Carrinho Robótico Inteligente DIY ESP32 com Lançador de Água - STEM Arduino,1005007066399554,"1pc Refillable Car Air Freshener Perfume Diffuser Clip, Auto A...",1.48,8.29,4.9,Estabelecida,128,https://www.aliexpress.us/item/1005007066399554.html
ACEBOTT Carrinho Robótico Inteligente DIY ESP32 com Lançador de Água - STEM Arduino,1005007590767741,Car Vacuum Cleaner Mini Convenient Vacuum Cleaner Multi Functi...,7.3,40.88,4.6,Estabelecida,600,https://www.aliexpress.us/item/1005007590767741.html
ACEBOTT Carrinho Robótico Inteligente DIY ESP32 com Lançador de Água - STEM Arduino,1005010089130585,Smart Car Air Freshener Adjustable Car Smell Air Scent Ceiling...,2.5,14.0,4.9,Estabelecida,4,https://www.aliexpress.us/item/1005010089130585.html
ACEBOTT Carrinho Robótico Inteligente DIY ESP32 com Lançador de Água - STEM Arduino,1005010555983754,Dual-Nozzle Humidifier (USB) | 600ml/H Super Mist & Ultra Quie...,3.5,19.6,4.5,Estabelecida,1,https://www.aliexpress.us/item/1005010555983754.html
ACEBOTT Carrinho Robótico Inteligente DIY ESP32 com Lançador de Água - STEM Arduino,1005006293723139,Car Fresh Fragrance Car Accessories Creative Aluminum Alloy UF...,3.63,20.33,4.6,Estabelecida,158,https://www.aliexpress.us/item/1005006293723139.html
ACEBOTT Carrinho Robótico Inteligente DIY ESP32 com Lançador de Água - STEM Arduino,1005007789891711,Smart Car Air Aromatherapy Diffuser Fragrance Car Air Freshene...,13.13,73.53,4.7,Estabelecida,4,https://www.aliexpress.us/item/1005007789891711.html
ACEBOTT Carrinho Robótico Inteligente DIY ESP32 com Lançador de Água - STEM Arduino,1005007600425317,Universal Large Truck Extended Suction Cup Type Car Holder Fix...,6.3,35.28,4.8,Estabelecida,800,https://www.aliexpress.us/item/1005007600425317.html
ACEBOTT Carrinho Robótico Inteligente DIY ESP32 com Lançador de Água - STEM Arduino,1005010759377860,"Car air freshener, three strengths adjustable, car aromatherap...",9.86,55.22,4.9,Estabelecida,2,https://www.aliexpress.us/item/1005010759377860.html
ACEBOTT Carrinho Robótico Inteligente DIY ESP32 com Lançador de Água - STEM Arduino,1005010215473465,Xiaomi Mijia Car Vacuum Cleaner Strong Suction Three-in-One De...,69.98,391.89,4.8,Estabelecida,134,https://www.aliexpress.us/item/1005010215473465.html
ACEBOTT Carrinho Robótico Inteligente DIY ESP32 com Lançador de Água - STEM Arduino,1005007747083839,Rotating pilot bear ornaments outlet car air freshener vent cl...,5.0,28.0,4.6,Estabelecida,800,https://www.aliexpress.us/item/1005007747083839.html
ACEBOTT Carrinho Robótico Inteligente DIY ESP32 com Lançador de Água - STEM Arduino,1005007370323840,Car Air Freshener Electric Auto Aroma Diffuser Car Air Vent Es...,12.46,69.78,4.6,Estabelecida,5,https://www.aliexpress.us/item/1005007370323840.html
ACEBOTT Carrinho Robótico Inteligente DIY ESP32 com Lançador de Água - STEM Arduino,1005010352960083,Car Window Cleaner Brush Kit Long Handle Windshield Wiper Inte...,2.7,15.12,4.8,Estabelecida,155,https://www.aliexpress.us/item/1005010352960083.html
ACEBOTT Carrinho Robótico Inteligente DIY ESP32 com Lançador de Água - STEM Arduino,1005009051251755,Car Mini Air Humidifier 180ML USB Electric Aroma Diffuser Esse...,0.95,5.32,4.6,Estabelecida,340,https://www.aliexpress.us/item/1005009051251755.html
ACEBOTT Carrinho Robótico Inteligente DIY ESP32 com Lançador de Água - STEM Arduino,1005009524945969,M11 1/4 1/8 Digital Car Tire Air Pressure Inflator Gauge LCD D...,3.3,18.48,4.6,Estabelecida,308,https://www.aliexpress.us/item/1005009524945969.html
ACEBOTT Carrinho Robótico Inteligente DIY ESP32 com Lançador de Água - STEM Arduino,1005012374382792,Natural Wood Apple Aroma Diffuser Car Home Office Tabletop Dec...,1.3,7.28,4.9,Estabelecida,800,https://www.aliexpress.us/item/1005012374382792.html
ACEBOTT Carrinho Robótico Inteligente DIY ESP32 com Lançador de Água - STEM Arduino,1005010108361796,Round Car Perfume Bottle Ornament Aromatherapy Essential Oil B...,2.27,12.71,4.5,Estabelecida,1,https://www.aliexpress.us/item/1005010108361796.html
ACEBOTT Carrinho Robótico Inteligente DIY ESP32 com Lançador de Água - STEM Arduino,1005007856984842,Car Essential Oil Diffuser Fragrance Air Freshener Perfume Bot...,2.3,12.88,4.9,Estabelecida,275,https://www.aliexpress.us/item/1005007856984842.html
R&B Boneca Reborn Realista Corpo Macio - Pintura 3D estilo Bebê de Verdade,3256812576407639,20 Inch Cloth Body Reborn Baby Doll Hand Rooted Blonde Hair 3D...,32.79,183.62,0.0,Nova,0,https://www.aliexpress.us/item/3256812576407639.html
R&B Boneca Reborn Realista Corpo Macio - Pintura 3D estilo Bebê de Verdade,3256807771535328,Risbecko 20 Inch Reborn Baby Doll Cute Doll Soft Touch 3D Pain...,36.6,204.96,4.7,Estabelecida,92,https://www.aliexpress.us/item/3256807771535328.html
R&B Boneca Reborn Realista Corpo Macio - Pintura 3D estilo Bebê de Verdade,3256811598099239,18 Inch Can Open Mouth Silicone Reborn Baby Girl Soft Touch Si...,206.63,1157.13,5.0,Estabelecida,17,https://www.aliexpress.us/item/3256811598099239.html
R&B Boneca Reborn Realista Corpo Macio - Pintura 3D estilo Bebê de Verdade,3256805948836741,BZDOLL Realistic 48cm Soft Silicone Asleep Reborn Baby Doll Wi...,34.85,195.16,4.5,Estabelecida,800,https://www.aliexpress.us/item/3256805948836741.html
R&B Boneca Reborn Realista Corpo Macio - Pintura 3D estilo Bebê de Verdade,3256807290320813,MRB 19 inch Already Painted Reborn Doll Parts Levi Awake Lifel...,26.39,147.78,4.9,Estabelecida,346,https://www.aliexpress.us/item/3256807290320813.html
R&B Boneca Reborn Realista Corpo Macio - Pintura 3D estilo Bebê de Verdade,3256812468489868,24inch Lifelike Reborn Sandie Doll Multiple Layers Painting 3D...,49.69,278.26,0.0,Nova,0,https://www.aliexpress.us/item/3256812468489868.html
R&B Boneca Reborn Realista Corpo Macio - Pintura 3D estilo Bebê de Verdade,3256812639062030,"20-Inch Reborn Baby Doll, 3D Skin Texture, Premium Handcrafted...",36.91,206.7,0.0,Nova,2,https://www.aliexpress.us/item/3256812639062030.html
R&B Boneca Reborn Realista Corpo Macio - Pintura 3D estilo Bebê de Verdade,3256812261003692,NPK Reborn Doll Parts Juliette 19inch Already Finished Painted...,16.0,89.6,5.0,Estabelecida,4,https://www.aliexpress.us/item/3256812261003692.html
R&B Boneca Reborn Realista Corpo Macio - Pintura 3D estilo Bebê de Verdade,3256806902971210,NPK 19inch Full Body Pascale Reborn Baby Newborn Doll Lifelike...,58.07,325.19,5.0,Estabelecida,32,https://www.aliexpress.us/item/3256806902971210.html
R&B Boneca Reborn Realista Corpo Macio - Pintura 3D estilo Bebê de Verdade,3256806776512522,Reborn Boy preemy Soft 18 Inch Kid Boy Full Body 3D Painted Si...,164.79,922.82,0.0,Nova,4,https://www.aliexpress.us/item/3256806776512522.html
R&B Boneca Reborn Realista Corpo Macio - Pintura 3D estilo Bebê de Verdade,3256805510603105,Finished Reborn Doll Meadow Vinyl Or Cloth Body Newborn Toy Fo...,33.64,188.38,4.6,Estabelecida,2,https://www.aliexpress.us/item/3256805510603105.html
R&B Boneca Reborn Realista Corpo Macio - Pintura 3D estilo Bebê de Verdade,3256810573020170,NPK 19inch Lali Newborn Baby Reborn Doll - Soft Touch Lifelike...,35.48,198.69,4.9,Estabelecida,102,https://www.aliexpress.us/item/3256810573020170.html
R&B Boneca Reborn Realista Corpo Macio - Pintura 3D estilo Bebê de Verdade,3256808464484743,NPK 19inch Daphnne Full Body Reborn Lifelike Baby Doll with 3D...,40.05,224.28,0.0,Nova,0,https://www.aliexpress.us/item/3256808464484743.html
R&B Boneca Reborn Realista Corpo Macio - Pintura 3D estilo Bebê de Verdade,3256805842593077,1Pcs 50CM Finished Reborn Baby Dolls LouLou Twins Girl Lifelik...,44.99,251.94,4.8,Estabelecida,900,https://www.aliexpress.us/item/3256805842593077.html
R&B Boneca Reborn Realista Corpo Macio - Pintura 3D estilo Bebê de Verdade,3256812614819442,25Inch Hand-Rooted Hair Reborn Pippa Doll Handmade Huge Size T...,59.7,334.32,0.0,Nova,0,https://www.aliexpress.us/item/3256812614819442.html
R&B Boneca Reborn Realista Corpo Macio - Pintura 3D estilo Bebê de Verdade,3256812627192464,24inch Multiple Layers Painting Sandie Dark Skin Soft Cloth Bo...,61.03,341.77,0.0,Nova,0,https://www.aliexpress.us/item/3256812627192464.html
R&B Boneca Reborn Realista Corpo Macio - Pintura 3D estilo Bebê de Verdade,3256806677530795,BZDOLL Realistic 60cm 24inch Soft Silicone Reborn Baby Doll Wi...,56.79,318.02,4.9,Estabelecida,376,https://www.aliexpress.us/item/3256806677530795.html
R&B Boneca Reborn Realista Corpo Macio - Pintura 3D estilo Bebê de Verdade,3256811621761582,Risbecko 20 Inch Lifelike Black Reborn Baby Doll - African Ame...,46.83,262.25,5.0,Estabelecida,50,https://www.aliexpress.us/item/3256811621761582.html
R&B Boneca Reborn Realista Corpo Macio - Pintura 3D estilo Bebê de Verdade,3256810070761792,50cm Realistic Silicone Reborn Baby Girl Loulou Rooted Hair Ar...,267.25,1496.6,5.0,Estabelecida,16,https://www.aliexpress.us/item/3256810070761792.html
R&B Boneca Reborn Realista Corpo Macio - Pintura 3D estilo Bebê de Verdade,3256809557384969,19inch LouLou Dark Skin Soft Cloth Body Lifelike Newborn Rebor...,41.24,230.94,5.0,Estabelecida,7,https://www.aliexpress.us/item/3256809557384969.html
R&B Boneca Reborn Realista Corpo Macio - Pintura 3D estilo Bebê de Verdade,3256812288592647,NPK Abigail 19-inch Newborn Baby Doll - Lifelike Cuddly Realis...,38.15,213.64,4.9,Estabelecida,91,https://www.aliexpress.us/item/3256812288592647.html
R&B Boneca Reborn Realista Corpo Macio - Pintura 3D estilo Bebê de Verdade,3256806967112652,MRB 19 inch Already Finished Painted Reborn Doll Parts Juliett...,21.1,118.16,4.8,Estabelecida,1,https://www.aliexpress.us/item/3256806967112652.html
R&B Boneca Reborn Realista Corpo Macio - Pintura 3D estilo Bebê de Verdade,3256812013205038,18inch Reborn Bettie Realistic Baby Soft Touch Cuddly Multiple...,50.55,283.08,0.0,Nova,1,https://www.aliexpress.us/item/3256812013205038.html
R&B Boneca Reborn Realista Corpo Macio - Pintura 3D estilo Bebê de Verdade,3256811650452825,Herpinker 18.5inch 3.04kg 100% Full Body Silicone Reborn Baby ...,126.91,710.7,5.0,Estabelecida,8,https://www.aliexpress.us/item/3256811650452825.html
R&B Boneca Reborn Realista Corpo Macio - Pintura 3D estilo Bebê de Verdade,3256810439601882,NPK 19inch  Full body Vinyl Monkey Finished  Reborn Baby Doll ...,53.37,298.87,4.7,Estabelecida,18,https://www.aliexpress.us/item/3256810439601882.html
R&B Boneca Reborn Realista Corpo Macio - Pintura 3D estilo Bebê de Verdade,3256809511126518,55cm Sue-sue Full Vinyl Body Cute Princess Reborn Toddler Girl...,53.21,297.98,0.0,Nova,0,https://www.aliexpress.us/item/3256809511126518.html
R&B Boneca Reborn Realista Corpo Macio - Pintura 3D estilo Bebê de Verdade,3256811467757928,Risbecko 48cm Reborn Doll Baby Full Silicone Vinyl Girl Body -...,37.59,210.5,4.9,Estabelecida,84,https://www.aliexpress.us/item/3256811467757928.html
R&B Boneca Reborn Realista Corpo Macio - Pintura 3D estilo Bebê de Verdade,3256805684173908,55cm Sleeping Bebe Reborn With Rooted Hair Handmade Lifelike R...,42.85,239.96,5.0,Estabelecida,12,https://www.aliexpress.us/item/3256805684173908.html
R&B Boneca Reborn Realista Corpo Macio - Pintura 3D estilo Bebê de Verdade,3256812419739908,KEIUMI 22 Inch Handmade Painting Realistic Skin Full Body Viny...,53.7,300.72,5.0,Estabelecida,1,https://www.aliexpress.us/item/3256812419739908.html
R&B Boneca Reborn Realista Corpo Macio - Pintura 3D estilo Bebê de Verdade,3256807619243156,55CM Full Body Silicone Waterproof Reborn Toddler Girl Doll Pr...,56.85,318.36,4.9,Estabelecida,356,https://www.aliexpress.us/item/3256807619243156.html
R&B Boneca Reborn Realista Corpo Macio - Pintura 3D estilo Bebê de Verdade,3256806808176057,18Inch Already Finished Reborn Doll Felicia Adorable Lifelike ...,39.84,223.1,4.9,Estabelecida,600,https://www.aliexpress.us/item/3256806808176057.html
R&B Boneca Reborn Realista Corpo Macio - Pintura 3D estilo Bebê de Verdade,3256809619835123,NPK 18inch Bettie Reborn Baby Doll - Newborn Lifelike Soft Tou...,39.83,223.05,4.5,Estabelecida,109,https://www.aliexpress.us/item/3256809619835123.html
R&B Boneca Reborn Realista Corpo Macio - Pintura 3D estilo Bebê de Verdade,3256810287448866,NPK 48cm Lifelike Reborn Baby Doll Dark Skin Primrose Awake wi...,36.51,204.46,4.5,Estabelecida,27,https://www.aliexpress.us/item/3256810287448866.html
R&B Boneca Reborn Realista Corpo Macio - Pintura 3D estilo Bebê de Verdade,3256812399014196,19inch Lifelike Reborn Collectible Doll Loulou Awak with 2 Ver...,42.93,240.41,5.0,Estabelecida,11,https://www.aliexpress.us/item/3256812399014196.html
R&B Boneca Reborn Realista Corpo Macio - Pintura 3D estilo Bebê de Verdade,3256812644485933,18 Inch Hulexy Girl Reborn Baby Doll Bald Open Eyes Solid Full...,204.6,1145.76,0.0,Nova,1,https://www.aliexpress.us/item/3256812644485933.html
R&B Boneca Reborn Realista Corpo Macio - Pintura 3D estilo Bebê de Verdade,3256812498070148,3D Painted Skin with Visible Veins Reborn Pickle 50CM Realisti...,49.15,275.24,0.0,Nova,1,https://www.aliexpress.us/item/3256812498070148.html
R&B Boneca Reborn Realista Corpo Macio - Pintura 3D estilo Bebê de Verdade,3256807619391405,20Inch Already Painted Reborn Doll Kit Laura 3D Painted Skin M...,28.59,160.1,4.9,Estabelecida,2,https://www.aliexpress.us/item/3256807619391405.html
R&B Boneca Reborn Realista Corpo Macio - Pintura 3D estilo Bebê de Verdade,3256808942959089,NPK 19inch vivienne Full Body Reborn Lifelike Baby Doll with 3...,39.6,221.76,5.0,Estabelecida,1,https://www.aliexpress.us/item/3256808942959089.html
R&B Boneca Reborn Realista Corpo Macio - Pintura 3D estilo Bebê de Verdade,3256812660858204,"Realistic Reborn Baby Doll, 19-Inch African American Lifelike ...",38.81,217.34,0.0,Nova,1,https://www.aliexpress.us/item/3256812660858204.html
R&B Boneca Reborn Realista Corpo Macio - Pintura 3D estilo Bebê de Verdade,3256809401698556,48CM Reborn Baby Doll Pascale Full Body Silicone Sleeping Newb...,38.24,214.14,5.0,Estabelecida,32,https://www.aliexpress.us/item/3256809401698556.html
R&B Boneca Reborn Realista Corpo Macio - Pintura 3D estilo Bebê de Verdade,3256805484286279,18 Inch Bebe Bettie Doll Kits 3D Painting Handmade Soft Vinyl ...,21.02,117.71,0.0,Nova,1,https://www.aliexpress.us/item/3256805484286279.html
R&B Boneca Reborn Realista Corpo Macio - Pintura 3D estilo Bebê de Verdade,3256809548445201,24inch Sandie Soft Cotton Body Hand Root Blond Hair Lifelike R...,58.08,325.25,0.0,Nova,0,https://www.aliexpress.us/item/3256809548445201.html
R&B Boneca Reborn Realista Corpo Macio - Pintura 3D estilo Bebê de Verdade,3256812613069354,"Lifelike Reborn Baby Dolls-18 Inch Realistic Newborn Baby, Clo...",31.11,174.22,0.0,Nova,1,https://www.aliexpress.us/item/3256812613069354.html
R&B Boneca Reborn Realista Corpo Macio - Pintura 3D estilo Bebê de Verdade,3256812483016573,AONPENG 55cm Baby Reborn Cloth Body Doll Toy with Realistic 3D...,49.74,278.54,0.0,Nova,0,https://www.aliexpress.us/item/3256812483016573.html
R&B Boneca Reborn Realista Corpo Macio - Pintura 3D estilo Bebê de Verdade,3256809502291038,NPK 19''High Quality Handmade Art EVI Newborn Baby Reborn Doll...,45.31,253.74,5.0,Estabelecida,3,https://www.aliexpress.us/item/3256809502291038.html
Daytech Sensor de Porta Sem Fio Tuya com Campainha - Segurança Infantil,3256811628348887,Tuya Zigbee Smart Temperature Humidity Sensor Indoor Hygromete...,2.33,13.05,4.6,Estabelecida,5,https://www.aliexpress.us/item/3256811628348887.html
Daytech Sensor de Porta Sem Fio Tuya com Campainha - Segurança Infantil,3256811657444374,Tuya ZigBee Smart Water Leak Sensor Flood Leakage Sensor Alarm...,3.39,18.98,4.7,Estabelecida,5,https://www.aliexpress.us/item/3256811657444374.html
Daytech Sensor de Porta Sem Fio Tuya com Campainha - Segurança Infantil,3256805820742057,Meian Smart Home Doorbell Wireless Security Doorbell IP65 Wate...,3.98,22.29,4.9,Estabelecida,1,https://www.aliexpress.us/item/3256805820742057.html
Daytech Sensor de Porta Sem Fio Tuya com Campainha - Segurança Infantil,3256806718138113,Tuya WiFi Smart Vibration Sensor Motion Detection Smart Life A...,3.33,18.65,4.9,Estabelecida,1,https://www.aliexpress.us/item/3256806718138113.html
Daytech Sensor de Porta Sem Fio Tuya com Campainha - Segurança Infantil,3256807290597557,Wireless Doorbell Intelligent Welcome Door Bell 300M/984 FT Re...,5.59,31.3,4.9,Estabelecida,10,https://www.aliexpress.us/item/3256807290597557.html
Daytech Sensor de Porta Sem Fio Tuya com Campainha - Segurança Infantil,3256805698609024,1080P Wireless Video Doorbell Camera WiFi Smart Door Bell Tuya...,41.54,232.62,4.6,Estabelecida,2,https://www.aliexpress.us/item/3256805698609024.html
Daytech Sensor de Porta Sem Fio Tuya com Campainha - Segurança Infantil,3256806491744801,Fuers Wireless Doorbell Waterproof Door Chime Kit Welcome Chim...,6.33,35.45,4.9,Estabelecida,5,https://www.aliexpress.us/item/3256806491744801.html
Daytech Sensor de Porta Sem Fio Tuya com Campainha - Segurança Infantil,3256812048555313,Smart Wireless Doorbell Door Chime Kit No Socket Required 300M...,2.43,13.61,5.0,Estabelecida,14,https://www.aliexpress.us/item/3256812048555313.html
Daytech Sensor de Porta Sem Fio Tuya com Campainha - Segurança Infantil,3256809467714827,Tuya Zigbee Wireless Door Windows Sensor Mini Smart Home Wirel...,5.33,29.85,4.8,Estabelecida,5,https://www.aliexpress.us/item/3256809467714827.html
Daytech Sensor de Porta Sem Fio Tuya com Campainha - Segurança Infantil,3256806819124077,Wireless Motion Sensor Alarm with 2 Remote Controls PIR Alert ...,0.99,5.54,5.0,Estabelecida,9,https://www.aliexpress.us/item/3256806819124077.html
Daytech Sensor de Porta Sem Fio Tuya com Campainha - Segurança Infantil,3256810099198669,Standalone CO Gas Detector LCD Display Carbon Monoxide Warning...,2.33,13.05,4.9,Estabelecida,10,https://www.aliexpress.us/item/3256810099198669.html
Daytech Sensor de Porta Sem Fio Tuya com Campainha - Segurança Infantil,3256806596520875,Wireless Doorbell FullHouse Waterproof Door Chime Kit Includes...,3.33,18.65,4.9,Estabelecida,5,https://www.aliexpress.us/item/3256806596520875.html
Daytech Sensor de Porta Sem Fio Tuya com Campainha - Segurança Infantil,3256809589928994,MOES Zigbee Smart Light Sensing Window/Door Sensor Tuya Mini W...,1.78,9.97,5.0,Estabelecida,32,https://www.aliexpress.us/item/3256809589928994.html
Daytech Sensor de Porta Sem Fio Tuya com Campainha - Segurança Infantil,3256808527039599,Wireless Doorbell Welcome Bell Intelligent Home Door Bell Alar...,0.99,5.54,4.9,Estabelecida,150,https://www.aliexpress.us/item/3256808527039599.html
Daytech Sensor de Porta Sem Fio Tuya com Campainha - Segurança Infantil,2255800951200816,KERUI  Driveway Alarm Systems Smart Home Waterproof Motion Sen...,1.61,9.02,4.8,Estabelecida,71,https://www.aliexpress.us/item/2255800951200816.html
Daytech Sensor de Porta Sem Fio Tuya com Campainha - Segurança Infantil,3256807387154047,5G 2.4G WiFi Video Doorbell 1080P Tuya Smart Outdoor Wireless ...,57.77,323.51,4.5,Estabelecida,3,https://www.aliexpress.us/item/3256807387154047.html
Daytech Sensor de Porta Sem Fio Tuya com Campainha - Segurança Infantil,3256806342916085,CPVAN Tuya Smart Home Alarm System Wireless WIFI 2.4G Home Bur...,26.27,147.11,4.5,Estabelecida,22,https://www.aliexpress.us/item/3256806342916085.html
Daytech Sensor de Porta Sem Fio Tuya com Campainha - Segurança Infantil,3256806866985826,Elecpow 2.4Inch Peephole Doorbell Camera 120° LCD HD Infrared ...,23.64,132.38,4.5,Estabelecida,143,https://www.aliexpress.us/item/3256806866985826.html
Daytech Sensor de Porta Sem Fio Tuya com Campainha - Segurança Infantil,3256808941810868,"Tuya WiFi 10"" Video Doorphone, With DC12V Fail Safe NC Lock, 1...",272.31,1524.94,0.0,Nova,1,https://www.aliexpress.us/item/3256808941810868.html
Daytech Sensor de Porta Sem Fio Tuya com Campainha - Segurança Infantil,3256807317441072,Tuya WiFi Water Leakage Sensor Smart Home Flood  Detector APP ...,2.03,11.37,4.6,Estabelecida,129,https://www.aliexpress.us/item/3256807317441072.html
Daytech Sensor de Porta Sem Fio Tuya com Campainha - Segurança Infantil,3256806382206103,PGST 4G 2G GSM WiFi Alarm System House Home Security Protectio...,84.59,473.7,4.7,Estabelecida,3,https://www.aliexpress.us/item/3256806382206103.html
Daytech Sensor de Porta Sem Fio Tuya com Campainha - Segurança Infantil,3256807811207156,Tuya WiFi SOS Panic Call Button Smart Life APP Rechargeable Ba...,2.06,11.54,4.8,Estabelecida,800,https://www.aliexpress.us/item/3256807811207156.html
Daytech Sensor de Porta Sem Fio Tuya com Campainha - Segurança Infantil,3256810300244326,ZigBee Smart Window Door Gate Sensor Contact Detector Smart Li...,0.99,5.54,4.7,Estabelecida,2,https://www.aliexpress.us/item/3256810300244326.html
Daytech Sensor de Porta Sem Fio Tuya com Campainha - Segurança Infantil,3256812585695453,Wireless Doorbell Intelligent Welcome Door Bell 300M/984 FT Re...,7.55,42.28,0.0,Nova,1,https://www.aliexpress.us/item/3256812585695453.html
Daytech Sensor de Porta Sem Fio Tuya com Campainha - Segurança Infantil,3256811734582927,14mm Door Camera Tuya Video Peephole 2.4G / 5G Wifi Camera Min...,46.18,258.61,4.5,Estabelecida,52,https://www.aliexpress.us/item/3256811734582927.html
Daytech Sensor de Porta Sem Fio Tuya com Campainha - Segurança Infantil,3256807450057282,Xiaomi Smart Cat eye 2 WiFi Wireless Camera Video Peephole Doo...,132.68,743.01,4.9,Estabelecida,600,https://www.aliexpress.us/item/3256807450057282.html
Daytech Sensor de Porta Sem Fio Tuya com Campainha - Segurança Infantil,3256809968904114,LED Thermometer Thermo-Hygrometer Multifunction Electronic Clo...,0.33,1.85,4.9,Estabelecida,50,https://www.aliexpress.us/item/3256809968904114.html
Daytech Sensor de Porta Sem Fio Tuya com Campainha - Segurança Infantil,3256806491780782,Tuya Smart WiFi Door Sensor Smart Home Open Close Detector Sma...,2.33,13.05,4.9,Estabelecida,10,https://www.aliexpress.us/item/3256806491780782.html
Daytech Sensor de Porta Sem Fio Tuya com Campainha - Segurança Infantil,3256807619328767,Tuya Smart WIFI Wireless Security Alarm System Alarm Kit Home ...,0.99,5.54,4.9,Estabelecida,1,https://www.aliexpress.us/item/3256807619328767.html
Daytech Sensor de Porta Sem Fio Tuya com Campainha - Segurança Infantil,3256809087523972,"PGST 433MHz intelligent alarm accessories, WIFI connection GSM...",6.7,37.52,4.9,Estabelecida,1,https://www.aliexpress.us/item/3256809087523972.html
Daytech Sensor de Porta Sem Fio Tuya com Campainha - Segurança Infantil,3256809160538929,Haozee Tuya ZigBee/Wifi SOS Emergency Butto Elderly Children A...,11.03,61.77,4.5,Estabelecida,211,https://www.aliexpress.us/item/3256809160538929.html
Daytech Sensor de Porta Sem Fio Tuya com Campainha - Segurança Infantil,3256808708897029,Tuya Smart APP WIFI HD 10” Video Doorphone Entry Intercom Syst...,192.8,1079.68,4.7,Estabelecida,17,https://www.aliexpress.us/item/3256808708897029.html
Daytech Sensor de Porta Sem Fio Tuya com Campainha - Segurança Infantil,3256808039759240,Smart TPMS Car Tire Pressure Alarm Monitor System 4 External S...,11.11,62.22,4.8,Estabelecida,259,https://www.aliexpress.us/item/3256808039759240.html
Interruptor Touch Inteligente Tuya 10A - 1 a 4 Botões com Alexa e Google Home,3256810034179957,Tuya WiFi Smart Light Switch Glass Touch Control Fireproof No ...,6.07,33.99,4.9,Estabelecida,600,https://www.aliexpress.us/item/3256810034179957.html
Interruptor Touch Inteligente Tuya 10A - 1 a 4 Botões com Alexa e Google Home,3256807353403136,US WiFi Smart Wall Switch Touch Sensor LED Light Switches RF43...,5.33,29.85,4.9,Estabelecida,5,https://www.aliexpress.us/item/3256807353403136.html
Interruptor Touch Inteligente Tuya 10A - 1 a 4 Botões com Alexa e Google Home,3256812621469112,"AVATTO WiFi 1/2/3/4 Gang Smart Light Switch,Wireless Wall Touc...",13.43,75.21,4.9,Estabelecida,1,https://www.aliexpress.us/item/3256812621469112.html
Interruptor Touch Inteligente Tuya 10A - 1 a 4 Botões com Alexa e Google Home,3256812152164146,MOES Star Feather Tuya ZigBee Smart Touch Switch US 1/2/3/4 Ga...,25.09,140.5,0.0,Nova,413,https://www.aliexpress.us/item/3256812152164146.html
Interruptor Touch Inteligente Tuya 10A - 1 a 4 Botões com Alexa e Google Home,3256812039547800,Tuya WiFi Smart Light Switch EU Standard Glass Touch Control W...,3.13,17.53,5.0,Estabelecida,5,https://www.aliexpress.us/item/3256812039547800.html
Interruptor Touch Inteligente Tuya 10A - 1 a 4 Botões com Alexa e Google Home,3256812339587456,MOES Tuya Star Grand Series Matter WiFi Smart Light Switch 10A...,18.87,105.67,0.0,Nova,8,https://www.aliexpress.us/item/3256812339587456.html
Interruptor Touch Inteligente Tuya 10A - 1 a 4 Botões com Alexa e Google Home,3256804646222389,1 2 3 4 Gang 2 3 Way WiFi RF 433mhz Tuya Smart Wireless Touch ...,11.91,66.7,4.8,Estabelecida,600,https://www.aliexpress.us/item/3256804646222389.html
Interruptor Touch Inteligente Tuya 10A - 1 a 4 Botões com Alexa e Google Home,3256803230807907,GIRIER Tuya ZigBee 3.0 Switch Module 10A Smart Home DIY Breake...,1.32,7.39,4.9,Estabelecida,5,https://www.aliexpress.us/item/3256803230807907.html
Interruptor Touch Inteligente Tuya 10A - 1 a 4 Botões com Alexa e Google Home,3256806717036170,Tuya Smart Wifi Light Switch No Neutral Wire Touch Panel EU 1/...,2.18,12.21,4.8,Estabelecida,2,https://www.aliexpress.us/item/3256806717036170.html
Interruptor Touch Inteligente Tuya 10A - 1 a 4 Botões com Alexa e Google Home,3256811488597837,"SmarDeer Tuya Smart Switch, 1/2/3Gang Wifi Touch Switches, Wor...",9.44,52.86,5.0,Estabelecida,1,https://www.aliexpress.us/item/3256811488597837.html
Interruptor Touch Inteligente Tuya 10A - 1 a 4 Botões com Alexa e Google Home,3256810034259625,MOES Tuya ZigBee Smart Light Switch US Push Button Wall Switch...,11.8,66.08,4.9,Estabelecida,5,https://www.aliexpress.us/item/3256810034259625.html
Interruptor Touch Inteligente Tuya 10A - 1 a 4 Botões com Alexa e Google Home,3256803324767867,Melery Smart WiFi Tuya Ewelink Light Wall Switches Touch Glass...,18.21,101.98,4.5,Estabelecida,342,https://www.aliexpress.us/item/3256803324767867.html
Interruptor Touch Inteligente Tuya 10A - 1 a 4 Botões com Alexa e Google Home,3256805557700346,Tuya ZigBee Mini Smart Switch 16/10A 1/2/3/4 Gang 2 Way Contro...,16.24,90.94,4.7,Estabelecida,416,https://www.aliexpress.us/item/3256805557700346.html
Interruptor Touch Inteligente Tuya 10A - 1 a 4 Botões com Alexa e Google Home,3256812667222578,Tuya Smart Wifi Switch With Brazil Socket 10A Plug Outlet Wall...,7.11,39.82,0.0,Nova,1,https://www.aliexpress.us/item/3256812667222578.html
Interruptor Touch Inteligente Tuya 10A - 1 a 4 Botões com Alexa e Google Home,3256803507329989,"GIRIER Tuya ZigBee 3.0 Smart Dimmer Switch Module, Supports 2 ...",13.36,74.82,4.7,Estabelecida,1,https://www.aliexpress.us/item/3256803507329989.html
Interruptor Touch Inteligente Tuya 10A - 1 a 4 Botões com Alexa e Google Home,3256804498868899,Tuya WiFi No Neutral/With Neutral Wall Light Smart Switch Spri...,20.69,115.86,4.5,Estabelecida,25,https://www.aliexpress.us/item/3256804498868899.html
Interruptor Touch Inteligente Tuya 10A - 1 a 4 Botões com Alexa e Google Home,3256808589425609,Melery Wifi Smart Tuya Light Switch 4/5/6/8/10 Gang Glass Wall...,20.14,112.78,4.6,Estabelecida,340,https://www.aliexpress.us/item/3256808589425609.html
Interruptor Touch Inteligente Tuya 10A - 1 a 4 Botões com Alexa e Google Home,3256807988108479,1 2 3 4 gang Tuya ZigBee WiFi US Smart Light Switch Touch Swit...,17.7,99.12,4.6,Estabelecida,1,https://www.aliexpress.us/item/3256807988108479.html
Interruptor Touch Inteligente Tuya 10A - 1 a 4 Botões com Alexa e Google Home,3256809266305415,Tuya ZigBee 3.0 Switch Module 10A Smart Home DIY Breaker 1/2/3...,18.61,104.22,0.0,Nova,4,https://www.aliexpress.us/item/3256809266305415.html
Interruptor Touch Inteligente Tuya 10A - 1 a 4 Botões com Alexa e Google Home,3256811986831895,MOES Tuya Star Grand Series Matter WiFi Smart Light Switch 10A...,19.43,108.81,5.0,Estabelecida,34,https://www.aliexpress.us/item/3256811986831895.html
Interruptor Touch Inteligente Tuya 10A - 1 a 4 Botões com Alexa e Google Home,2255799929478024,Melery Wifi Smart Life Light Switch 2 Way Glass Screen Touch P...,18.67,104.55,4.8,Estabelecida,900,https://www.aliexpress.us/item/2255799929478024.html
Interruptor Touch Inteligente Tuya 10A - 1 a 4 Botões com Alexa e Google Home,3256803138382761,BSEED Zigbee Smart Switch 1/2/3Gang Sensor Switch Function Par...,6.13,34.33,4.5,Estabelecida,700,https://www.aliexpress.us/item/3256803138382761.html
Interruptor Touch Inteligente Tuya 10A - 1 a 4 Botões com Alexa e Google Home,3256811723504733,RKHK Tuya Wifi Smart Switch Suitable for Smart Life App Alexa ...,25.27,141.51,5.0,Estabelecida,8,https://www.aliexpress.us/item/3256811723504733.html
Interruptor Touch Inteligente Tuya 10A - 1 a 4 Botões com Alexa e Google Home,3256802916950555,BSEED Zigbee Touch Switches 1/2/3Gang 1Way Smart Light Switch ...,18.13,101.53,4.7,Estabelecida,2,https://www.aliexpress.us/item/3256802916950555.html
Interruptor Touch Inteligente Tuya 10A - 1 a 4 Botões com Alexa e Google Home,2255799840645207,Melery Wifi Smart Light Wall Switch Tuya/Ewelink Interruptor R...,16.78,93.97,5.0,Estabelecida,120,https://www.aliexpress.us/item/2255799840645207.html
Interruptor Touch Inteligente Tuya 10A - 1 a 4 Botões com Alexa e Google Home,3256812330712988,1 2 3 4 gang Tuya ZigBee WiFi US Smart Light Switch Touch Swit...,10.88,60.93,5.0,Estabelecida,19,https://www.aliexpress.us/item/3256812330712988.html
Interruptor Touch Inteligente Tuya 10A - 1 a 4 Botões com Alexa e Google Home,3256809047893089,Melery Wifi Smart Light Switch 1/2/3/4 Gang Glass Wall Touch S...,17.32,96.99,4.9,Estabelecida,140,https://www.aliexpress.us/item/3256809047893089.html
Interruptor Touch Inteligente Tuya 10A - 1 a 4 Botões com Alexa e Google Home,3256806780026866,Smart Switches US Neutral Wire/No Neutral Wire Required 1/2/3/...,2.34,13.1,4.9,Estabelecida,2,https://www.aliexpress.us/item/3256806780026866.html
Interruptor Touch Inteligente Tuya 10A - 1 a 4 Botões com Alexa e Google Home,3256812678078639,Tuya Brazil Standard Smart Wifi Switch With Socket Plug Touch ...,9.7,54.32,0.0,Nova,0,https://www.aliexpress.us/item/3256812678078639.html
Interruptor Touch Inteligente Tuya 10A - 1 a 4 Botões com Alexa e Google Home,3256812199964715,Tuya Zigbee Smart Switch Module 10A DIY Smart Home Relay 1 2 3...,0.99,5.54,4.8,Estabelecida,166,https://www.aliexpress.us/item/3256812199964715.html
Interruptor Touch Inteligente Tuya 10A - 1 a 4 Botões com Alexa e Google Home,3256808811787853,Melery White Edge Wifi Smart Wall Light Switch Glass Touch Pow...,18.46,103.38,5.0,Estabelecida,142,https://www.aliexpress.us/item/3256808811787853.html
Interruptor Touch Inteligente Tuya 10A - 1 a 4 Botões com Alexa e Google Home,3256805714477460,Melery Zigbee Tuya Smart Wall Light Switch Touch Glass Panel W...,26.8,150.08,5.0,Estabelecida,92,https://www.aliexpress.us/item/3256805714477460.html
Interruptor Touch Inteligente Tuya 10A - 1 a 4 Botões com Alexa e Google Home,3256806910679905,MOES Tuya Smart ZigBee Light Switch Touch Glass Panel Fireproo...,16.89,94.58,4.9,Estabelecida,2,https://www.aliexpress.us/item/3256806910679905.html
Interruptor Touch Inteligente Tuya 10A - 1 a 4 Botões com Alexa e Google Home,3256807399545908,Tuya WiFi Smart Light Switch Glass Touch Control Fireproof No ...,7.54,42.22,4.8,Estabelecida,393,https://www.aliexpress.us/item/3256807399545908.html
Interruptor Touch Inteligente Tuya 10A - 1 a 4 Botões com Alexa e Google Home,3256812356634169,"AVATTO WiFi 1/2/3/4 Gang Smart Light Switch,Wireless Wall Touc...",11.13,62.33,4.9,Estabelecida,120,https://www.aliexpress.us/item/3256812356634169.html
Interruptor Touch Inteligente Tuya 10A - 1 a 4 Botões com Alexa e Google Home,3256812093590202,WiFi Smart Switch 4*4 No Neutral 4/6 Gang Touch Light Wall Swi...,24.49,137.14,0.0,Nova,3,https://www.aliexpress.us/item/3256812093590202.html
Interruptor Touch Inteligente Tuya 10A - 1 a 4 Botões com Alexa e Google Home,3256812586829753,WiFi RF Work Witch Tuya 433mhz Touch Wall Light Smart Switch 1...,1.57,8.79,0.0,Nova,14,https://www.aliexpress.us/item/3256812586829753.html
Interruptor Touch Inteligente Tuya 10A - 1 a 4 Botões com Alexa e Google Home,3256812335693976,MOES Tuya Star Grand Series Matter WiFi Smart Light Switch 10A...,43.93,246.01,0.0,Nova,0,https://www.aliexpress.us/item/3256812335693976.html
Máquina de Café Espresso Portátil USB para Viagem e Camping - Aquecimento Automático,3256809274157110,DENOKIN Portable Espresso Coffee Machine With Digital Display ...,41.65,233.24,4.9,Estabelecida,5,https://www.aliexpress.us/item/3256809274157110.html
Máquina de Café Espresso Portátil USB para Viagem e Camping - Aquecimento Automático,3256812072270709,Portable 3 in 1 Electric Espresso Coffee Maker Rechargeable Se...,69.38,388.53,0.0,Nova,12,https://www.aliexpress.us/item/3256812072270709.html
Máquina de Café Espresso Portátil USB para Viagem e Camping - Aquecimento Automático,3256811496988806,"7800mAh Long-Lasting 3-in-1 Portable Coffee Maker, Electric Ca...",30.72,172.03,4.6,Estabelecida,66,https://www.aliexpress.us/item/3256811496988806.html
Máquina de Café Espresso Portátil USB para Viagem e Camping - Aquecimento Automático,3256808809200999,Wireless Electric Portable Espresso Coffee Machine for Car & H...,32.0,179.2,4.8,Estabelecida,26,https://www.aliexpress.us/item/3256808809200999.html
Máquina de Café Espresso Portátil USB para Viagem e Camping - Aquecimento Automático,3256811827123547,2-in-1 Wireless Portable Coffee Machine – Grind Beans & Hand B...,25.39,142.18,0.0,Nova,16,https://www.aliexpress.us/item/3256811827123547.html
Máquina de Café Espresso Portátil USB para Viagem e Camping - Aquecimento Automático,3256809833102647,7800MAH 3 in 1 Wireless Portable Espresso Machine Capsule Coff...,71.18,398.61,5.0,Estabelecida,6,https://www.aliexpress.us/item/3256809833102647.html
Máquina de Café Espresso Portátil USB para Viagem e Camping - Aquecimento Automático,3256807902068110,2 in 1 Capsule Powder Travel Coffee Maker Electric Portable Es...,85.51,478.86,4.9,Estabelecida,112,https://www.aliexpress.us/item/3256807902068110.html
Máquina de Café Espresso Portátil USB para Viagem e Camping - Aquecimento Automático,3256806942905980,HiBREW Portable Coffee Machine Expresso Coffee Maker Fit Nexpr...,98.99,554.34,4.9,Estabelecida,800,https://www.aliexpress.us/item/3256806942905980.html
Máquina de Café Espresso Portátil USB para Viagem e Camping - Aquecimento Automático,3256811467773258,DENOKIN 3-in-1 Portable Espresso Coffee Machine With Digital D...,80.53,450.97,4.9,Estabelecida,194,https://www.aliexpress.us/item/3256811467773258.html
Máquina de Café Espresso Portátil USB para Viagem e Camping - Aquecimento Automático,3256811729076135,Portable Cordless Rechargeable Espresso Machine 19Bar 3-in-1 C...,43.66,244.5,5.0,Estabelecida,4,https://www.aliexpress.us/item/3256811729076135.html
Máquina de Café Espresso Portátil USB para Viagem e Camping - Aquecimento Automático,3256810520758312,"IKAPE Wireless Bluetooth Portable Coffee Maker,Compatible 58MM...",181.21,1014.78,4.9,Estabelecida,800,https://www.aliexpress.us/item/3256810520758312.html
Máquina de Café Espresso Portátil USB para Viagem e Camping - Aquecimento Automático,3256806782529042,Cafelffe Portable Coffee Machine Wireless Electric Espresso Ma...,68.01,380.86,0.0,Nova,27,https://www.aliexpress.us/item/3256806782529042.html
Máquina de Café Espresso Portátil USB para Viagem e Camping - Aquecimento Automático,3256810561351525,DENOKIN 3-in-1 Portable Espresso Coffee Machine With Digital D...,79.5,445.2,4.6,Estabelecida,190,https://www.aliexpress.us/item/3256810561351525.html
Máquina de Café Espresso Portátil USB para Viagem e Camping - Aquecimento Automático,3256806852006959,HOMEFISH 3 In1 Portable Coffee Machine Hot/Cold Water Manual E...,28.06,157.14,4.9,Estabelecida,108,https://www.aliexpress.us/item/3256806852006959.html
Máquina de Café Espresso Portátil USB para Viagem e Camping - Aquecimento Automático,3256811942385123,A47T Portable Electric Espresso Coffee Machine Rechargeable Ha...,48.23,270.09,0.0,Nova,0,https://www.aliexpress.us/item/3256811942385123.html
Máquina de Café Espresso Portátil USB para Viagem e Camping - Aquecimento Automático,3256812529974473,Mini Electric Portable Espresso Coffee Machine Travel Coffee M...,66.37,371.67,0.0,Nova,0,https://www.aliexpress.us/item/3256812529974473.html
Máquina de Café Espresso Portátil USB para Viagem e Camping - Aquecimento Automático,3256811526497572,Cafe Select Professional Stainless Steel Espresso & Cappuccino...,230.57,1291.19,0.0,Nova,0,https://www.aliexpress.us/item/3256811526497572.html
Máquina de Café Espresso Portátil USB para Viagem e Camping - Aquecimento Automático,3256811343846646,Zai xiao Portable Espresso Machine 3-in-1 Travel Coffee Maker ...,59.69,334.26,0.0,Nova,4,https://www.aliexpress.us/item/3256811343846646.html
Máquina de Café Espresso Portátil USB para Viagem e Camping - Aquecimento Automático,3256811943788497,20bar Portable Italian Espresso Machine 2-in-1 Portable Coffee...,80.31,449.74,5.0,Estabelecida,2,https://www.aliexpress.us/item/3256811943788497.html
Máquina de Café Espresso Portátil USB para Viagem e Camping - Aquecimento Automático,3256812505769741,HERO Espresso Capsule Machine 20Bar High-Pressure Portable Pro...,69.38,388.53,0.0,Nova,0,https://www.aliexpress.us/item/3256812505769741.html
Máquina de Café Espresso Portátil USB para Viagem e Camping - Aquecimento Automático,3256808047887526,BioloMix 2 In 1 Manual Espresso Coffee Machine Hot/Cold Portab...,35.9,201.04,0.0,Nova,0,https://www.aliexpress.us/item/3256808047887526.html
Máquina de Café Espresso Portátil USB para Viagem e Camping - Aquecimento Automático,3256809546456309,Portable Electric Espresso Machine Travel Coffee Maker for Cam...,51.29,287.22,0.0,Nova,4,https://www.aliexpress.us/item/3256809546456309.html
Máquina de Café Espresso Portátil USB para Viagem e Camping - Aquecimento Automático,3256809633024328,3-in-1 Wireless Electric Portable Espresso Coffee Machine for ...,58.14,325.58,5.0,Estabelecida,5,https://www.aliexpress.us/item/3256809633024328.html
Máquina de Café Espresso Portátil USB para Viagem e Camping - Aquecimento Automático,3256810607476936,Portable Rechargeable Coffee Machine 2-in-1 Coffee Maker for T...,73.83,413.45,0.0,Nova,3,https://www.aliexpress.us/item/3256810607476936.html
Máquina de Café Espresso Portátil USB para Viagem e Camping - Aquecimento Automático,3256809833432296,"20Bar Touch Screen Espresso Machine, Stainless Steel Coffee Ma...",129.71,726.38,5.0,Estabelecida,10,https://www.aliexpress.us/item/3256809833432296.html
Máquina de Café Espresso Portátil USB para Viagem e Camping - Aquecimento Automático,3256812600263893,Electric Espresso Machine with LED Display and 90ml Sink Porta...,101.37,567.67,0.0,Nova,0,https://www.aliexpress.us/item/3256812600263893.html
Máquina de Café Espresso Portátil USB para Viagem e Camping - Aquecimento Automático,3256811921037184,2025 PCM03S-MAX Travel Coffee Maker Portable Espresso Maker Ne...,269.31,1508.14,0.0,Nova,2,https://www.aliexpress.us/item/3256811921037184.html
"Hub de Automação Residencial 10.1 Polegadas Touch com WiFi, RJ45, PoE e NFC - Hotelaria",3256808690489792,"MOES Tuya WiFi Smart Control Panel 3.5"" Touch Screen, 3 Relays...",79.01,442.46,4.7,Estabelecida,1,https://www.aliexpress.us/item/3256808690489792.html
"Hub de Automação Residencial 10.1 Polegadas Touch com WiFi, RJ45, PoE e NFC - Hotelaria",3256806675409782,Tuya Zigbee 3.0 Gateway Hub Smart Home Wireless Bridge Smart L...,11.1,62.16,4.9,Estabelecida,10,https://www.aliexpress.us/item/3256806675409782.html
"Hub de Automação Residencial 10.1 Polegadas Touch com WiFi, RJ45, PoE e NFC - Hotelaria",3256807636281619,1000Mbps RJ45 Splitter 1 to 4 Ethernet Adapter Network Splitte...,3.33,18.65,4.9,Estabelecida,5,https://www.aliexpress.us/item/3256807636281619.html
"Hub de Automação Residencial 10.1 Polegadas Touch com WiFi, RJ45, PoE e NFC - Hotelaria",3256811798024478,Shelly Pro Dimmer 0/1-10V PM Wi-Fi Smart Dimmer LAN Power Mete...,91.59,512.9,0.0,Nova,18,https://www.aliexpress.us/item/3256811798024478.html
"Hub de Automação Residencial 10.1 Polegadas Touch com WiFi, RJ45, PoE e NFC - Hotelaria",3256807069507421,2026 New 10.1 Inch Proximity Sensing Android POE Tablet Wall M...,334.94,1875.66,4.7,Estabelecida,1,https://www.aliexpress.us/item/3256807069507421.html
"Hub de Automação Residencial 10.1 Polegadas Touch com WiFi, RJ45, PoE e NFC - Hotelaria",3256810146114662,MOES Tuya Smart ZigBee Bluetooth Multi-Mode Gateway Hub Type-C...,12.62,70.67,5.0,Estabelecida,1,https://www.aliexpress.us/item/3256810146114662.html
"Hub de Automação Residencial 10.1 Polegadas Touch com WiFi, RJ45, PoE e NFC - Hotelaria",3256807670660211,TTLock APP Device G3 Gateway With RJ45 Ethernet Port Smart Doo...,24.99,139.94,4.9,Estabelecida,1,https://www.aliexpress.us/item/3256807670660211.html
"Hub de Automação Residencial 10.1 Polegadas Touch com WiFi, RJ45, PoE e NFC - Hotelaria",3256809942810237,MOES Tuya Bluetooth/ZigBee/Multi-mode Gateway Hub Type-C Port ...,33.84,189.5,0.0,Nova,19,https://www.aliexpress.us/item/3256809942810237.html
"Hub de Automação Residencial 10.1 Polegadas Touch com WiFi, RJ45, PoE e NFC - Hotelaria",3256809231255289,"【Tuya WiFi】5"" Smart Control Panel|   Alexa+ZigBee Gateway|   U...",460.68,2579.81,0.0,Nova,2,https://www.aliexpress.us/item/3256809231255289.html
"Hub de Automação Residencial 10.1 Polegadas Touch com WiFi, RJ45, PoE e NFC - Hotelaria",3256808816721161,Zigbee Gateway Hub Tuya Smart Home WIFI Bluetooth Wireless Mul...,16.79,94.02,4.7,Estabelecida,2,https://www.aliexpress.us/item/3256808816721161.html
"Hub de Automação Residencial 10.1 Polegadas Touch com WiFi, RJ45, PoE e NFC - Hotelaria",3256812440976119,TTLock TThotel G2 G3 G3P G4 G5 G6 Gateway Hub WiFi RJ45 POE 4G...,15.59,87.3,5.0,Estabelecida,32,https://www.aliexpress.us/item/3256812440976119.html
"Hub de Automação Residencial 10.1 Polegadas Touch com WiFi, RJ45, PoE e NFC - Hotelaria",3256809975541244,"AVATTO ZigBee 3.0 Dongle To Ethernet, USB, And WiFi Gateway Co...",46.98,263.09,5.0,Estabelecida,35,https://www.aliexpress.us/item/3256809975541244.html
"Hub de Automação Residencial 10.1 Polegadas Touch com WiFi, RJ45, PoE e NFC - Hotelaria",3256805370859045,Network Switch Mini 5Ports Switch Ethernet 1000Mbps/100Mbps Gi...,6.3,35.28,4.7,Estabelecida,1,https://www.aliexpress.us/item/3256805370859045.html
"Hub de Automação Residencial 10.1 Polegadas Touch com WiFi, RJ45, PoE e NFC - Hotelaria",3256808924269624,2026 Moes Tuya 10.1 Inch Smart Control Panel Multi Mode Wall M...,601.08,3366.05,5.0,Estabelecida,4,https://www.aliexpress.us/item/3256808924269624.html
"Hub de Automação Residencial 10.1 Polegadas Touch com WiFi, RJ45, PoE e NFC - Hotelaria",3256806438440666,"MOES Matter Gateway, Enjoy Smart Home Control with Tuya Zigbee...",87.82,491.79,4.7,Estabelecida,3,https://www.aliexpress.us/item/3256806438440666.html
"Hub de Automação Residencial 10.1 Polegadas Touch com WiFi, RJ45, PoE e NFC - Hotelaria",3256807883817374,EWIND POE Switch 6 Ports 10/100Mbps AI Smart Ethernet Switch w...,0.99,5.54,0.0,Nova,13,https://www.aliexpress.us/item/3256807883817374.html
"Hub de Automação Residencial 10.1 Polegadas Touch com WiFi, RJ45, PoE e NFC - Hotelaria",3256811534496573,"10.1"" Android 14 Wall Mount POE Smart Home Touch Tablet RK3576...",323.95,1814.12,5.0,Estabelecida,12,https://www.aliexpress.us/item/3256811534496573.html
"Hub de Automação Residencial 10.1 Polegadas Touch com WiFi, RJ45, PoE e NFC - Hotelaria",3256808648654284,New 10-Port POE RJ45 Ethernet Switch with for 802.3af/at Smart...,32.11,179.82,5.0,Estabelecida,58,https://www.aliexpress.us/item/3256808648654284.html
"Hub de Automação Residencial 10.1 Polegadas Touch com WiFi, RJ45, PoE e NFC - Hotelaria",3256807150152829,KuWFi POE Switch 4/8 Ports 100Mbps Network Ethernet Switch wit...,17.0,95.2,4.7,Estabelecida,443,https://www.aliexpress.us/item/3256807150152829.html
"Hub de Automação Residencial 10.1 Polegadas Touch com WiFi, RJ45, PoE e NFC - Hotelaria",3256812000165734,2026new Android POE Tablet 10.1 inch Smart Home Control Panel ...,412.28,2308.77,0.0,Nova,1,https://www.aliexpress.us/item/3256812000165734.html
"Hub de Automação Residencial 10.1 Polegadas Touch com WiFi, RJ45, PoE e NFC - Hotelaria",3256809127318463,Tuya Smart Home Controls Panel 10.1 Inch Touch Screen with Blu...,516.49,2892.34,4.6,Estabelecida,18,https://www.aliexpress.us/item/3256809127318463.html
"Hub de Automação Residencial 10.1 Polegadas Touch com WiFi, RJ45, PoE e NFC - Hotelaria",3256809479650715,New 6-Port POE RJ45 Ethernet Switch with for 802.3af/at Smart ...,15.39,86.18,0.0,Nova,17,https://www.aliexpress.us/item/3256809479650715.html
"Hub de Automação Residencial 10.1 Polegadas Touch com WiFi, RJ45, PoE e NFC - Hotelaria",3256809676821697,Gigabit Ethernet Splitter For PC Laptop TV Box Router Network ...,0.99,5.54,4.7,Estabelecida,136,https://www.aliexpress.us/item/3256809676821697.html
"Hub de Automação Residencial 10.1 Polegadas Touch com WiFi, RJ45, PoE e NFC - Hotelaria",3256809676432675,1000Mbps RJ45 Splitter 1 To 2/3/4 Ethernet Extension Adapter L...,0.99,5.54,5.0,Estabelecida,13,https://www.aliexpress.us/item/3256809676432675.html
"Hub de Automação Residencial 10.1 Polegadas Touch com WiFi, RJ45, PoE e NFC - Hotelaria",3256807521252958,4CH Tuya Wifi Smart Switch AC 220V 85-250V 7-32V 10A Relay Int...,6.19,34.66,4.8,Estabelecida,600,https://www.aliexpress.us/item/3256807521252958.html
"Hub de Automação Residencial 10.1 Polegadas Touch com WiFi, RJ45, PoE e NFC - Hotelaria",3256808876517254,TTLock Or TTHotel APP Device G3 Gateway Bluetooth-compatible T...,14.13,79.13,5.0,Estabelecida,184,https://www.aliexpress.us/item/3256808876517254.html
"Hub de Automação Residencial 10.1 Polegadas Touch com WiFi, RJ45, PoE e NFC - Hotelaria",3256809538350643,"Waveshare 2-Ch RS485 To RJ45 Ethernet Serial Server, Dual Chan...",33.84,189.5,5.0,Estabelecida,99,https://www.aliexpress.us/item/3256809538350643.html
"Hub de Automação Residencial 10.1 Polegadas Touch com WiFi, RJ45, PoE e NFC - Hotelaria",3256811549947650,Tuya zigbee bluetooth multi mode gateway hub dual-band wifi sm...,19.72,110.43,5.0,Estabelecida,4,https://www.aliexpress.us/item/3256811549947650.html
"Hub de Automação Residencial 10.1 Polegadas Touch com WiFi, RJ45, PoE e NFC - Hotelaria",3256811921226005,Tuya Zigbee/Bluetooth Dual-Band Multi-Mode Gateway 2.4G/5G WiF...,14.37,80.47,5.0,Estabelecida,70,https://www.aliexpress.us/item/3256811921226005.html
"Hub de Automação Residencial 10.1 Polegadas Touch com WiFi, RJ45, PoE e NFC - Hotelaria",3256812239210201,EWIND Ethernet Switch 5/8 Ports Desktop Gigabit Network Switch...,8.35,46.76,0.0,Nova,0,https://www.aliexpress.us/item/3256812239210201.html
"Hub de Automação Residencial 10.1 Polegadas Touch com WiFi, RJ45, PoE e NFC - Hotelaria",3256811958655894,8-in-1 USB C Hub PD 100W Charging USB C Multiport Adapter SD T...,18.26,102.26,0.0,Nova,0,https://www.aliexpress.us/item/3256811958655894.html
"Hub de Automação Residencial 10.1 Polegadas Touch com WiFi, RJ45, PoE e NFC - Hotelaria",3256811613943597,Ethernet Splitter 1 to 3/4 Gigabit Network Splitter 1000Mbps I...,15.36,86.02,0.0,Nova,1,https://www.aliexpress.us/item/3256811613943597.html
"Hub de Automação Residencial 10.1 Polegadas Touch com WiFi, RJ45, PoE e NFC - Hotelaria",3256811866247177,Ethernet Splitter 1 To 3/4 1000Mbps Internet Cable Splitter Ne...,11.74,65.74,0.0,Nova,0,https://www.aliexpress.us/item/3256811866247177.html
"Hub de Automação Residencial 10.1 Polegadas Touch com WiFi, RJ45, PoE e NFC - Hotelaria",3256807271467694,A16 ESP32 ESPHome Relay Baord Support Ethernet WiFi I2C RF 433...,40.26,225.46,4.9,Estabelecida,700,https://www.aliexpress.us/item/3256807271467694.html
"Hub de Automação Residencial 10.1 Polegadas Touch com WiFi, RJ45, PoE e NFC - Hotelaria",3256811572664375,Smart Home Automation Multi-Mode WiFi Hub Wireless Zigbee Gate...,44.42,248.75,0.0,Nova,0,https://www.aliexpress.us/item/3256811572664375.html
"Hub de Automação Residencial 10.1 Polegadas Touch com WiFi, RJ45, PoE e NFC - Hotelaria",3256809683815330,1000Mbps RJ45 Splitter 1 to 4 Ethernet Adapter Network Splitte...,0.99,5.54,4.7,Estabelecida,1,https://www.aliexpress.us/item/3256809683815330.html
"Hub de Automação Residencial 10.1 Polegadas Touch com WiFi, RJ45, PoE e NFC - Hotelaria",3256810269482751,MOES Tuya Smart ZigBee Bluetooth Multi-Mode Gateway Hub Type-C...,6.02,33.71,5.0,Estabelecida,126,https://www.aliexpress.us/item/3256810269482751.html
"Hub de Automação Residencial 10.1 Polegadas Touch com WiFi, RJ45, PoE e NFC - Hotelaria",3256811855029574,New wall mounted 10.1 inch android POE tablet withsmart home c...,585.93,3281.21,0.0,Nova,2,https://www.aliexpress.us/item/3256811855029574.html
"Hub de Automação Residencial 10.1 Polegadas Touch com WiFi, RJ45, PoE e NFC - Hotelaria",3256803715613308,TTLock APP Device G3 Gateway Bluetooth-compatible To RJ45 Ethe...,13.67,76.55,5.0,Estabelecida,13,https://www.aliexpress.us/item/3256803715613308.html
"Hub de Automação 10.1 Polegadas WiFi Zigbee 3.0 Bluetooth - Hotelaria com Voz, PoE e 4G",3256812182388766,MOES Tuya Bluetooth/ZigBee/Multi-mode Gateway Hub Type-C Port ...,8.58,48.05,0.0,Nova,4,https://www.aliexpress.us/item/3256812182388766.html
"Hub de Automação 10.1 Polegadas WiFi Zigbee 3.0 Bluetooth - Hotelaria com Voz, PoE e 4G",3256807716442512,"MOES Tuya ZigBee 4.0 Scene Switch Smart Central Control,Smart ...",175.38,982.13,4.7,Estabelecida,142,https://www.aliexpress.us/item/3256807716442512.html
"Hub de Automação 10.1 Polegadas WiFi Zigbee 3.0 Bluetooth - Hotelaria com Voz, PoE e 4G",3256805013855490,ZigBee Wifi MmWave Human Presence Motion Sensor With Luminance...,14.19,79.46,4.7,Estabelecida,5,https://www.aliexpress.us/item/3256805013855490.html
"Hub de Automação 10.1 Polegadas WiFi Zigbee 3.0 Bluetooth - Hotelaria com Voz, PoE e 4G",3256811882111461,Tuya Smart Multi Mode Gateway Bluetooth/ZigBee WiFi Hub Bridge...,7.05,39.48,5.0,Estabelecida,7,https://www.aliexpress.us/item/3256811882111461.html
"Hub de Automação 10.1 Polegadas WiFi Zigbee 3.0 Bluetooth - Hotelaria com Voz, PoE e 4G",3256803205233414,BSEED Tuya Zigbee Smart Gateway Hub Wireless Home Bridge Wifi ...,18.4,103.04,4.8,Estabelecida,113,https://www.aliexpress.us/item/3256803205233414.html
"Hub de Automação 10.1 Polegadas WiFi Zigbee 3.0 Bluetooth - Hotelaria com Voz, PoE e 4G",3256812571724294,Oryzic Tuya ZigBee Smart Hub Wired Gateway Bridge Hub Support ...,27.25,152.6,0.0,Nova,0,https://www.aliexpress.us/item/3256812571724294.html
"Hub de Automação 10.1 Polegadas WiFi Zigbee 3.0 Bluetooth - Hotelaria com Voz, PoE e 4G",3256810386505570,MOES Tuya Smart ZigBee Multi-mode Gateway Bluetooth Mesh Hub 3...,25.57,143.19,4.9,Estabelecida,202,https://www.aliexpress.us/item/3256810386505570.html
"Hub de Automação 10.1 Polegadas WiFi Zigbee 3.0 Bluetooth - Hotelaria com Voz, PoE e 4G",3256805438850885,MOES Tuya ZigBee Wired Gateway Smart Hub Wired Remote Controll...,26.79,150.02,4.8,Estabelecida,1,https://www.aliexpress.us/item/3256805438850885.html
"Hub de Automação 10.1 Polegadas WiFi Zigbee 3.0 Bluetooth - Hotelaria com Voz, PoE e 4G",3256811671255437,Zigbee Gateway Tuya Devices Bluetooth Wired Smart Hub Smart Li...,3.33,18.65,4.7,Estabelecida,600,https://www.aliexpress.us/item/3256811671255437.html
"Hub de Automação 10.1 Polegadas WiFi Zigbee 3.0 Bluetooth - Hotelaria com Voz, PoE e 4G",3256807508165740,Zigbee 3.0 Gateway Hub Smart Home Wireless Bridge eWeLink App ...,9.95,55.72,0.0,Nova,12,https://www.aliexpress.us/item/3256807508165740.html
"Hub de Automação 10.1 Polegadas WiFi Zigbee 3.0 Bluetooth - Hotelaria com Voz, PoE e 4G",3256807161211693,GIRIER Tuya ZigBee Gateway Hub Plug-in Type Multi-mode ZigBee ...,17.78,99.57,5.0,Estabelecida,60,https://www.aliexpress.us/item/3256807161211693.html
"Hub de Automação 10.1 Polegadas WiFi Zigbee 3.0 Bluetooth - Hotelaria com Voz, PoE e 4G",3256809441109253,"MOES Smart Switch 1-4 Gang WiFi/Zigbee Module, Works with Alex...",4.33,24.25,4.8,Estabelecida,700,https://www.aliexpress.us/item/3256809441109253.html
"Hub de Automação 10.1 Polegadas WiFi Zigbee 3.0 Bluetooth - Hotelaria com Voz, PoE e 4G",3256805713990568,Tuya Smart Life Multi-mode Gateway Smart Home Automation Hub Z...,14.79,82.82,4.7,Estabelecida,5,https://www.aliexpress.us/item/3256805713990568.html
"Hub de Automação 10.1 Polegadas WiFi Zigbee 3.0 Bluetooth - Hotelaria com Voz, PoE e 4G",3256808533216348,Multi Mode Tuya ZigBee Bluetooth Gateway Hub Wireless Smart Ho...,7.01,39.26,5.0,Estabelecida,12,https://www.aliexpress.us/item/3256808533216348.html
"Hub de Automação 10.1 Polegadas WiFi Zigbee 3.0 Bluetooth - Hotelaria com Voz, PoE e 4G",3256806449202823,MOES Tuya Zigbee Matter Thread Gateway Smart Home Bridge Matte...,76.89,430.58,4.7,Estabelecida,1,https://www.aliexpress.us/item/3256806449202823.html
"Hub de Automação 10.1 Polegadas WiFi Zigbee 3.0 Bluetooth - Hotelaria com Voz, PoE e 4G",2255800209895871,Moes WiFi 20A Boiler Switch Zigbee Water Heater Wall Controlle...,31.39,175.78,0.0,Nova,54,https://www.aliexpress.us/item/2255800209895871.html
"Hub de Automação 10.1 Polegadas WiFi Zigbee 3.0 Bluetooth - Hotelaria com Voz, PoE e 4G",3256809955606323,Tuya Zigbee Wireless Hub Bluetooth-Compatible Gateway For Smar...,13.63,76.33,5.0,Estabelecida,71,https://www.aliexpress.us/item/3256809955606323.html
"Hub de Automação 10.1 Polegadas WiFi Zigbee 3.0 Bluetooth - Hotelaria com Voz, PoE e 4G",3256811763166233,"AVATTO Matter Smart Wired Gateway Hub,ZigBee Smart Home Bridge...",56.81,318.14,5.0,Estabelecida,4,https://www.aliexpress.us/item/3256811763166233.html
"Hub de Automação 10.1 Polegadas WiFi Zigbee 3.0 Bluetooth - Hotelaria com Voz, PoE e 4G",3256807576924966,Smart Life Multi-mode Gateway ZigBee Bluetooth Wireless Hub Re...,18.28,102.37,4.6,Estabelecida,440,https://www.aliexpress.us/item/3256807576924966.html
"Hub de Automação 10.1 Polegadas WiFi Zigbee 3.0 Bluetooth - Hotelaria com Voz, PoE e 4G",3256809536398385,Lincukoo Tuya Zigbee/Bluetooth Gateway Smart Wireless Hub Gate...,3.76,21.06,4.7,Estabelecida,1,https://www.aliexpress.us/item/3256809536398385.html
"Hub de Automação 10.1 Polegadas WiFi Zigbee 3.0 Bluetooth - Hotelaria com Voz, PoE e 4G",3256810365732232,Tuya Smart LifeAPP Multi-mode Gateway ZigBee Bluetooth Wireles...,10.51,58.86,4.8,Estabelecida,208,https://www.aliexpress.us/item/3256810365732232.html
"Hub de Automação 10.1 Polegadas WiFi Zigbee 3.0 Bluetooth - Hotelaria com Voz, PoE e 4G",3256809694346234,Tuya Zigbee Bluetooth Smart Home Gateway Hub with Plug Plug-in...,14.21,79.58,4.7,Estabelecida,185,https://www.aliexpress.us/item/3256809694346234.html
"Hub de Automação 10.1 Polegadas WiFi Zigbee 3.0 Bluetooth - Hotelaria com Voz, PoE e 4G",3256807441784641,Zigbee Thermostat Tuya WiFi Room Temperature Controller For Wa...,33.62,188.27,4.6,Estabelecida,2,https://www.aliexpress.us/item/3256807441784641.html
"Hub de Automação 10.1 Polegadas WiFi Zigbee 3.0 Bluetooth - Hotelaria com Voz, PoE e 4G",3256810582503034,Tuya ZigBee Multi-mode Gateway Hub Smart Home WiFi Bridge Blue...,7.22,40.43,5.0,Estabelecida,12,https://www.aliexpress.us/item/3256810582503034.html
"Hub de Automação 10.1 Polegadas WiFi Zigbee 3.0 Bluetooth - Hotelaria com Voz, PoE e 4G",3256811795264814,Tuya Zigbee 3.0 Gateway Wireless Hub For Smart Home Automation...,10.08,56.45,5.0,Estabelecida,4,https://www.aliexpress.us/item/3256811795264814.html
"Hub de Automação 10.1 Polegadas WiFi Zigbee 3.0 Bluetooth - Hotelaria com Voz, PoE e 4G",3256807439122487,Wireless Plug-in Tuya 2.4G WI-FI Multi-mode Gateway Hub Zigbee...,20.44,114.46,5.0,Estabelecida,17,https://www.aliexpress.us/item/3256807439122487.html
"Hub de Automação 10.1 Polegadas WiFi Zigbee 3.0 Bluetooth - Hotelaria com Voz, PoE e 4G",3256808099171916,Tuya Wireless Bluetooth ZigBee Gateway Hub Smart Home Automati...,18.43,103.21,5.0,Estabelecida,125,https://www.aliexpress.us/item/3256808099171916.html
"Hub de Automação 10.1 Polegadas WiFi Zigbee 3.0 Bluetooth - Hotelaria com Voz, PoE e 4G",3256807685308797,Zemismart Matter Zigbee Gateway with Antenna Smart Home Hub Br...,31.51,176.46,4.6,Estabelecida,87,https://www.aliexpress.us/item/3256807685308797.html
"Hub de Automação 10.1 Polegadas WiFi Zigbee 3.0 Bluetooth - Hotelaria com Voz, PoE e 4G",3256809445109457,MOES Tuya WiFi/Zigbee Mini Smart Switch Module DIY 1-4 Gang Vo...,13.42,75.15,0.0,Nova,89,https://www.aliexpress.us/item/3256809445109457.html
"Hub de Automação 10.1 Polegadas WiFi Zigbee 3.0 Bluetooth - Hotelaria com Voz, PoE e 4G",3256807258124349,Tuya ZigBee Signal Repeater USB Plug and Play Gateway Hub Sign...,0.99,5.54,4.7,Estabelecida,257,https://www.aliexpress.us/item/3256807258124349.html
"Hub de Automação 10.1 Polegadas WiFi Zigbee 3.0 Bluetooth - Hotelaria com Voz, PoE e 4G",3256805800513519,ZigBee/Wifi MmWave Radar Human Presence Motion Sensor Light Sw...,23.19,129.86,5.0,Estabelecida,600,https://www.aliexpress.us/item/3256805800513519.html
"Hub de Automação 10.1 Polegadas WiFi Zigbee 3.0 Bluetooth - Hotelaria com Voz, PoE e 4G",3256805268013318,LoraTap Tuya Multi-mode WiFi ZigBee 3.0 Bluetooth Mesh Gateway...,11.4,63.84,4.8,Estabelecida,500,https://www.aliexpress.us/item/3256805268013318.html
"Hub de Automação 10.1 Polegadas WiFi Zigbee 3.0 Bluetooth - Hotelaria com Voz, PoE e 4G",3256812200663666,Multi-Mode Smart Gateway Zigbee 3.0 Bluetooth Mesh Hub 2.4G Wi...,60.59,339.3,0.0,Nova,1,https://www.aliexpress.us/item/3256812200663666.html
"Hub de Automação 10.1 Polegadas WiFi Zigbee 3.0 Bluetooth - Hotelaria com Voz, PoE e 4G",3256809233732885,TUYA Zigbee BLE Gateway Smart Gateways Smart Home Bluetooth Me...,20.28,113.57,0.0,Nova,2,https://www.aliexpress.us/item/3256809233732885.html
"Hub de Automação 10.1 Polegadas WiFi Zigbee 3.0 Bluetooth - Hotelaria com Voz, PoE e 4G",3256806767444771,Tuya WiFi IR Remote Control With Multi-mode Gateway Zigbee Hub...,0.99,5.54,5.0,Estabelecida,22,https://www.aliexpress.us/item/3256806767444771.html
"Hub de Automação 10.1 Polegadas WiFi Zigbee 3.0 Bluetooth - Hotelaria com Voz, PoE e 4G",3256804747175283,Tuya ZigBee 3.0 Smart Gateway Hub Multi-Mode Smart Home Bridge...,24.6,137.76,0.0,Nova,12,https://www.aliexpress.us/item/3256804747175283.html
"Hub de Automação 10.1 Polegadas WiFi Zigbee 3.0 Bluetooth - Hotelaria com Voz, PoE e 4G",3256805357075686,Tuya ZigBee Multi-mode Gateway Hub Smart Home WiFi Bridge Blue...,15.19,85.06,4.7,Estabelecida,3,https://www.aliexpress.us/item/3256805357075686.html
YG-T10 Rastreador GPS Veicular 4G com Garantia de 1 Ano - Suporte Global,3256807498754437,Trend 2Pcs Tai Chi Yin Yang Eight Trigrams Pendant Black PU Le...,0.99,5.54,4.8,Estabelecida,156,https://www.aliexpress.us/item/3256807498754437.html
YG-T10 Rastreador GPS Veicular 4G com Garantia de 1 Ano - Suporte Global,3256803626262343,Fashion Stainless Steel Yin Ying Yang Pendant Necklace Black W...,0.99,5.54,4.7,Estabelecida,392,https://www.aliexpress.us/item/3256803626262343.html
YG-T10 Rastreador GPS Veicular 4G com Garantia de 1 Ano - Suporte Global,3256807566004911,No SIM Chip GPS Locator 2G 4G Tourist Tracking Service | Optio...,13.56,75.94,4.5,Estabelecida,500,https://www.aliexpress.us/item/3256807566004911.html
YG-T10 Rastreador GPS Veicular 4G com Garantia de 1 Ano - Suporte Global,3256808112282862,Funny Yin Yang Graphic T Shirts Men Women Pure Cotton Humor St...,1.2,6.72,4.7,Estabelecida,27,https://www.aliexpress.us/item/3256808112282862.html
YG-T10 Rastreador GPS Veicular 4G com Garantia de 1 Ano - Suporte Global,3256810542870649,Mr.Yang 2015/2020 High Strength Solder Wick Rosin Powder Formu...,0.99,5.54,5.0,Estabelecida,3,https://www.aliexpress.us/item/3256810542870649.html
YG-T10 Rastreador GPS Veicular 4G com Garantia de 1 Ano - Suporte Global,3256805786457235,"4G Vehicle Locator For South America And Australia, Track Play...",11.9,66.64,4.6,Estabelecida,57,https://www.aliexpress.us/item/3256805786457235.html
YG-T10 Rastreador GPS Veicular 4G com Garantia de 1 Ano - Suporte Global,3256807699654977,Yin Yang Spiritual Design Meditation Yoga Yinyang Distressed P...,17.7,99.12,0.0,Nova,17,https://www.aliexpress.us/item/3256807699654977.html
YG-T10 Rastreador GPS Veicular 4G com Garantia de 1 Ano - Suporte Global,3256809056792310,Best 4G Anti-Theft GPS Tracker for Car/Motorcycle - ‌Strong Ma...,12.0,67.2,4.6,Estabelecida,1,https://www.aliexpress.us/item/3256809056792310.html
YG-T10 Rastreador GPS Veicular 4G com Garantia de 1 Ano - Suporte Global,3256805492018076,2Pcs Tai Chi Yin Yang Eight Trigrams Pendant Necklaces Set for...,0.99,5.54,4.8,Estabelecida,224,https://www.aliexpress.us/item/3256805492018076.html
YG-T10 Rastreador GPS Veicular 4G com Garantia de 1 Ano - Suporte Global,3256802765717206,Yin Yang Tai Chi Keychain BFF Best Friends Couple Matching Set...,1.02,5.71,4.8,Estabelecida,208,https://www.aliexpress.us/item/3256802765717206.html
YG-T10 Rastreador GPS Veicular 4G com Garantia de 1 Ano - Suporte Global,3256805486977898,Simple Yin Yang Brooches Pins Personality Black White Tai Chi ...,0.99,5.54,4.5,Estabelecida,84,https://www.aliexpress.us/item/3256805486977898.html
YG-T10 Rastreador GPS Veicular 4G com Garantia de 1 Ano - Suporte Global,3256812354803304,Wholesale 4G GPS Tracker for Car Motorcycle - Real-Time 30 Day...,8.12,45.47,4.9,Estabelecida,2,https://www.aliexpress.us/item/3256812354803304.html
YG-T10 Rastreador GPS Veicular 4G com Garantia de 1 Ano - Suporte Global,3256810445439220,2Pcs Yin Yang Silicone Rubber Bracelets Unique Design Stylish ...,0.99,5.54,4.5,Estabelecida,32,https://www.aliexpress.us/item/3256810445439220.html
YG-T10 Rastreador GPS Veicular 4G com Garantia de 1 Ano - Suporte Global,3256810356835546,4G GPS Tracker For Vehicle 7500mAh Long Battery Strong Magneti...,24.71,138.38,4.6,Estabelecida,72,https://www.aliexpress.us/item/3256810356835546.html
YG-T10 Rastreador GPS Veicular 4G com Garantia de 1 Ano - Suporte Global,2251832810887626,Exquisite pairing China yin yang couple keychain creative car ...,0.99,5.54,5.0,Estabelecida,31,https://www.aliexpress.us/item/2251832810887626.html
YG-T10 Rastreador GPS Veicular 4G com Garantia de 1 Ano - Suporte Global,3256808411877305,Yin Yang Graphic Printed Man T-Shirt Equilibrium Chinese Marti...,0.99,5.54,5.0,Estabelecida,13,https://www.aliexpress.us/item/3256808411877305.html
YG-T10 Rastreador GPS Veicular 4G com Garantia de 1 Ano - Suporte Global,3256809010572287,New Distance Classic Natural Stone White Black Yin Yang Beaded...,0.99,5.54,4.9,Estabelecida,40,https://www.aliexpress.us/item/3256809010572287.html
YG-T10 Rastreador GPS Veicular 4G com Garantia de 1 Ano - Suporte Global,3256810342542273,4G GPS Vehicle Tracker 7500mAh IP67 Waterproof 160-Day Long St...,26.65,149.24,4.5,Estabelecida,66,https://www.aliexpress.us/item/3256810342542273.html
YG-T10 Rastreador GPS Veicular 4G com Garantia de 1 Ano - Suporte Global,3256810046591456,Yin graphic Yang shirt 100% Symbol men t man T-Shirt cotton t ...,5.64,31.58,0.0,Nova,24,https://www.aliexpress.us/item/3256810046591456.html
YG-T10 Rastreador GPS Veicular 4G com Garantia de 1 Ano - Suporte Global,3256812159967490,Metallica - Yin Yang Print T-Shirt - Street Casual T-Shirt for...,1.47,8.23,5.0,Estabelecida,1,https://www.aliexpress.us/item/3256812159967490.html
YG-T10 Rastreador GPS Veicular 4G com Garantia de 1 Ano - Suporte Global,3256812012380287,Car Tracker GPS 4G Tracking Device 7500mAh Waterproof GPS Vehi...,22.56,126.34,4.6,Estabelecida,47,https://www.aliexpress.us/item/3256812012380287.html
YG-T10 Rastreador GPS Veicular 4G com Garantia de 1 Ano - Suporte Global,3256810577295073,"2D Flat, 1pc Yin Yang Acrylic Round Wall Art - 24-Hour Daily S...",0.99,5.54,5.0,Estabelecida,7,https://www.aliexpress.us/item/3256810577295073.html
YG-T10 Rastreador GPS Veicular 4G com Garantia de 1 Ano - Suporte Global,3256808218156413,Wholesale 4G GPS Tracker for Car Motorcycle - Real-Time 30 Day...,10.48,58.69,4.6,Estabelecida,1,https://www.aliexpress.us/item/3256808218156413.html
YG-T10 Rastreador GPS Veicular 4G com Garantia de 1 Ano - Suporte Global,3256805538926543,Yin Yang Tai Chi Keychains Black and White Life Tree Key Chain...,1.15,6.44,0.0,Nova,43,https://www.aliexpress.us/item/3256805538926543.html
YG-T10 Rastreador GPS Veicular 4G com Garantia de 1 Ano - Suporte Global,3256812514884736,Men's Yin Yang Wolf Print T-Shirt - Lightweight Polyester Shor...,17.59,98.5,0.0,Nova,1,https://www.aliexpress.us/item/3256812514884736.html
YG-T10 Rastreador GPS Veicular 4G com Garantia de 1 Ano - Suporte Global,3256804235925598,2022 Summer Women Men 3D Printed T-shirt Yin Yang Gossip Punk ...,0.99,5.54,4.8,Estabelecida,11,https://www.aliexpress.us/item/3256804235925598.html
YG-T10 Rastreador GPS Veicular 4G com Garantia de 1 Ano - Suporte Global,3256811621541924,Wireless GPS Tracker for Car Anti-Theft | Global Real-Time Veh...,0.99,5.54,4.9,Estabelecida,3,https://www.aliexpress.us/item/3256811621541924.html
YG-T10 Rastreador GPS Veicular 4G com Garantia de 1 Ano - Suporte Global,3256803324899716,Yin Yang Necklace Tai Chi Unisex Time Stone Cabochon Glass Pen...,1.02,5.71,4.9,Estabelecida,237,https://www.aliexpress.us/item/3256803324899716.html
YG-T10 Rastreador GPS Veicular 4G com Garantia de 1 Ano - Suporte Global,3256806677376090,Trackerking 4G J16 Mini GPS Tracker For Car gps Tracking Devic...,20.39,114.18,4.9,Estabelecida,2,https://www.aliexpress.us/item/3256806677376090.html
YG-T10 Rastreador GPS Veicular 4G com Garantia de 1 Ano - Suporte Global,3256806251640707,New Yin Yang Tai Chi Pendant Bracelets For Men Women Handmade ...,0.99,5.54,4.8,Estabelecida,50,https://www.aliexpress.us/item/3256806251640707.html
YG-T10 Rastreador GPS Veicular 4G com Garantia de 1 Ano - Suporte Global,3256812631686053,Tai Chi Yin Yang Couple Bracelet for Lover Handmade Woven Baid...,1.27,7.11,0.0,Nova,0,https://www.aliexpress.us/item/3256812631686053.html
YG-T10 Rastreador GPS Veicular 4G com Garantia de 1 Ano - Suporte Global,3256812437152534,1PC JOOCAR Two Koi Fish Yin Yang Symbol Design Print Casual Al...,17.37,97.27,0.0,Nova,0,https://www.aliexpress.us/item/3256812437152534.html
YG-T10 Rastreador GPS Veicular 4G com Garantia de 1 Ano - Suporte Global,3256808568300809,5pcs Enamel Kung Fu Tai Chi Charms Pendants for Necklaces Earr...,0.99,5.54,5.0,Estabelecida,248,https://www.aliexpress.us/item/3256808568300809.html
YG-T10 Rastreador GPS Veicular 4G com Garantia de 1 Ano - Suporte Global,3256805259434885,Ice and Fire Phoenix Yin Yang Aurora Necklaces Double Sided Gl...,1.2,6.72,4.7,Estabelecida,249,https://www.aliexpress.us/item/3256805259434885.html
YG-T10 Rastreador GPS Veicular 4G com Garantia de 1 Ano - Suporte Global,3256807188835971,"3D Tai Chi Yin Yang Printed Men's T-shirt, Street Fashion Pers...",6.62,37.07,4.8,Estabelecida,12,https://www.aliexpress.us/item/3256807188835971.html
"Farol de LED 120W Bicolor 6500K Canbus - Compatível com H7, H11, 9012, H1 e H27",3256807280363084,H4 LED Headlight 20000LM 120W LED H7 H1 H11 H8 H9 9005 9006 HB...,9.89,55.38,4.7,Estabelecida,93,https://www.aliexpress.us/item/3256807280363084.html
"Farol de LED 120W Bicolor 6500K Canbus - Compatível com H7, H11, 9012, H1 e H27",3256808502826502,Dualvision H4 LED Headlight 20000LM 120W LED H7 H1 H11 H8 H9 9...,15.64,87.58,5.0,Estabelecida,7,https://www.aliexpress.us/item/3256808502826502.html
"Farol de LED 120W Bicolor 6500K Canbus - Compatível com H7, H11, 9012, H1 e H27",3256806823682830,roadsun H4 LED Headlight H1 H7 H8 H9 H11 9005 HB3 9006 HB4 Car...,3.33,18.65,4.9,Estabelecida,800,https://www.aliexpress.us/item/3256806823682830.html
"Farol de LED 120W Bicolor 6500K Canbus - Compatível com H7, H11, 9012, H1 e H27",3256806679606577,AUXITO 2x Canbus H7 LED Bulb 22000LM 120W Error Free 1:1 Mini ...,20.47,114.63,4.7,Estabelecida,900,https://www.aliexpress.us/item/3256806679606577.html
"Farol de LED 120W Bicolor 6500K Canbus - Compatível com H7, H11, 9012, H1 e H27",3256810503934021,2PCS M7T 120W High Power 6500K 3000K4300K Tri-Color LED Headli...,19.61,109.82,0.0,Nova,1,https://www.aliexpress.us/item/3256810503934021.html
"Farol de LED 120W Bicolor 6500K Canbus - Compatível com H7, H11, 9012, H1 e H27",3256806669668950,YHKOMS 2 Pcs H4 H7 LED 4300K 6500K 8000K Car LED Headlight H8 ...,8.75,49.0,4.8,Estabelecida,194,https://www.aliexpress.us/item/3256806669668950.html
"Farol de LED 120W Bicolor 6500K Canbus - Compatível com H7, H11, 9012, H1 e H27",3256811954466289,LED H7 H4 H1 Bulbs for Car Headlight CANBUS Turbo Fan Auto Lig...,13.91,77.9,4.9,Estabelecida,351,https://www.aliexpress.us/item/3256811954466289.html
"Farol de LED 120W Bicolor 6500K Canbus - Compatível com H7, H11, 9012, H1 e H27",3256804445317668,H4 LED H7 Headlight 20000LM CSP Chip LED H1 H11 H8 H9 9005 HB3...,10.21,57.18,4.5,Estabelecida,70,https://www.aliexpress.us/item/3256804445317668.html
"Farol de LED 120W Bicolor 6500K Canbus - Compatível com H7, H11, 9012, H1 e H27",3256807281381790,H4 LED Headlights 20000LM 120W LED H7 H1 H11 H8 H9 9005 9006 H...,8.73,48.89,5.0,Estabelecida,64,https://www.aliexpress.us/item/3256807281381790.html
"Farol de LED 120W Bicolor 6500K Canbus - Compatível com H7, H11, 9012, H1 e H27",3256807290585545,AUXITO 2Pcs Mini H7 LED Headlight Bulbs CANBUS 22000LM 120W Ca...,27.06,151.54,4.9,Estabelecida,1,https://www.aliexpress.us/item/3256807290585545.html
"Farol de LED 120W Bicolor 6500K Canbus - Compatível com H7, H11, 9012, H1 e H27",3256806674787715,2Pcs AUXITO 22000LM H7 LED Canbus Error Free Lights Bulb with ...,25.07,140.39,4.6,Estabelecida,600,https://www.aliexpress.us/item/3256806674787715.html
"Farol de LED 120W Bicolor 6500K Canbus - Compatível com H7, H11, 9012, H1 e H27",3256808219878994,2Pcs LED H4 H7 Car Headlight H1 LED Bulb H8 H11 9005 HB3 9006 ...,4.59,25.7,4.9,Estabelecida,10,https://www.aliexpress.us/item/3256808219878994.html
"Farol de LED 120W Bicolor 6500K Canbus - Compatível com H7, H11, 9012, H1 e H27",3256806910846616,2PCS/pair Mini Lights Auto H7 LED H4 Bulb H3 H8 H9 H11 9005 90...,1.33,7.45,4.9,Estabelecida,4,https://www.aliexpress.us/item/3256806910846616.html
"Farol de LED 120W Bicolor 6500K Canbus - Compatível com H7, H11, 9012, H1 e H27",3256807752917155,Heyword 22000lm 160W 1860 CSP Chip 3000k/4300k/6000k/8000k Car...,0.99,5.54,4.5,Estabelecida,10,https://www.aliexpress.us/item/3256807752917155.html
"Farol de LED 120W Bicolor 6500K Canbus - Compatível com H7, H11, 9012, H1 e H27",3256810586566385,20000LM Mini H7 LED Headlight Bulb Wireless 120W CSP for Car H...,5.67,31.75,5.0,Estabelecida,9,https://www.aliexpress.us/item/3256810586566385.html
"Farol de LED 120W Bicolor 6500K Canbus - Compatível com H7, H11, 9012, H1 e H27",3256805811847425,X-7SEVEN X-Apollo Plus 190W 38000LM 6500K CANBUS LED Headlight...,65.06,364.34,4.9,Estabelecida,95,https://www.aliexpress.us/item/3256805811847425.html
"Farol de LED 120W Bicolor 6500K Canbus - Compatível com H7, H11, 9012, H1 e H27",3256808897616023,H7 H4 Led Canbus Lights for Car High Power Headlight Ultra Pow...,15.64,87.58,4.7,Estabelecida,5,https://www.aliexpress.us/item/3256808897616023.html
"Farol de LED 120W Bicolor 6500K Canbus - Compatível com H7, H11, 9012, H1 e H27",3256807606501648,roadsun H7 LED Headlight H11 H1 H3 9005 9006 HB3 HB4 880 9007 ...,1.48,8.29,4.8,Estabelecida,309,https://www.aliexpress.us/item/3256807606501648.html
"Farol de LED 120W Bicolor 6500K Canbus - Compatível com H7, H11, 9012, H1 e H27",3256810250694144,XSTORM H7 LED Light Bulbs H1 H8 H11 LED Headlight Canbus HB3 9...,31.48,176.29,4.6,Estabelecida,500,https://www.aliexpress.us/item/3256810250694144.html
"Farol de LED 120W Bicolor 6500K Canbus - Compatível com H7, H11, 9012, H1 e H27",3256811697563770,2PCS H7 LED 50000LM 120W Headlight 12V 3000K-6500K Three-color...,30.59,171.3,5.0,Estabelecida,5,https://www.aliexpress.us/item/3256811697563770.html
"Farol de LED 120W Bicolor 6500K Canbus - Compatível com H7, H11, 9012, H1 e H27",3256808653229166,MAXGTRS H7 Led 130W 28000LM H4 LED Bulbs Canbus HeadLamp H11 H...,18.47,103.43,4.9,Estabelecida,800,https://www.aliexpress.us/item/3256808653229166.html
"Farol de LED 120W Bicolor 6500K Canbus - Compatível com H7, H11, 9012, H1 e H27",3256812122249591,Infitary H4 H7 LED Car Headlight Bulb 30000LM CSP3570 H1 H3 H1...,2.19,12.26,4.9,Estabelecida,1,https://www.aliexpress.us/item/3256812122249591.html
"Farol de LED 120W Bicolor 6500K Canbus - Compatível com H7, H11, 9012, H1 e H27",3256809331229869,DAWN KNIGHT H11 H7 H4 Led Headlight Bulbs P7 PLUS 140W Powerfu...,23.39,130.98,4.9,Estabelecida,5,https://www.aliexpress.us/item/3256809331229869.html
"Farol de LED 120W Bicolor 6500K Canbus - Compatível com H7, H11, 9012, H1 e H27",3256807450649424,2Pcs H1 H3 LED H7 Bulb Headlight Lamps Mini 30000LM 6500K CSP ...,0.99,5.54,4.6,Estabelecida,208,https://www.aliexpress.us/item/3256807450649424.html
"Farol de LED 120W Bicolor 6500K Canbus - Compatível com H7, H11, 9012, H1 e H27",3256811790763256,2X 12V 24V H7 LED Headlight H11 H4 H8 9005 HB3 9006 LED Bulb C...,0.99,5.54,5.0,Estabelecida,8,https://www.aliexpress.us/item/3256811790763256.html
"Farol de LED 120W Bicolor 6500K Canbus - Compatível com H7, H11, 9012, H1 e H27",3256806908937620,Dream Chaser 20000LM Mini H7 LED Headlight Bulb Wireless 120W ...,16.33,91.45,4.7,Estabelecida,10,https://www.aliexpress.us/item/3256806908937620.html
"Farol de LED 120W Bicolor 6500K Canbus - Compatível com H7, H11, 9012, H1 e H27",3256812422088060,6000W H7 H11 LED Car Headlight Canbus H4 H1 H11 H8 H9 CSP Auto...,27.62,154.67,5.0,Estabelecida,11,https://www.aliexpress.us/item/3256812422088060.html
"Farol de LED 120W Bicolor 6500K Canbus - Compatível com H7, H11, 9012, H1 e H27",3256809726237106,2500W Mini H7 LED Car Headlight Bulb Light New 360° led Canbus...,14.24,79.74,4.7,Estabelecida,1,https://www.aliexpress.us/item/3256809726237106.html
"Farol de LED 120W Bicolor 6500K Canbus - Compatível com H7, H11, 9012, H1 e H27",3256807275520038,H7 LED Headlight Bulb Mini H4 H1 H11 9005 9006 HB3 HB4 9012 Hi...,25.36,142.02,4.7,Estabelecida,1,https://www.aliexpress.us/item/3256807275520038.html
"Farol de LED 120W Bicolor 6500K Canbus - Compatível com H7, H11, 9012, H1 e H27",3256809506226071,XSTORM H1 H3 H7 H11 LED Car Headlight Bulbs HB3 9005 HB4 9006 ...,13.12,73.47,4.6,Estabelecida,600,https://www.aliexpress.us/item/3256809506226071.html
"Farol de LED 120W Bicolor 6500K Canbus - Compatível com H7, H11, 9012, H1 e H27",3256809434276783,AUXITO 2Pcs H7 LED Headlight Bulb With Projector Lens 25000LM ...,19.31,108.14,4.5,Estabelecida,900,https://www.aliexpress.us/item/3256809434276783.html
"Farol de LED 120W Bicolor 6500K Canbus - Compatível com H7, H11, 9012, H1 e H27",3256809374709422,XSTORM H7 LED Light Canbus Car Headlight With Fan 20000LM 120W...,1.73,9.69,4.7,Estabelecida,89,https://www.aliexpress.us/item/3256809374709422.html
"Farol de LED 120W Bicolor 6500K Canbus - Compatível com H7, H11, 9012, H1 e H27",3256808217891715,Dualvision H4 LED Headlight 1500000LM 3570 CSP H7 H11 H1 H8 H3...,17.09,95.7,5.0,Estabelecida,5,https://www.aliexpress.us/item/3256808217891715.html
"Farol de LED 120W Bicolor 6500K Canbus - Compatível com H7, H11, 9012, H1 e H27",3256806817449575,3D 360 H7 LED Car Headlight Bulb Canbus H8 H9 H11 Fog Lights 9...,15.25,85.4,4.6,Estabelecida,500,https://www.aliexpress.us/item/3256806817449575.html
"Farol de LED 120W Bicolor 6500K Canbus - Compatível com H7, H11, 9012, H1 e H27",3256811545095446,H1 H4 H7 LED Headlights 1000W Super Bright 9003 HB2 Spotlight ...,8.93,50.01,4.8,Estabelecida,2,https://www.aliexpress.us/item/3256811545095446.html
"Farol de LED 120W Bicolor 6500K Canbus - Compatível com H7, H11, 9012, H1 e H27",3256807726314922,2Pcs 3030 H4 H7 LED Car Fog Light H11 H8 H9 H16JP H1 H3 Headli...,0.99,5.54,0.0,Nova,3,https://www.aliexpress.us/item/3256807726314922.html
"Farol de LED 120W Bicolor 6500K Canbus - Compatível com H7, H11, 9012, H1 e H27",3256807081691755,4000W Led Headlight H7 H4 H11 Led Headlights Bulb 6000000LM 3 ...,22.53,126.17,4.8,Estabelecida,900,https://www.aliexpress.us/item/3256807081691755.html
"Farol de LED 120W Bicolor 6500K Canbus - Compatível com H7, H11, 9012, H1 e H27",3256810062968910,TOAUTO H4 Led Headlights 70W 30000LM H7 LED Canbus 9005 9006 H...,10.37,58.07,4.6,Estabelecida,4,https://www.aliexpress.us/item/3256810062968910.html
"Farol de LED 120W Bicolor 6500K Canbus - Compatível com H7, H11, 9012, H1 e H27",3256805445962327,Dualvision LED H11 Car Headlights LED H7 H4 H1 Hi/Lo Beam 9005...,10.12,56.67,5.0,Estabelecida,199,https://www.aliexpress.us/item/3256805445962327.html
"Farol de LED 120W Bicolor 6500K Canbus - Compatível com H7, H11, 9012, H1 e H27",3256806995019958,2Pcs H7 H4 LED Headlight Bulb H11 H1 9005 HB3 HB4 9006 H8 Fog ...,0.99,5.54,4.5,Estabelecida,450,https://www.aliexpress.us/item/3256806995019958.html
"Farol de LED 120W Bicolor 6500K Canbus - Compatível com H7, H11, 9012, H1 e H27",3256809657428881,H7 LED Bulb H4 Headlight for Car CANBUS 1500W High Power Auto ...,17.03,95.37,4.7,Estabelecida,4,https://www.aliexpress.us/item/3256809657428881.html
"Farol de LED 120W Bicolor 6500K Canbus - Compatível com H7, H11, 9012, H1 e H27",3256809794654856,BEVINSEE V45 H7 LED Car Headlight Bulbs CANBUS H4 Hi/Lo Beam 1...,48.51,271.66,5.0,Estabelecida,39,https://www.aliexpress.us/item/3256809794654856.html
"Farol de LED 120W Bicolor 6500K Canbus - Compatível com H7, H11, 9012, H1 e H27",3256812546249887,Car LED 200W H4 H7 H11 LED Canbus Error Free H1 H11 9005 9006 ...,15.46,86.58,0.0,Nova,1,https://www.aliexpress.us/item/3256812546249887.html
TYSH Interruptor Inteligente Sem Fio Matter/Tuya WiFi Touch - 1 a 4 Botões com Alexa,3256809740088543,Matter Smart Home Wifi LED Screen Display Switch Tuya Alexa Go...,112.17,628.15,0.0,Nova,6,https://www.aliexpress.us/item/3256809740088543.html
TYSH Interruptor Inteligente Sem Fio Matter/Tuya WiFi Touch - 1 a 4 Botões com Alexa,3256808300570661,MOES WiFi Matter Switch Smart Tuya Light Button Neutral Wire R...,15.82,88.59,4.7,Estabelecida,1,https://www.aliexpress.us/item/3256808300570661.html
TYSH Interruptor Inteligente Sem Fio Matter/Tuya WiFi Touch - 1 a 4 Botões com Alexa,3256812094420003,MOES Tuya Matter WiFi  Smart Light Glass Touch Switch Neutral ...,8.2,45.92,5.0,Estabelecida,15,https://www.aliexpress.us/item/3256812094420003.html
TYSH Interruptor Inteligente Sem Fio Matter/Tuya WiFi Touch - 1 a 4 Botões com Alexa,2255800003571242,Tuya Smart WiFi Circuit Breaker 100A 1P/2P/3P/4P Smart Relay A...,72.22,404.43,5.0,Estabelecida,15,https://www.aliexpress.us/item/2255800003571242.html
TYSH Interruptor Inteligente Sem Fio Matter/Tuya WiFi Touch - 1 a 4 Botões com Alexa,3256808147034768,MOES Tuya Matter WiFi Smart Light Button Switch App Control Ne...,28.56,159.94,5.0,Estabelecida,65,https://www.aliexpress.us/item/3256808147034768.html
TYSH Interruptor Inteligente Sem Fio Matter/Tuya WiFi Touch - 1 a 4 Botões com Alexa,3256808687547002,MANHOT Matter WiFi Smart Switch Neutral Wire Optional Switch S...,11.09,62.1,4.5,Estabelecida,75,https://www.aliexpress.us/item/3256808687547002.html
TYSH Interruptor Inteligente Sem Fio Matter/Tuya WiFi Touch - 1 a 4 Botões com Alexa,3256808216710903,Zemismart Matter over WiFi Smart Curtain Switch with Touch Pan...,19.89,111.38,4.9,Estabelecida,76,https://www.aliexpress.us/item/3256808216710903.html
TYSH Interruptor Inteligente Sem Fio Matter/Tuya WiFi Touch - 1 a 4 Botões com Alexa,3256810573315370,1 2 3 4 Gang WiFi RF 433mhz Touch Wall Light Smart Wireless wi...,6.33,35.45,4.9,Estabelecida,5,https://www.aliexpress.us/item/3256810573315370.html
TYSH Interruptor Inteligente Sem Fio Matter/Tuya WiFi Touch - 1 a 4 Botões com Alexa,3256811461817212,Tuya ZigBee Smart Scene Switch 4Button Portable Wireless Lighw...,17.37,97.27,0.0,Nova,71,https://www.aliexpress.us/item/3256811461817212.html
TYSH Interruptor Inteligente Sem Fio Matter/Tuya WiFi Touch - 1 a 4 Botões com Alexa,3256808020592092,MOES Matter Tuya WiFi Smart Light Switch Glass Touch Control F...,22.34,125.1,4.9,Estabelecida,139,https://www.aliexpress.us/item/3256808020592092.html
TYSH Interruptor Inteligente Sem Fio Matter/Tuya WiFi Touch - 1 a 4 Botões com Alexa,3256806807840718,New Tuya Bluetooth Smart Touch Fingerbot Plus USB Charge Versi...,28.59,160.1,4.9,Estabelecida,5,https://www.aliexpress.us/item/3256806807840718.html
TYSH Interruptor Inteligente Sem Fio Matter/Tuya WiFi Touch - 1 a 4 Botões com Alexa,3256808858843862,7th Generation Tuya Smart Life Roller Shutter Touch Panel Swit...,9.03,50.57,4.9,Estabelecida,2,https://www.aliexpress.us/item/3256808858843862.html
TYSH Interruptor Inteligente Sem Fio Matter/Tuya WiFi Touch - 1 a 4 Botões com Alexa,3256811919653754,MOES Smart Glass Panel Switch Smart Life/Tuya App Multi-Contro...,5.82,32.59,4.9,Estabelecida,800,https://www.aliexpress.us/item/3256811919653754.html
TYSH Interruptor Inteligente Sem Fio Matter/Tuya WiFi Touch - 1 a 4 Botões com Alexa,3256806718433368,16A Wifi Mini Smart DIY Light Switch Works with Tuya Smart Lif...,0.99,5.54,4.9,Estabelecida,5,https://www.aliexpress.us/item/3256806718433368.html
TYSH Interruptor Inteligente Sem Fio Matter/Tuya WiFi Touch - 1 a 4 Botões com Alexa,3256807222009001,Tuya Zigbee Smart Push Button Wireless Switch Include Battery ...,32.01,179.26,4.7,Estabelecida,3,https://www.aliexpress.us/item/3256807222009001.html
TYSH Interruptor Inteligente Sem Fio Matter/Tuya WiFi Touch - 1 a 4 Botões com Alexa,3256809850890018,MOES Tuya Wi-Fi Smart Button Wall Switch (US Single-Live/Neutr...,22.59,126.5,4.9,Estabelecida,2,https://www.aliexpress.us/item/3256809850890018.html
TYSH Interruptor Inteligente Sem Fio Matter/Tuya WiFi Touch - 1 a 4 Botões com Alexa,3256807107450810,Tuya WiFi US Smart Light Switch Wall Touch Switch  Neutral wir...,6.19,34.66,4.5,Estabelecida,5,https://www.aliexpress.us/item/3256807107450810.html
TYSH Interruptor Inteligente Sem Fio Matter/Tuya WiFi Touch - 1 a 4 Botões com Alexa,3256803475268576,GIRIER Tuya Wifi Smart Dimmer Switch Module 10A Support 2 Way ...,0.99,5.54,4.9,Estabelecida,800,https://www.aliexpress.us/item/3256803475268576.html
TYSH Interruptor Inteligente Sem Fio Matter/Tuya WiFi Touch - 1 a 4 Botões com Alexa,3256807288997298,New Tuya ZigBee Smart Knob Switch DIY Wireless Scene Button Ro...,7.72,43.23,4.7,Estabelecida,10,https://www.aliexpress.us/item/3256807288997298.html
TYSH Interruptor Inteligente Sem Fio Matter/Tuya WiFi Touch - 1 a 4 Botões com Alexa,3256802979317497,WiFi Smart Touch Curtain Blinds Roller Shutter Engine Switch T...,12.46,69.78,4.9,Estabelecida,60,https://www.aliexpress.us/item/3256802979317497.html
TYSH Interruptor Inteligente Sem Fio Matter/Tuya WiFi Touch - 1 a 4 Botões com Alexa,3256807908369754,Tuya Zigbee Wireless Smart Scene Switch 4 Gang 12 Modes Home A...,9.79,54.82,4.6,Estabelecida,5,https://www.aliexpress.us/item/3256807908369754.html
TYSH Interruptor Inteligente Sem Fio Matter/Tuya WiFi Touch - 1 a 4 Botões com Alexa,3256810204370955,Zemismart Zigbee Smart DIY Name Switch Black Panel Touch Light...,28.04,157.02,4.9,Estabelecida,500,https://www.aliexpress.us/item/3256810204370955.html
TYSH Interruptor Inteligente Sem Fio Matter/Tuya WiFi Touch - 1 a 4 Botões com Alexa,3256809902851649,Tuya WiFi Smart Switch 16A RF 433Mhz Wireless Remote Control P...,2.78,15.57,4.9,Estabelecida,10,https://www.aliexpress.us/item/3256809902851649.html
TYSH Interruptor Inteligente Sem Fio Matter/Tuya WiFi Touch - 1 a 4 Botões com Alexa,3256804061735817,Tuya ZigBee 3.0 Smart Scene Switch Wireless Free Sticker Wall ...,0.99,5.54,4.7,Estabelecida,3,https://www.aliexpress.us/item/3256804061735817.html
TYSH Interruptor Inteligente Sem Fio Matter/Tuya WiFi Touch - 1 a 4 Botões com Alexa,2255799865916019,Tuya Smart Life RF WIFi Smart Curtain Blinds Roller Shutter Sw...,0.99,5.54,4.8,Estabelecida,1,https://www.aliexpress.us/item/2255799865916019.html
TYSH Interruptor Inteligente Sem Fio Matter/Tuya WiFi Touch - 1 a 4 Botões com Alexa,3256804645683884,Tuya WiFi Smart On Off Light Switch 220V Power Button Wall Tou...,21.43,120.01,5.0,Estabelecida,213,https://www.aliexpress.us/item/3256804645683884.html
TYSH Interruptor Inteligente Sem Fio Matter/Tuya WiFi Touch - 1 a 4 Botões com Alexa,3256812179142463,Moes Tuya WiFi Smart Knob Central Control Screen Touch Rotate ...,146.49,820.34,0.0,Nova,3,https://www.aliexpress.us/item/3256812179142463.html
TYSH Interruptor Inteligente Sem Fio Matter/Tuya WiFi Touch - 1 a 4 Botões com Alexa,3256805285956179,16A Tuya WiFi Smart Switch 2-way Control with Energy Monitor S...,11.08,62.05,4.8,Estabelecida,3,https://www.aliexpress.us/item/3256805285956179.html
TYSH Interruptor Inteligente Sem Fio Matter/Tuya WiFi Touch - 1 a 4 Botões com Alexa,3256808314415565,Wireless BLE Touch Switch Fingerbot Robot Touch Screens Compat...,21.79,122.02,4.9,Estabelecida,1,https://www.aliexpress.us/item/3256808314415565.html
TYSH Interruptor Inteligente Sem Fio Matter/Tuya WiFi Touch - 1 a 4 Botões com Alexa,3256809751635161,Wifi Boiler Smart Switch 40A 8000W High Power Water Heater Swi...,6.44,36.06,5.0,Estabelecida,89,https://www.aliexpress.us/item/3256809751635161.html
TYSH Interruptor Inteligente Sem Fio Matter/Tuya WiFi Touch - 1 a 4 Botões com Alexa,3256806636989362,Tuya Smart Life 85~250V WiFi Switch Relay Temperature Humidity...,13.39,74.98,4.6,Estabelecida,131,https://www.aliexpress.us/item/3256806636989362.html
TYSH Interruptor Inteligente Sem Fio Matter/Tuya WiFi Touch - 1 a 4 Botões com Alexa,3256805950235307,AVATTO Tuya WiFi Smart Touch Switch Brazil Stand 4/6 Gang Smar...,0.99,5.54,4.6,Estabelecida,454,https://www.aliexpress.us/item/3256805950235307.html
TYSH Interruptor Inteligente Sem Fio Matter/Tuya WiFi Touch - 1 a 4 Botões com Alexa,3256806671034980,16A works with Tuya WiFi Smart Switch Module 2-way Control Min...,0.33,1.85,4.8,Estabelecida,4,https://www.aliexpress.us/item/3256806671034980.html
TYSH Interruptor Inteligente Sem Fio Matter/Tuya WiFi Touch - 1 a 4 Botões com Alexa,3256809902913453,Tuya ZigBee Wireless Portable Remote Control 4 Zone LED Dimmer...,15.19,85.06,4.9,Estabelecida,700,https://www.aliexpress.us/item/3256809902913453.html
TYSH Interruptor Inteligente Sem Fio Matter/Tuya WiFi Touch - 1 a 4 Botões com Alexa,3256808230695258,Zemismart DIY Name Switch Zigbee Smart Touch Light US Switches...,29.55,165.48,4.9,Estabelecida,245,https://www.aliexpress.us/item/3256808230695258.html
TYSH Interruptor Inteligente Sem Fio Matter/Tuya WiFi Touch - 1 a 4 Botões com Alexa,3256807290697386,"AVATTO Brazil Stand WiFi Smart Light Switch & Socket,Tuya 110V...",11.11,62.22,4.9,Estabelecida,1,https://www.aliexpress.us/item/3256807290697386.html
Relógio de Mesa Inteligente com Luz RGB e Carregamento Wireless - Decoração de Quarto,3256807891155946,"6-in-1 Smart Alarm Clock - 15W Wireless Charger, Bluetooth Spe...",45.13,252.73,4.9,Estabelecida,227,https://www.aliexpress.us/item/3256807891155946.html
Relógio de Mesa Inteligente com Luz RGB e Carregamento Wireless - Decoração de Quarto,3256810409961052,"Wireless Charging Rainbow Atmosphere Sleep Light, Bedroom Wake...",33.79,189.22,5.0,Estabelecida,7,https://www.aliexpress.us/item/3256810409961052.html
Relógio de Mesa Inteligente com Luz RGB e Carregamento Wireless - Decoração de Quarto,3256806241380799,Digital Alarm Clock Temperature and Date Week Display Night Mo...,0.99,5.54,4.6,Estabelecida,3,https://www.aliexpress.us/item/3256806241380799.html
Relógio de Mesa Inteligente com Luz RGB e Carregamento Wireless - Decoração de Quarto,3256812169763560,R Letter RGB Bluetooth Speaker Wireless Charger Digital Clock ...,34.23,191.69,0.0,Nova,0,https://www.aliexpress.us/item/3256812169763560.html
Relógio de Mesa Inteligente com Luz RGB e Carregamento Wireless - Decoração de Quarto,3256811983585096,With RGB Wireless Fast Charger Stand Digital Clock Charging St...,21.56,120.74,5.0,Estabelecida,3,https://www.aliexpress.us/item/3256811983585096.html
Relógio de Mesa Inteligente com Luz RGB e Carregamento Wireless - Decoração de Quarto,3256809257505105,"16"" Large Digital Wall Clock With Remote Control, Timer, Alarm...",23.29,130.42,0.0,Nova,3,https://www.aliexpress.us/item/3256809257505105.html
Relógio de Mesa Inteligente com Luz RGB e Carregamento Wireless - Decoração de Quarto,3256811926290471,A32I 6-in-1 Wireless Charger with RGB Ambient Light & Alarm Cl...,32.82,183.79,0.0,Nova,0,https://www.aliexpress.us/item/3256811926290471.html
Relógio de Mesa Inteligente com Luz RGB e Carregamento Wireless - Decoração de Quarto,3256806809554491,GeekMagic Ultra Portable Smart Wifi Weather Station Display We...,7.79,43.62,4.9,Estabelecida,5,https://www.aliexpress.us/item/3256806809554491.html
Relógio de Mesa Inteligente com Luz RGB e Carregamento Wireless - Decoração de Quarto,3256807878044636,16 Inch Large Digital Wall Clock with Remote Control Mood Ligh...,28.04,157.02,4.8,Estabelecida,355,https://www.aliexpress.us/item/3256807878044636.html
Relógio de Mesa Inteligente com Luz RGB e Carregamento Wireless - Decoração de Quarto,3256807778755284,Wireless Charger Stand Pad RGB G Light Alarm Clock Speaker For...,11.59,64.9,4.5,Estabelecida,30,https://www.aliexpress.us/item/3256807778755284.html
Relógio de Mesa Inteligente com Luz RGB e Carregamento Wireless - Decoração de Quarto,3256812377365670,USB Charging Radio Alarm Clock RGB Portable Bluetooth Speaker ...,1.79,10.02,5.0,Estabelecida,7,https://www.aliexpress.us/item/3256812377365670.html
Relógio de Mesa Inteligente com Luz RGB e Carregamento Wireless - Decoração de Quarto,3256806675414877,Sunrise Alarm Clock Wake Up Light Clock Sunrise/Sunset Simulat...,27.59,154.5,4.9,Estabelecida,5,https://www.aliexpress.us/item/3256806675414877.html
Relógio de Mesa Inteligente com Luz RGB e Carregamento Wireless - Decoração de Quarto,3256805508428175,Digital Alarm Clock Desk/Wall Dimmable Electronic Clock with R...,11.47,64.23,5.0,Estabelecida,21,https://www.aliexpress.us/item/3256805508428175.html
Relógio de Mesa Inteligente com Luz RGB e Carregamento Wireless - Decoração de Quarto,3256807344649323,Bluetooth Speaker Stereo Loudspeaker Wireless Charger Pad Led ...,24.34,136.3,0.0,Nova,1,https://www.aliexpress.us/item/3256807344649323.html
Relógio de Mesa Inteligente com Luz RGB e Carregamento Wireless - Decoração de Quarto,3256812597636518,New Bluetooth Speaker Wireless Charger Table Lamp RGB Alarm Cl...,6.72,37.63,0.0,Nova,3,https://www.aliexpress.us/item/3256812597636518.html
Relógio de Mesa Inteligente com Luz RGB e Carregamento Wireless - Decoração de Quarto,3256807495247255,USB Smart Mute LED Electronic Wall Clock Modern Desk Clock Nig...,3.08,17.25,4.7,Estabelecida,500,https://www.aliexpress.us/item/3256807495247255.html
Relógio de Mesa Inteligente com Luz RGB e Carregamento Wireless - Decoração de Quarto,3256808303056576,Multifunction Night Light with Wireless Charger Music Speaker ...,27.06,151.54,0.0,Nova,1,https://www.aliexpress.us/item/3256808303056576.html
Relógio de Mesa Inteligente com Luz RGB e Carregamento Wireless - Decoração de Quarto,3256812033838524,Rechargeable DIY Sound Recording LED Alarm Clock with Mirror F...,4.15,23.24,5.0,Estabelecida,7,https://www.aliexpress.us/item/3256812033838524.html
Relógio de Mesa Inteligente com Luz RGB e Carregamento Wireless - Decoração de Quarto,3256807653119616,FM Radio 180° Projection Alarm Clock RGB With RGB Night Light ...,21.35,119.56,4.8,Estabelecida,430,https://www.aliexpress.us/item/3256807653119616.html
Relógio de Mesa Inteligente com Luz RGB e Carregamento Wireless - Decoração de Quarto,3256812613522012,Fast Wireless Charger 15W 4 in 1 Charging Stand Dual Coil for ...,27.25,152.6,0.0,Nova,0,https://www.aliexpress.us/item/3256812613522012.html
Relógio de Mesa Inteligente com Luz RGB e Carregamento Wireless - Decoração de Quarto,3256807874351154,G Atmosphere Goodnight Light Wireless Charger Speaker Clock 6 ...,5.4,30.24,5.0,Estabelecida,23,https://www.aliexpress.us/item/3256807874351154.html
Relógio de Mesa Inteligente com Luz RGB e Carregamento Wireless - Decoração de Quarto,3256812483869052,Decktop USB Charging Radio Alarm Clock RGB Portable Bluetooth ...,1.51,8.46,5.0,Estabelecida,3,https://www.aliexpress.us/item/3256812483869052.html
Relógio de Mesa Inteligente com Luz RGB e Carregamento Wireless - Decoração de Quarto,3256810449310328,Wake Up Light Sunrise Alarm Clock Timer 30 White Noise Sound M...,23.39,130.98,4.7,Estabelecida,1,https://www.aliexpress.us/item/3256810449310328.html
Relógio de Mesa Inteligente com Luz RGB e Carregamento Wireless - Decoração de Quarto,3256811879182628,Sunrise Simulation Alarm Clock Colorful Atmosphere Light Bluet...,24.69,138.26,5.0,Estabelecida,4,https://www.aliexpress.us/item/3256811879182628.html
Relógio de Mesa Inteligente com Luz RGB e Carregamento Wireless - Decoração de Quarto,3256812373499287,USB Rechargeable Radio Alarm Clock RGB Portable Bluetooth Spea...,1.81,10.14,0.0,Nova,7,https://www.aliexpress.us/item/3256812373499287.html
Relógio de Mesa Inteligente com Luz RGB e Carregamento Wireless - Decoração de Quarto,3256811555755496,GeekMagic Ultra Smart WiFi Weather Station Bed Clock with Phot...,7.99,44.74,4.7,Estabelecida,3,https://www.aliexpress.us/item/3256811555755496.html
Relógio de Mesa Inteligente com Luz RGB e Carregamento Wireless - Decoração de Quarto,3256809363266153,USB Charging Radio Alarm Clock RGB Portable Bluetooth Speaker ...,1.07,5.99,4.7,Estabelecida,17,https://www.aliexpress.us/item/3256809363266153.html
Relógio de Mesa Inteligente com Luz RGB e Carregamento Wireless - Decoração de Quarto,3256809395927101,"Wooden Digital Alarm Clock with Wireless Charging, LED Clock w...",9.33,52.25,4.9,Estabelecida,2,https://www.aliexpress.us/item/3256809395927101.html
Relógio de Mesa Inteligente com Luz RGB e Carregamento Wireless - Decoração de Quarto,3256805706687510,180° Rotation Projection Digital Alarm Clock Temperature Humid...,10.79,60.42,4.6,Estabelecida,1,https://www.aliexpress.us/item/3256805706687510.html
Relógio de Mesa Inteligente com Luz RGB e Carregamento Wireless - Decoração de Quarto,3256812564999825,Wireless Charging Station 3 In 1 Magnetic Charger 15W Fast Cha...,25.34,141.9,0.0,Nova,2,https://www.aliexpress.us/item/3256812564999825.html
Relógio de Mesa Inteligente com Luz RGB e Carregamento Wireless - Decoração de Quarto,3256810573274544,Wake Up Light Sunrise Alarm Clock Timer 30 White Noise Sound M...,27.59,154.5,4.9,Estabelecida,2,https://www.aliexpress.us/item/3256810573274544.html
Relógio de Mesa Inteligente com Luz RGB e Carregamento Wireless - Decoração de Quarto,3256809729001404,USB Powered Digital Alarm Clock with White Mood Light TEMP Wee...,5.33,29.85,4.8,Estabelecida,5,https://www.aliexpress.us/item/3256809729001404.html
Relógio de Mesa Inteligente com Luz RGB e Carregamento Wireless - Decoração de Quarto,3256809773914017,Quicksand Table Lamp USB Wireless Charging Desk Lamp 3D Hourgl...,28.17,157.75,4.9,Estabelecida,500,https://www.aliexpress.us/item/3256809773914017.html
Relógio de Mesa Inteligente com Luz RGB e Carregamento Wireless - Decoração de Quarto,3256812263590830,WILIT Wireless Charging Night Light Corner Light Desk Lamp for...,36.78,205.97,0.0,Nova,1,https://www.aliexpress.us/item/3256812263590830.html
Relógio de Mesa Inteligente com Luz RGB e Carregamento Wireless - Decoração de Quarto,3256807448699172,LAOPAO 10W QI Wireless Charging LED Desk Lamp With Calendar Te...,27.53,154.17,4.9,Estabelecida,474,https://www.aliexpress.us/item/3256807448699172.html
Relógio de Mesa Inteligente com Luz RGB e Carregamento Wireless - Decoração de Quarto,3256811364507137,"3 IN 1 Mouse Pad Magnetic Wireless Charging for Mobile Phone, ...",31.9,178.64,4.7,Estabelecida,95,https://www.aliexpress.us/item/3256811364507137.html
