Produto Sistema,Fornecedor ID,Título Fornecedor,Preço USD,Custo Estimado BRL,Nota Loja,Status Loja,Qtd Vendida,URL Link
Campainha de Vídeo Inteligente Tuya WiFi com Armazenamento em Nuvem e Detecção Humana,3256805058287803,720P Tuya APP WiFi Doorbell Low Consumption Battery Power Visu...,33.07,185.19,0.0,Nova,3,https://www.aliexpress.us/item/3256805058287803.html
Campainha de Vídeo Inteligente Tuya WiFi com Armazenamento em Nuvem e Detecção Humana,3256810358507281,Tuya APP Cloud Storage WiFi Doorbell Low Consumption Wake Up D...,17.8,99.68,5.0,Estabelecida,7,https://www.aliexpress.us/item/3256810358507281.html
Campainha de Vídeo Inteligente Tuya WiFi com Armazenamento em Nuvem e Detecção Humana,3256812410157383,Tuya APP Wireless WIFI Doorbell Free Cloud Storage  Visual Doo...,17.21,96.38,0.0,Nova,0,https://www.aliexpress.us/item/3256812410157383.html
Campainha de Vídeo Inteligente Tuya WiFi com Armazenamento em Nuvem e Detecção Humana,3256806843395026,5G 2.4G WiFi Video Doorbell 1080P Wireless Bell Tuya APP Smart...,52.12,291.87,4.6,Estabelecida,1,https://www.aliexpress.us/item/3256806843395026.html
Campainha de Vídeo Inteligente Tuya WiFi com Armazenamento em Nuvem e Detecção Humana,3256812373801825,Tuya Wifi 7inch 4 Wires Video Doorbell HD Monitor RFID Metal I...,117.82,659.79,0.0,Nova,23,https://www.aliexpress.us/item/3256812373801825.html
Campainha de Vídeo Inteligente Tuya WiFi com Armazenamento em Nuvem e Detecção Humana,3256812564018605,Tuya WiFi Smart Lock with Doorbell Camera IP66 Waterproof Face...,115.7,647.92,0.0,Nova,2,https://www.aliexpress.us/item/3256812564018605.html
Campainha de Vídeo Inteligente Tuya WiFi com Armazenamento em Nuvem e Detecção Humana,3256811914988728,"Wireless Wi-Fi Video Doorbell Camera with Two-Way Audio, AI Mo...",0.99,5.54,4.9,Estabelecida,1,https://www.aliexpress.us/item/3256811914988728.html
Campainha de Vídeo Inteligente Tuya WiFi com Armazenamento em Nuvem e Detecção Humana,3256812259084200,Tuya Smart WiFi Video Doorbell HD Night Vision AI Motion Detec...,30.87,172.87,0.0,Nova,1,https://www.aliexpress.us/item/3256812259084200.html
Campainha de Vídeo Inteligente Tuya WiFi com Armazenamento em Nuvem e Detecção Humana,3256807631885978,Tuya WiFi Video Doorbell Intercom 2K Remote Unlock 3MP Video E...,184.97,1035.83,5.0,Estabelecida,1,https://www.aliexpress.us/item/3256807631885978.html
Campainha de Vídeo Inteligente Tuya WiFi com Armazenamento em Nuvem e Detecção Humana,3256808768811214,Tuya  APP Free Cloud Storage WiFi Wakeup Doorbell Low Consumpt...,19.2,107.52,0.0,Nova,6,https://www.aliexpress.us/item/3256808768811214.html
Campainha de Vídeo Inteligente Tuya WiFi com Armazenamento em Nuvem e Detecção Humana,3256811990701926,Tuya Outdoor Wireless Doorbell Solar Rain Cover Waterproof WiF...,20.49,114.74,4.9,Estabelecida,96,https://www.aliexpress.us/item/3256811990701926.html
Campainha de Vídeo Inteligente Tuya WiFi com Armazenamento em Nuvem e Detecção Humana,3256807387154047,5G 2.4G WiFi Video Doorbell 1080P Tuya Smart Outdoor Wireless ...,57.77,323.51,4.5,Estabelecida,3,https://www.aliexpress.us/item/3256807387154047.html
Campainha de Vídeo Inteligente Tuya WiFi com Armazenamento em Nuvem e Detecção Humana,3256811838608835,"HOMSECUR Tuya App 7"" WIFI Video Door Phone Intercom Doorbell A...",299.79,1678.82,5.0,Estabelecida,5,https://www.aliexpress.us/item/3256811838608835.html
Campainha de Vídeo Inteligente Tuya WiFi com Armazenamento em Nuvem e Detecção Humana,3256808620253900,7Inch IPS Screen 2MP  Tuya Remote Control WIFI Door Phone Inte...,103.79,581.22,0.0,Nova,5,https://www.aliexpress.us/item/3256808620253900.html
Campainha de Vídeo Inteligente Tuya WiFi com Armazenamento em Nuvem e Detecção Humana,3256811509329125,"TUYA WIFI video intercom doorbell system for home apartment 7""...",244.17,1367.35,5.0,Estabelecida,2,https://www.aliexpress.us/item/3256811509329125.html
Campainha de Vídeo Inteligente Tuya WiFi com Armazenamento em Nuvem e Detecção Humana,3256812337811358,G4 Doorbell Pro Smart Doorbell with HD Video Matte Black Finis...,510.04,2856.22,0.0,Nova,5,https://www.aliexpress.us/item/3256812337811358.html
Campainha de Vídeo Inteligente Tuya WiFi com Armazenamento em Nuvem e Detecção Humana,3256808616944618,7Inch IPS Screen Tuya Remote Control WIFI Door Phone Intercom ...,131.31,735.34,5.0,Estabelecida,8,https://www.aliexpress.us/item/3256808616944618.html
Campainha de Vídeo Inteligente Tuya WiFi com Armazenamento em Nuvem e Detecção Humana,3256807891297588,Tuya Smart 3MP 140° Wide View Angle Mini Digital Peephole Eye ...,68.7,384.72,4.9,Estabelecida,5,https://www.aliexpress.us/item/3256807891297588.html
Campainha de Vídeo Inteligente Tuya WiFi com Armazenamento em Nuvem e Detecção Humana,3256812371447386,Tuya APP 170Degree Wide Angle  Battery Power Low Comsunption W...,47.42,265.55,0.0,Nova,0,https://www.aliexpress.us/item/3256812371447386.html
Campainha de Vídeo Inteligente Tuya WiFi com Armazenamento em Nuvem e Detecção Humana,3256812558388470,"ANJIELO 2026 New 5-in-1 Smart Video Doorbell, WiFi Intercom Tu...",198.35,1110.76,5.0,Estabelecida,4,https://www.aliexpress.us/item/3256812558388470.html
Campainha de Vídeo Inteligente Tuya WiFi com Armazenamento em Nuvem e Detecção Humana,3256812119900528,4.3 Inch IPS Screen 3MP Tuya APP Wifi Doorbell Wide Angle  Vis...,61.69,345.46,0.0,Nova,0,https://www.aliexpress.us/item/3256812119900528.html
Campainha de Vídeo Inteligente Tuya WiFi com Armazenamento em Nuvem e Detecção Humana,3256808157107292,Tuya APP 2MP HD IP Video Intercom Wired Digital Face Recogniti...,89.75,502.6,0.0,Nova,7,https://www.aliexpress.us/item/3256808157107292.html
Campainha de Vídeo Inteligente Tuya WiFi com Armazenamento em Nuvem e Detecção Humana,3256812651553743,ANJIELO Tuya Smart Video Intercom System  IPS Monitor IP65 Wat...,60.31,337.74,0.0,Nova,0,https://www.aliexpress.us/item/3256812651553743.html
Campainha de Vídeo Inteligente Tuya WiFi com Armazenamento em Nuvem e Detecção Humana,3256810509351962,Wifi access control system walkie talkie doorbell camera home ...,38.0,212.8,0.0,Nova,2,https://www.aliexpress.us/item/3256810509351962.html
Campainha de Vídeo Inteligente Tuya WiFi com Armazenamento em Nuvem e Detecção Humana,3256812365310780,Tuya WiFi Video Doorbell Intercom 4 Wires 1080P Camera 7 Inch ...,235.25,1317.4,0.0,Nova,1,https://www.aliexpress.us/item/3256812365310780.html
Campainha de Vídeo Inteligente Tuya WiFi com Armazenamento em Nuvem e Detecção Humana,3256810393004039,HOMSECUR Tuya App HD XM713H Indoor Monitor UI Interface Record...,120.69,675.86,5.0,Estabelecida,1,https://www.aliexpress.us/item/3256810393004039.html
Campainha de Vídeo Inteligente Tuya WiFi com Armazenamento em Nuvem e Detecção Humana,3256810257208715,"HOMSECUR 7"" Tuya App HD WIFI Video Doorbell Doorphone Intercom...",298.75,1673.0,0.0,Nova,8,https://www.aliexpress.us/item/3256810257208715.html
Campainha de Vídeo Inteligente Tuya WiFi com Armazenamento em Nuvem e Detecção Humana,3256807433925582,Tuya Android Smart Home Security Wireless Video Doorbell Villa...,199.78,1118.77,0.0,Nova,1,https://www.aliexpress.us/item/3256807433925582.html
Campainha de Vídeo Inteligente Tuya WiFi com Armazenamento em Nuvem e Detecção Humana,3256812511785608,ANJIELO Tuya Smart Video Intercom System 7 inch 10 Touch Scree...,184.65,1034.04,0.0,Nova,1,https://www.aliexpress.us/item/3256812511785608.html
Campainha de Vídeo Inteligente Tuya WiFi com Armazenamento em Nuvem e Detecção Humana,3256809805688964,4 Wire Tuya Smart APP 7” IPS LCD Screen HD Flush Mount Doorbel...,153.29,858.42,0.0,Nova,1,https://www.aliexpress.us/item/3256809805688964.html
Campainha de Vídeo Inteligente Tuya WiFi com Armazenamento em Nuvem e Detecção Humana,3256808887008075,Tuya Smart Home Smart Life Wifi Biometric Access Control Digit...,28.73,160.89,0.0,Nova,3,https://www.aliexpress.us/item/3256808887008075.html
Campainha de Vídeo Inteligente Tuya WiFi com Armazenamento em Nuvem e Detecção Humana,3256805528511219,MOES Tuya Smart WiFi Video Doorbell Camera with 2-Way Audio In...,102.14,571.98,5.0,Estabelecida,25,https://www.aliexpress.us/item/3256805528511219.html
Campainha de Vídeo Inteligente Tuya WiFi com Armazenamento em Nuvem e Detecção Humana,3256811800399893,5Inch Video Intercom Door Bell Face Recognition Wifi Support T...,85.54,479.02,0.0,Nova,2,https://www.aliexpress.us/item/3256811800399893.html
Campainha de Vídeo Inteligente Tuya WiFi com Armazenamento em Nuvem e Detecção Humana,3256812095690911,"ANJIELO 10"" Touch Screen Tuya APP Video Intercom System 2MP Wi...",70.1,392.56,0.0,Nova,0,https://www.aliexpress.us/item/3256812095690911.html
Peças de Reposição Premium para BYD Seagull - Carro Elétrico Novo 2023-2025,3256806773324576,Cabin A/C Fresh Air Filter For BYD Seagull Accessories 2023 20...,0.99,5.54,4.9,Estabelecida,90,https://www.aliexpress.us/item/3256806773324576.html
Peças de Reposição Premium para BYD Seagull - Carro Elétrico Novo 2023-2025,3256806810836991,2pcs Universal Anti-Fog Anti-glare Rainproof Car Tuning Rearvi...,0.83,4.65,4.9,Estabelecida,10,https://www.aliexpress.us/item/3256806810836991.html
Peças de Reposição Premium para BYD Seagull - Carro Elétrico Novo 2023-2025,3256807290362836,HD 4K 2160P WiFi Car DVR Dash Cam Camera 1080P 1600P 2K24H Par...,22.99,128.74,4.9,Estabelecida,498,https://www.aliexpress.us/item/3256807290362836.html
Peças de Reposição Premium para BYD Seagull - Carro Elétrico Novo 2023-2025,3256810141701937,Car Dashboard Cover Protective Pad Dash Board Sunshade Carpet ...,3.18,17.81,4.7,Estabelecida,98,https://www.aliexpress.us/item/3256810141701937.html
Peças de Reposição Premium para BYD Seagull - Carro Elétrico Novo 2023-2025,3256811912489556,For BYD Seagull 2023 2024 2025 Car Wireless Charger Pad Fast C...,22.65,126.84,5.0,Estabelecida,18,https://www.aliexpress.us/item/3256811912489556.html
Peças de Reposição Premium para BYD Seagull - Carro Elétrico Novo 2023-2025,3256808634434562,For BYD SEAGULL Dolphin MINI 2023 2024 Central Console Silicon...,3.68,20.61,4.9,Estabelecida,2,https://www.aliexpress.us/item/3256808634434562.html
Peças de Reposição Premium para BYD Seagull - Carro Elétrico Novo 2023-2025,3256806984542884,Car Steering Wheel Booster Ball Turning Spinner Knob Bearing P...,0.33,1.85,4.9,Estabelecida,5,https://www.aliexpress.us/item/3256806984542884.html
Peças de Reposição Premium para BYD Seagull - Carro Elétrico Novo 2023-2025,3256810485152976,Universal Car Steering Wheel Booster Ball Labor Saving Turning...,0.99,5.54,5.0,Estabelecida,5,https://www.aliexpress.us/item/3256810485152976.html
Peças de Reposição Premium para BYD Seagull - Carro Elétrico Novo 2023-2025,3256806677386210,SEAMETAL Rubber Car Seals Edge Sealing Strips Auto Roof Windsh...,0.33,1.85,4.9,Estabelecida,5,https://www.aliexpress.us/item/3256806677386210.html
Peças de Reposição Premium para BYD Seagull - Carro Elétrico Novo 2023-2025,3256812466749496,Hcalory HC1-H 8KW 12V All in One Portable Diesel Air Parking H...,77.56,434.34,0.0,Nova,2,https://www.aliexpress.us/item/3256812466749496.html
Peças de Reposição Premium para BYD Seagull - Carro Elétrico Novo 2023-2025,3256812184440537,Summer Car Front Window Sunshade Cover Sun Shade Windshield Vi...,4.55,25.48,4.9,Estabelecida,399,https://www.aliexpress.us/item/3256812184440537.html
Peças de Reposição Premium para BYD Seagull - Carro Elétrico Novo 2023-2025,3256810099182685,3D Carbon Fiber Sticker Paste Car Threshold Protective Film An...,0.33,1.85,4.9,Estabelecida,50,https://www.aliexpress.us/item/3256810099182685.html
Peças de Reposição Premium para BYD Seagull - Carro Elétrico Novo 2023-2025,3256812478270729,Hcalory TC2-S 8KW Diesel Heater 5L Portable Diesel Air Heater ...,96.42,539.95,0.0,Nova,1,https://www.aliexpress.us/item/3256812478270729.html
Peças de Reposição Premium para BYD Seagull - Carro Elétrico Novo 2023-2025,3256805854966574,Universal Car RCA USB Adapter Wireless Blue Tooth Receiver Hom...,2.11,11.82,4.6,Estabelecida,103,https://www.aliexpress.us/item/3256805854966574.html
Peças de Reposição Premium para BYD Seagull - Carro Elétrico Novo 2023-2025,3256810128436214,Carbon Fiber Car Sticker Auto Door Threshold Waterproof sticke...,0.99,5.54,4.9,Estabelecida,96,https://www.aliexpress.us/item/3256810128436214.html
Peças de Reposição Premium para BYD Seagull - Carro Elétrico Novo 2023-2025,3256808634440587,For BYD SEAGULL Dolphin MINI 2023 2024 Central Console Silicon...,3.45,19.32,4.9,Estabelecida,1,https://www.aliexpress.us/item/3256808634440587.html
Peças de Reposição Premium para BYD Seagull - Carro Elétrico Novo 2023-2025,3256807072134764,IPENGEN EV Portable Charger Type2 /GBT Plug Connector 16A 1Pha...,79.49,445.14,4.8,Estabelecida,2,https://www.aliexpress.us/item/3256807072134764.html
Peças de Reposição Premium para BYD Seagull - Carro Elétrico Novo 2023-2025,3256807861680587,Tempered Glass Screen Protector For BYD Seagull 2022-2024 Car ...,0.99,5.54,4.7,Estabelecida,345,https://www.aliexpress.us/item/3256807861680587.html
Peças de Reposição Premium para BYD Seagull - Carro Elétrico Novo 2023-2025,3256812545242931,SEAMETAL Universal 12V Car Heater Fan Portable Auto Heater 360...,4.09,22.9,0.0,Nova,2,https://www.aliexpress.us/item/3256812545242931.html
Peças de Reposição Premium para BYD Seagull - Carro Elétrico Novo 2023-2025,3256810551173754,Hippcron Car Power Window Closer 12V For 4 Doors Auto Intellig...,4.33,24.25,4.8,Estabelecida,126,https://www.aliexpress.us/item/3256810551173754.html
Peças de Reposição Premium para BYD Seagull - Carro Elétrico Novo 2023-2025,3256810099043243,EVqiaoyi Type2 V2L Discharger with Power-Off Button 16A MG BYD...,23.48,131.49,4.9,Estabelecida,2,https://www.aliexpress.us/item/3256810099043243.html
Peças de Reposição Premium para BYD Seagull - Carro Elétrico Novo 2023-2025,3256809784481640,12V Car Heater Defrost And Demister Two-Speed ​​Adjustment Car...,3.81,21.34,5.0,Estabelecida,17,https://www.aliexpress.us/item/3256809784481640.html
Peças de Reposição Premium para BYD Seagull - Carro Elétrico Novo 2023-2025,3256806851930049,15W Wireless Car Charger Pad Non-Slip Qi Fast Charging for And...,5.33,29.85,4.9,Estabelecida,5,https://www.aliexpress.us/item/3256806851930049.html
Peças de Reposição Premium para BYD Seagull - Carro Elétrico Novo 2023-2025,3256806669423259,AFYEEV 32A 7.2KW Portable EV Charger Type2 Type1 Electric Vehi...,143.53,803.77,4.8,Estabelecida,1,https://www.aliexpress.us/item/3256806669423259.html
Peças de Reposição Premium para BYD Seagull - Carro Elétrico Novo 2023-2025,3256808311199409,V2L Discharger Optional Plug V2L Vehicle to Load Type 2 Suppor...,27.59,154.5,4.7,Estabelecida,1,https://www.aliexpress.us/item/3256808311199409.html
Peças de Reposição Premium para BYD Seagull - Carro Elétrico Novo 2023-2025,3256808000751198,New 4 Ports Car Charger Socket Panel 12V/24V RV USB Outlet Dua...,1.33,7.45,4.8,Estabelecida,10,https://www.aliexpress.us/item/3256808000751198.html
Peças de Reposição Premium para BYD Seagull - Carro Elétrico Novo 2023-2025,3256807257815860,2/4Pcs Auto Car Door Edge Protection Guards Buffer Trim Moldin...,0.99,5.54,4.5,Estabelecida,5,https://www.aliexpress.us/item/3256807257815860.html
Peças de Reposição Premium para BYD Seagull - Carro Elétrico Novo 2023-2025,3256811413557746,Car USB LED Atmosphere Lights Decorative Lamp Emergency Lighti...,0.99,5.54,4.9,Estabelecida,83,https://www.aliexpress.us/item/3256811413557746.html
Peças de Reposição Premium para BYD Seagull - Carro Elétrico Novo 2023-2025,3256807009913073,DC 12V 3D Spacer Car Summer Cool Air Seat Cushion With 8Fan Fa...,26.88,150.53,4.6,Estabelecida,3,https://www.aliexpress.us/item/3256807009913073.html
Peças de Reposição Premium para BYD Seagull - Carro Elétrico Novo 2023-2025,3256808290186549,4 PCS Car Door Shock Absorber Cushion Silicone Pad Universal G...,0.99,5.54,4.5,Estabelecida,500,https://www.aliexpress.us/item/3256808290186549.html
Peças de Reposição Premium para BYD Seagull - Carro Elétrico Novo 2023-2025,3256809760007402,"Hcalory 8KW Upgrade Toolbox Max Portable Diesel Air Heater, 10...",226.99,1271.14,4.7,Estabelecida,192,https://www.aliexpress.us/item/3256809760007402.html
Peças de Reposição Premium para BYD Seagull - Carro Elétrico Novo 2023-2025,3256809618543180,Universal Car Mobile Phone Holder Invisible Foldaway  Magnetic...,2.88,16.13,4.7,Estabelecida,600,https://www.aliexpress.us/item/3256809618543180.html
Peças de Reposição Premium para BYD Seagull - Carro Elétrico Novo 2023-2025,3256806013254428,Car Boot Lid Lifting Spring Trunk Spring Lifting Device Car Ca...,6.33,35.45,4.6,Estabelecida,700,https://www.aliexpress.us/item/3256806013254428.html
CarlinKit Adaptador CarPlay Sem Fio Mini Ultra4 5GHz WiFi - Plug and Play Android Auto,3256812157759922,2026 CarlinKit Ultra3 Box Android 15 SM6350 Android Auto Wirel...,205.7,1151.92,4.8,Estabelecida,172,https://www.aliexpress.us/item/3256812157759922.html
CarlinKit Adaptador CarPlay Sem Fio Mini Ultra4 5GHz WiFi - Plug and Play Android Auto,3256812349893068,CarlinKit 2 IN 1 CarPlay Android Auto Wireless Adapter WIfi 5G...,11.84,66.3,4.9,Estabelecida,10,https://www.aliexpress.us/item/3256812349893068.html
CarlinKit Adaptador CarPlay Sem Fio Mini Ultra4 5GHz WiFi - Plug and Play Android Auto,3256812248016579,2026 CarlinKit CarPlay AI Box Android 13.0 QCM6225 8-Core Andr...,106.11,594.22,4.9,Estabelecida,221,https://www.aliexpress.us/item/3256812248016579.html
CarlinKit Adaptador CarPlay Sem Fio Mini Ultra4 5GHz WiFi - Plug and Play Android Auto,3256809379684788,2025 New Adapter 2in1 Mini CarPlay Box Wired To Wireless CarPl...,9.39,52.58,4.6,Estabelecida,1,https://www.aliexpress.us/item/3256809379684788.html
CarlinKit Adaptador CarPlay Sem Fio Mini Ultra4 5GHz WiFi - Plug and Play Android Auto,3256810034005854,CarlinKit 5.0 Mini Ultra / Pro Wireless CarPlay & Android Auto...,9.09,50.9,4.9,Estabelecida,10,https://www.aliexpress.us/item/3256810034005854.html
CarlinKit Adaptador CarPlay Sem Fio Mini Ultra4 5GHz WiFi - Plug and Play Android Auto,3256811495667712,CarlinKit 5.0 Mini5 PRO Wireless Adapter Wireless CarPlay Andr...,10.43,58.41,4.9,Estabelecida,500,https://www.aliexpress.us/item/3256811495667712.html
CarlinKit Adaptador CarPlay Sem Fio Mini Ultra4 5GHz WiFi - Plug and Play Android Auto,3256810419350396,Mini Ultra 3 CarlinKit 5.0 Wireless Adapter Wireless CarPlay A...,8.26,46.26,4.9,Estabelecida,2,https://www.aliexpress.us/item/3256810419350396.html
CarlinKit Adaptador CarPlay Sem Fio Mini Ultra4 5GHz WiFi - Plug and Play Android Auto,3256806849194125,Carlinkit Wireless CarPlay for Android Car Head Unit Wireless ...,33.5,187.6,4.7,Estabelecida,600,https://www.aliexpress.us/item/3256806849194125.html
CarlinKit Adaptador CarPlay Sem Fio Mini Ultra4 5GHz WiFi - Plug and Play Android Auto,3256812231228832,5G LTE CarlinKit Ultra 3 CarPlay Ai Box Android 15 SM6350 Andr...,209.46,1172.98,0.0,Nova,18,https://www.aliexpress.us/item/3256812231228832.html
CarlinKit Adaptador CarPlay Sem Fio Mini Ultra4 5GHz WiFi - Plug and Play Android Auto,3256811494360076,CarlinKit 5.0 & 4.0 2-In-1 Wireless Adapter Wireless CarPlay &...,27.03,151.37,4.9,Estabelecida,1,https://www.aliexpress.us/item/3256811494360076.html
CarlinKit Adaptador CarPlay Sem Fio Mini Ultra4 5GHz WiFi - Plug and Play Android Auto,3256809048094888,CarlinKit 5.0 Mini Ultra Wireless Adapter Wireless CarPlay And...,11.29,63.22,4.9,Estabelecida,10,https://www.aliexpress.us/item/3256809048094888.html
CarlinKit Adaptador CarPlay Sem Fio Mini Ultra4 5GHz WiFi - Plug and Play Android Auto,3256809735169026,2025 CarlinKit Mini Ultra 3 CarPlay Android auto Wireless Adap...,19.33,108.25,4.7,Estabelecida,5,https://www.aliexpress.us/item/3256809735169026.html
CarlinKit Adaptador CarPlay Sem Fio Mini Ultra4 5GHz WiFi - Plug and Play Android Auto,3256812621046053,CarlinKit 4.0 PRO/5.0/4.0 New 3 IN 1 Wireless CarPlay AI Box A...,20.7,115.92,0.0,Nova,0,https://www.aliexpress.us/item/3256812621046053.html
CarlinKit Adaptador CarPlay Sem Fio Mini Ultra4 5GHz WiFi - Plug and Play Android Auto,3256810620066915,Carlinkit 5.0 2air Wireless CarPlay Android Auto Wireless Adap...,22.53,126.17,4.9,Estabelecida,2,https://www.aliexpress.us/item/3256810620066915.html
CarlinKit Adaptador CarPlay Sem Fio Mini Ultra4 5GHz WiFi - Plug and Play Android Auto,3256809800184204,CarlinKit USB Wired/Wireless CarPlay Adapter Wireless Android ...,33.91,189.9,4.9,Estabelecida,1,https://www.aliexpress.us/item/3256809800184204.html
CarlinKit Adaptador CarPlay Sem Fio Mini Ultra4 5GHz WiFi - Plug and Play Android Auto,3256810253049759,Mini Wireless CarPlay Adapter Android Auto Wireless Dongle Wif...,8.33,46.65,4.9,Estabelecida,5,https://www.aliexpress.us/item/3256810253049759.html
CarlinKit Adaptador CarPlay Sem Fio Mini Ultra4 5GHz WiFi - Plug and Play Android Auto,3256809197733056,2 in 1 Wireless Carplay Adapter for Apple iOS Android Auto Sma...,10.47,58.63,4.9,Estabelecida,1,https://www.aliexpress.us/item/3256809197733056.html
CarlinKit Adaptador CarPlay Sem Fio Mini Ultra4 5GHz WiFi - Plug and Play Android Auto,3256808732682375,CarlinKit 5.0 Mini Ultra Wireless Adapter Wireless CarPlay And...,14.59,81.7,4.6,Estabelecida,10,https://www.aliexpress.us/item/3256808732682375.html
CarlinKit Adaptador CarPlay Sem Fio Mini Ultra4 5GHz WiFi - Plug and Play Android Auto,3256809687861949,iHeylinkit 2 in1 CarPlay Wireless Adapter CarPlay Mini Box And...,4.33,24.25,4.9,Estabelecida,700,https://www.aliexpress.us/item/3256809687861949.html
CarlinKit Adaptador CarPlay Sem Fio Mini Ultra4 5GHz WiFi - Plug and Play Android Auto,3256807277465685,2026 CarlinKit MINI SE CarPlay Wireless Adapter Car Play Dongl...,19.84,111.1,5.0,Estabelecida,7,https://www.aliexpress.us/item/3256807277465685.html
CarlinKit Adaptador CarPlay Sem Fio Mini Ultra4 5GHz WiFi - Plug and Play Android Auto,3256811962593301,OTTOCAST Mini Nova Adapter Wireless CarPlay Android Auto Bluet...,31.25,175.0,5.0,Estabelecida,21,https://www.aliexpress.us/item/3256811962593301.html
CarlinKit Adaptador CarPlay Sem Fio Mini Ultra4 5GHz WiFi - Plug and Play Android Auto,3256811526484466,OTTOCAST Mini Pico 2026 Wireless CarPlay Android Auto Adapter ...,32.3,180.88,4.8,Estabelecida,284,https://www.aliexpress.us/item/3256811526484466.html
CarlinKit Adaptador CarPlay Sem Fio Mini Ultra4 5GHz WiFi - Plug and Play Android Auto,3256811371161275,OTTOCAST Mini Pico 2in1 Wireless CarPlay Wireless Android Auto...,37.09,207.7,4.6,Estabelecida,2,https://www.aliexpress.us/item/3256811371161275.html
CarlinKit Adaptador CarPlay Sem Fio Mini Ultra4 5GHz WiFi - Plug and Play Android Auto,3256809968880194,Mini Ultra 3 Kowankit Wireless Android Auto & CarPlay Adapter ...,9.86,55.22,4.9,Estabelecida,5,https://www.aliexpress.us/item/3256809968880194.html
CarlinKit Adaptador CarPlay Sem Fio Mini Ultra4 5GHz WiFi - Plug and Play Android Auto,3256807619316434,Pionray 2in1 Wireless CarPlay Adapter Car Intelligent Systems ...,3.33,18.65,4.9,Estabelecida,10,https://www.aliexpress.us/item/3256807619316434.html
CarlinKit Adaptador CarPlay Sem Fio Mini Ultra4 5GHz WiFi - Plug and Play Android Auto,3256805791810161,Carlinkit 4.0 CarPlay Wireless Android Auto 2 in 1 Adapter for...,19.64,109.98,4.6,Estabelecida,277,https://www.aliexpress.us/item/3256805791810161.html
CarlinKit Adaptador CarPlay Sem Fio Mini Ultra4 5GHz WiFi - Plug and Play Android Auto,3256810099132897,XUDA 2 in 1 Wired to Wireless CarPlay Android Auto Adapter for...,9.33,52.25,4.9,Estabelecida,50,https://www.aliexpress.us/item/3256810099132897.html
CarlinKit Adaptador CarPlay Sem Fio Mini Ultra4 5GHz WiFi - Plug and Play Android Auto,3256811603152164,2IN1 Mini NEW Wireless CarPlay Android Auto Adapter Wired to W...,7.05,39.48,4.9,Estabelecida,700,https://www.aliexpress.us/item/3256811603152164.html
CarlinKit Adaptador CarPlay Sem Fio Mini Ultra4 5GHz WiFi - Plug and Play Android Auto,3256808473857005,2026 Wireless CarPlay Adapter 2-in-1 Wired to Wireless Dongle ...,7.61,42.62,4.9,Estabelecida,5,https://www.aliexpress.us/item/3256808473857005.html
CarlinKit Adaptador CarPlay Sem Fio Mini Ultra4 5GHz WiFi - Plug and Play Android Auto,3256812311859198,Vyvylabs Mini Wireless Carplay Adapter Android Auto for iphone...,14.33,80.25,0.0,Nova,3,https://www.aliexpress.us/item/3256812311859198.html
CarlinKit Adaptador CarPlay Sem Fio Mini Ultra4 5GHz WiFi - Plug and Play Android Auto,3256811874879406,CarlinKit Wireless CarPlay Adapter Mini Ultra 2air Android Aut...,10.91,61.1,5.0,Estabelecida,8,https://www.aliexpress.us/item/3256811874879406.html
CarlinKit Adaptador CarPlay Sem Fio Mini Ultra4 5GHz WiFi - Plug and Play Android Auto,3256812569493097,X-YUNS 2026 2 In 1 Wired to Wireless CarPlay and Android Auto ...,8.12,45.47,0.0,Nova,11,https://www.aliexpress.us/item/3256812569493097.html
CarlinKit Adaptador CarPlay Sem Fio Mini Ultra4 5GHz WiFi - Plug and Play Android Auto,3256809857316358,2 in 1 Wireless Carplay Adapter Android Auto Smart Dongle 2025...,9.37,52.47,4.7,Estabelecida,388,https://www.aliexpress.us/item/3256809857316358.html
CarlinKit Adaptador CarPlay Sem Fio Mini Ultra4 5GHz WiFi - Plug and Play Android Auto,3256811531562653,XUDA New Wireless Android Auto Adapter Smart Mini Box Plug And...,10.79,60.42,4.9,Estabelecida,10,https://www.aliexpress.us/item/3256811531562653.html
CarlinKit Adaptador CarPlay Sem Fio Mini Ultra4 5GHz WiFi - Plug and Play Android Auto,3256806823751820,XUDA 2025  Wireless CarPlay Android Auto Wireless Adapter Smar...,15.33,85.85,4.9,Estabelecida,5,https://www.aliexpress.us/item/3256806823751820.html
CarlinKit Adaptador CarPlay Sem Fio Mini Ultra4 5GHz WiFi - Plug and Play Android Auto,3256809687913767,XUDA Carplay Android Auto Wireless Adapter Smart AI Box Car OE...,0.99,5.54,4.9,Estabelecida,5,https://www.aliexpress.us/item/3256809687913767.html
CarlinKit Adaptador CarPlay Sem Fio Mini Ultra4 5GHz WiFi - Plug and Play Android Auto,3256808486239043,2025 CarlinKit LITE S Android TV Box Wireless Carplay Android ...,56.58,316.85,4.6,Estabelecida,70,https://www.aliexpress.us/item/3256808486239043.html
CarlinKit Adaptador CarPlay Sem Fio Mini Ultra4 5GHz WiFi - Plug and Play Android Auto,3256809294797740,Mini Wireless Carplay Adapter Android Auto AI Smart USB Dongle...,17.21,96.38,5.0,Estabelecida,32,https://www.aliexpress.us/item/3256809294797740.html
CarlinKit Adaptador CarPlay Sem Fio Mini Ultra4 5GHz WiFi - Plug and Play Android Auto,3256810218999232,CarlinKit Ultra1 Android 15.0 Tv Box 5G CarPlay Wireless Andro...,210.39,1178.18,5.0,Estabelecida,88,https://www.aliexpress.us/item/3256810218999232.html
CarlinKit Adaptador CarPlay Sem Fio Mini Ultra4 5GHz WiFi - Plug and Play Android Auto,3256806780020613,CarlinKit Android Auto USB Dongle Wireless CarPlay Adapter For...,35.08,196.45,4.9,Estabelecida,700,https://www.aliexpress.us/item/3256806780020613.html
CarlinKit Adaptador CarPlay Sem Fio Mini Ultra4 5GHz WiFi - Plug and Play Android Auto,3256810335958811,Ottocast MINI Wireless Carplay Adapter Android Auto 5GHz WiFi ...,31.48,176.29,4.7,Estabelecida,104,https://www.aliexpress.us/item/3256810335958811.html
CarlinKit Adaptador CarPlay Sem Fio Mini Ultra4 5GHz WiFi - Plug and Play Android Auto,3256810097113029,New Wireless CarPlay Android Auto Adapter USB Dongle Smart Min...,7.96,44.58,4.7,Estabelecida,216,https://www.aliexpress.us/item/3256810097113029.html
K1A Adaptador CarPlay Sem Fio Mini USB - Apple CarPlay e Android Auto Evoluído,3256811986510563,(2026 Upgraded) Wireless CarPlay Adapter for Apple iPhone＆Andr...,16.99,95.14,4.9,Estabelecida,5,https://www.aliexpress.us/item/3256811986510563.html
K1A Adaptador CarPlay Sem Fio Mini USB - Apple CarPlay e Android Auto Evoluído,3256810577684658,2026 Wireless CarPlay Adapter 2-in-1 Wired to Wireless Dongle ...,10.79,60.42,4.6,Estabelecida,10,https://www.aliexpress.us/item/3256810577684658.html
K1A Adaptador CarPlay Sem Fio Mini USB - Apple CarPlay e Android Auto Evoluído,3256810467177539,NEWEST Wireless CarPlay Adapter 2-in-1 Wired to Wireless Dongl...,9.33,52.25,4.9,Estabelecida,10,https://www.aliexpress.us/item/3256810467177539.html
K1A Adaptador CarPlay Sem Fio Mini USB - Apple CarPlay e Android Auto Evoluído,3256810386395957,XUDA Wireless CarPlay Adapter 2026 Upgrade Wired CarPlay to Wi...,9.33,52.25,4.9,Estabelecida,500,https://www.aliexpress.us/item/3256810386395957.html
K1A Adaptador CarPlay Sem Fio Mini USB - Apple CarPlay e Android Auto Evoluído,3256809902740364,2026 NEW Wired to Wireless CarPlay and Android Auto 2 in 1 Min...,8.33,46.65,4.9,Estabelecida,100,https://www.aliexpress.us/item/3256809902740364.html
K1A Adaptador CarPlay Sem Fio Mini USB - Apple CarPlay e Android Auto Evoluído,3256811641269980,2026 Trending Wireless CarPlay Adapter for Apple iPhone & Andr...,6.16,34.5,4.9,Estabelecida,58,https://www.aliexpress.us/item/3256811641269980.html
K1A Adaptador CarPlay Sem Fio Mini USB - Apple CarPlay e Android Auto Evoluído,3256812504544668,New Mini wired to wireless CarPlay & Android Auto 2in1 adapter...,6.31,35.34,0.0,Nova,6,https://www.aliexpress.us/item/3256812504544668.html
K1A Adaptador CarPlay Sem Fio Mini USB - Apple CarPlay e Android Auto Evoluído,3256809739735371,2025 New Wireless Android Auto Adapter Wired to Wireless Carpl...,10.67,59.75,4.6,Estabelecida,600,https://www.aliexpress.us/item/3256809739735371.html
K1A Adaptador CarPlay Sem Fio Mini USB - Apple CarPlay e Android Auto Evoluído,3256812297298061,Universal Wired To Wireless CarPlay Android Auto Adapter USB P...,19.05,106.68,5.0,Estabelecida,4,https://www.aliexpress.us/item/3256812297298061.html
K1A Adaptador CarPlay Sem Fio Mini USB - Apple CarPlay e Android Auto Evoluído,3256812292276710,2026 Kowankit Wireless CarPlay Adapter Android Auto 2 in 1 Don...,9.98,55.89,0.0,Nova,1,https://www.aliexpress.us/item/3256812292276710.html
K1A Adaptador CarPlay Sem Fio Mini USB - Apple CarPlay e Android Auto Evoluído,3256812628997140,Bonroad Wireless Carplay Android Auto Retrofit Adapter for Inf...,242.02,1355.31,0.0,Nova,1,https://www.aliexpress.us/item/3256812628997140.html
K1A Adaptador CarPlay Sem Fio Mini USB - Apple CarPlay e Android Auto Evoluído,3256811748951414,2026 Wireless CarPlay & Android Auto Adapter 2-in-1 – Convert ...,8.4,47.04,5.0,Estabelecida,16,https://www.aliexpress.us/item/3256811748951414.html
K1A Adaptador CarPlay Sem Fio Mini USB - Apple CarPlay e Android Auto Evoluído,3256812533118239,Wireless CarPlay Android Auto Adapter Wired to Wireless Upgrad...,7.31,40.94,5.0,Estabelecida,20,https://www.aliexpress.us/item/3256812533118239.html
K1A Adaptador CarPlay Sem Fio Mini USB - Apple CarPlay e Android Auto Evoluído,3256812092624270,Skilldrive 2026 mini 2 in 1 Wireless CarPlay Apapter Type C Po...,8.71,48.78,4.6,Estabelecida,34,https://www.aliexpress.us/item/3256812092624270.html
K1A Adaptador CarPlay Sem Fio Mini USB - Apple CarPlay e Android Auto Evoluído,3256812529874805,2 in 1 Wireless CarPlay & Android Auto Adapter Mini Wired to W...,7.67,42.95,0.0,Nova,5,https://www.aliexpress.us/item/3256812529874805.html
K1A Adaptador CarPlay Sem Fio Mini USB - Apple CarPlay e Android Auto Evoluído,3256811550452748,NEW 2026 Upgrade 3-in-1 Wireless Carplay Mirror Link Adapter I...,33.22,186.03,5.0,Estabelecida,28,https://www.aliexpress.us/item/3256811550452748.html
K1A Adaptador CarPlay Sem Fio Mini USB - Apple CarPlay e Android Auto Evoluído,3256812530393196,4-in-1 Wireless Carplay Adapter Android Auto Connect Airplay M...,22.97,128.63,5.0,Estabelecida,9,https://www.aliexpress.us/item/3256812530393196.html
K1A Adaptador CarPlay Sem Fio Mini USB - Apple CarPlay e Android Auto Evoluído,3256811451750378,AUTOABC Wireless Carplay Android Auto adapter for Mercedes ben...,108.47,607.43,4.7,Estabelecida,95,https://www.aliexpress.us/item/3256811451750378.html
K1A Adaptador CarPlay Sem Fio Mini USB - Apple CarPlay e Android Auto Evoluído,3256812530442836,4-in-1 Wireless Carplay Adapter Android Auto Connect Airplay M...,22.85,127.96,5.0,Estabelecida,6,https://www.aliexpress.us/item/3256812530442836.html
K1A Adaptador CarPlay Sem Fio Mini USB - Apple CarPlay e Android Auto Evoluído,3256811676673411,(2026 Upgraded) Wireless CarPlay Adapter for Apple iPhone＆Andr...,12.59,70.5,4.5,Estabelecida,5,https://www.aliexpress.us/item/3256811676673411.html
K1A Adaptador CarPlay Sem Fio Mini USB - Apple CarPlay e Android Auto Evoluído,3256812605002839,VCARLINKPLAY 2-in-1 Wireless CarPlay&Android Auto Adapter - Pl...,7.46,41.78,0.0,Nova,7,https://www.aliexpress.us/item/3256812605002839.html
K1A Adaptador CarPlay Sem Fio Mini USB - Apple CarPlay e Android Auto Evoluído,3256812402349174,ANYFAR New Upgrade Apple CarPlay Android Auto USB Hub Adapter ...,36.5,204.4,4.9,Estabelecida,5,https://www.aliexpress.us/item/3256812402349174.html
K1A Adaptador CarPlay Sem Fio Mini USB - Apple CarPlay e Android Auto Evoluído,3256811676101734,"2-in-1 Wireless CarPlay & Android Auto Adapter, Plug & Play Ca...",8.85,49.56,5.0,Estabelecida,7,https://www.aliexpress.us/item/3256811676101734.html
K1A Adaptador CarPlay Sem Fio Mini USB - Apple CarPlay e Android Auto Evoluído,3256812548569353,Upgraded  Wireless CarPlay Adapter for Apple IPhone Android Sm...,14.85,83.16,0.0,Nova,12,https://www.aliexpress.us/item/3256812548569353.html
K1A Adaptador CarPlay Sem Fio Mini USB - Apple CarPlay e Android Auto Evoluído,3256812560566183,"Wireless CarPlay Adapter for Apple iPhone & Android, 2-in-1 Ad...",7.89,44.18,0.0,Nova,7,https://www.aliexpress.us/item/3256812560566183.html
K1A Adaptador CarPlay Sem Fio Mini USB - Apple CarPlay e Android Auto Evoluído,3256812583556341,"Wireless CarPlay & Android Auto USB-C Adapter, 2-in-1 Adapter ...",13.2,73.92,0.0,Nova,1,https://www.aliexpress.us/item/3256812583556341.html
K1A Adaptador CarPlay Sem Fio Mini USB - Apple CarPlay e Android Auto Evoluído,3256811778413756,"2026 Wireless CarPlay Adapter for Apple, Convert Wired to CarP...",8.31,46.54,4.8,Estabelecida,33,https://www.aliexpress.us/item/3256811778413756.html
K1A Adaptador CarPlay Sem Fio Mini USB - Apple CarPlay e Android Auto Evoluído,3256812536715819,2026 Wireless Carplay Adapter 4in1 Android Auto Connect Airpla...,18.79,105.22,0.0,Nova,1,https://www.aliexpress.us/item/3256812536715819.html
K1A Adaptador CarPlay Sem Fio Mini USB - Apple CarPlay e Android Auto Evoluído,3256812439209720,STAWHO 1Set Wireless CarPlay Adapter for Apple iPhone & Androi...,9.03,50.57,0.0,Nova,5,https://www.aliexpress.us/item/3256812439209720.html
K1A Adaptador CarPlay Sem Fio Mini USB - Apple CarPlay e Android Auto Evoluído,3256812529418518,2026 Upgrade 4in1 Wireless Carplay Mirror Link Adapter Instant...,21.71,121.58,0.0,Nova,5,https://www.aliexpress.us/item/3256812529418518.html
K1A Adaptador CarPlay Sem Fio Mini USB - Apple CarPlay e Android Auto Evoluído,3256812599290161,(2026 Upgraded) Wireless CarPlay Adapter for Apple IPhone＆Andr...,15.15,84.84,0.0,Nova,3,https://www.aliexpress.us/item/3256812599290161.html
K1A Adaptador CarPlay Sem Fio Mini USB - Apple CarPlay e Android Auto Evoluído,3256812562281208,"2 in 1 wireless carplay adapter for iOS 10+ & Android Auto, Pl...",7.64,42.78,0.0,Nova,2,https://www.aliexpress.us/item/3256812562281208.html
K1A Adaptador CarPlay Sem Fio Mini USB - Apple CarPlay e Android Auto Evoluído,3256812536427666,4in1 Android Auto Connect Airplay Wireless Carplay Adapter Mir...,22.99,128.74,0.0,Nova,5,https://www.aliexpress.us/item/3256812536427666.html
K1A Adaptador CarPlay Sem Fio Mini USB - Apple CarPlay e Android Auto Evoluído,3256810069956463,Vyvylabs Wireless Carplay Adapter Converts Wired Carplay to Wi...,20.18,113.01,4.9,Estabelecida,5,https://www.aliexpress.us/item/3256810069956463.html
K1A Adaptador CarPlay Sem Fio Mini USB - Apple CarPlay e Android Auto Evoluído,3256809687982424,FLIXIVI 2026 Wireless CarPlay Adapter 2-in-1 mini Wired to Wir...,9.54,53.42,4.9,Estabelecida,4,https://www.aliexpress.us/item/3256809687982424.html
K1A Adaptador CarPlay Sem Fio Mini USB - Apple CarPlay e Android Auto Evoluído,3256807619349601,PD 35W Fast Charger For iPhone 11 12 13 14 15 Pro Max Fast Cha...,0.33,1.85,4.9,Estabelecida,5,https://www.aliexpress.us/item/3256807619349601.html
Termostato Inteligente WiFi Tuya com Display LED para Aquecimento de Piso - Controle por App,3256810253013849,Smart Thermostat Tuya WiFi for Water/Electric Floor Heating Ga...,26.77,149.91,4.9,Estabelecida,1,https://www.aliexpress.us/item/3256810253013849.html
Termostato Inteligente WiFi Tuya com Display LED para Aquecimento de Piso - Controle por App,3256805012656796,Smart Temperature Remote Controller M3H Tuya WiFi Thermostat 3...,19.01,106.46,4.7,Estabelecida,3,https://www.aliexpress.us/item/3256805012656796.html
Termostato Inteligente WiFi Tuya com Display LED para Aquecimento de Piso - Controle por App,3256810404586024,GIRIER Tuya WiFi Thermostat TFT Screen Smart Temperature Contr...,80.17,448.95,4.9,Estabelecida,154,https://www.aliexpress.us/item/3256810404586024.html
Termostato Inteligente WiFi Tuya com Display LED para Aquecimento de Piso - Controle por App,3256808988524337,Smart WiFi Thermostat Zigbee Tuya Water Gas Boiler Power Batte...,18.05,101.08,4.5,Estabelecida,1,https://www.aliexpress.us/item/3256808988524337.html
Termostato Inteligente WiFi Tuya com Display LED para Aquecimento de Piso - Controle por App,3256804994908940,MOES WiFi Water/Electric Floor Heating Thermostat Zigbee Water...,29.93,167.61,4.7,Estabelecida,440,https://www.aliexpress.us/item/3256804994908940.html
Termostato Inteligente WiFi Tuya com Display LED para Aquecimento de Piso - Controle por App,3256806347103599,Tuya WiFi Smart Thermostat Electric Floor Heating TRV Water Ga...,17.92,100.35,4.8,Estabelecida,64,https://www.aliexpress.us/item/3256806347103599.html
Termostato Inteligente WiFi Tuya com Display LED para Aquecimento de Piso - Controle por App,3256811657486325,Beok Wifi Smart Knob Thermostat for Electric Floor/Water and G...,44.9,251.44,4.9,Estabelecida,151,https://www.aliexpress.us/item/3256811657486325.html
Termostato Inteligente WiFi Tuya com Display LED para Aquecimento de Piso - Controle por App,3256809462844611,WiFi Heating Thermostat Tuya Smart RF433 wireless boiler/water...,51.27,287.11,4.9,Estabelecida,500,https://www.aliexpress.us/item/3256809462844611.html
Termostato Inteligente WiFi Tuya com Display LED para Aquecimento de Piso - Controle por App,3256811683676594,Minco Heat NEW LED ScreenAC90-240V 3A/16A WiFi Tuya Smart Ther...,31.66,177.3,0.0,Nova,2,https://www.aliexpress.us/item/3256811683676594.html
Termostato Inteligente WiFi Tuya com Display LED para Aquecimento de Piso - Controle por App,3256811459387226,WiFi Smart Knob Thermostat Floor Heating Water Gas Boiler Home...,25.94,145.26,4.9,Estabelecida,366,https://www.aliexpress.us/item/3256811459387226.html
Termostato Inteligente WiFi Tuya com Display LED para Aquecimento de Piso - Controle por App,3256806113948100,"Tuya WiFi Smart Thermostat with Power Monitoring, Voice Contro...",42.94,240.46,4.6,Estabelecida,134,https://www.aliexpress.us/item/3256806113948100.html
Termostato Inteligente WiFi Tuya com Display LED para Aquecimento de Piso - Controle por App,3256801688003130,Beok Tuya Smart Life Wifi Thermostat for Electric/Water Warm F...,49.18,275.41,5.0,Estabelecida,132,https://www.aliexpress.us/item/3256801688003130.html
Termostato Inteligente WiFi Tuya com Display LED para Aquecimento de Piso - Controle por App,3256805375137041,BSEED Wifi Electric Thermostat Floor Heating Room Temperature ...,32.44,181.66,5.0,Estabelecida,62,https://www.aliexpress.us/item/3256805375137041.html
Termostato Inteligente WiFi Tuya com Display LED para Aquecimento de Piso - Controle por App,3256807528373720,RF Wireless Thermostat Smart WiFi Floor Heating For Gas Boiler...,45.48,254.69,4.8,Estabelecida,5,https://www.aliexpress.us/item/3256807528373720.html
Termostato Inteligente WiFi Tuya com Display LED para Aquecimento de Piso - Controle por App,3256804208936299,Beok Tuya Smart Home Thermoregulator WIFI Warm Floor Thermosta...,36.39,203.78,4.8,Estabelecida,3,https://www.aliexpress.us/item/3256804208936299.html
Termostato Inteligente WiFi Tuya com Display LED para Aquecimento de Piso - Controle por App,3256804383785063,Warm Floor WiFi Thermostat for Electric/Boiler/Water Underfloo...,34.68,194.21,4.9,Estabelecida,231,https://www.aliexpress.us/item/3256804383785063.html
Termostato Inteligente WiFi Tuya com Display LED para Aquecimento de Piso - Controle por App,3256808690489792,"MOES Tuya WiFi Smart Control Panel 3.5"" Touch Screen, 3 Relays...",79.01,442.46,4.7,Estabelecida,1,https://www.aliexpress.us/item/3256808690489792.html
Termostato Inteligente WiFi Tuya com Display LED para Aquecimento de Piso - Controle por App,3256805464365460,Tuya ZigBee Digital Display Smart Temperature Controller Hvac ...,35.98,201.49,4.8,Estabelecida,1,https://www.aliexpress.us/item/3256805464365460.html
Termostato Inteligente WiFi Tuya com Display LED para Aquecimento de Piso - Controle por App,3256811711473735,Tuya 3A/16A Smart WIFI Floor Heating Thermostat for PTC Heatin...,23.19,129.86,0.0,Nova,4,https://www.aliexpress.us/item/3256811711473735.html
Termostato Inteligente WiFi Tuya com Display LED para Aquecimento de Piso - Controle por App,3256806363554283,Tuya Smart Thermostats Programmable For Gas Boiler /Water Valv...,57.07,319.59,5.0,Estabelecida,85,https://www.aliexpress.us/item/3256806363554283.html
Termostato Inteligente WiFi Tuya com Display LED para Aquecimento de Piso - Controle por App,2255801036966124,2 4 Pipe WiFi Smart Central Air Conditioner Thermostat 3 Speed...,71.95,402.92,4.8,Estabelecida,105,https://www.aliexpress.us/item/2255801036966124.html
Termostato Inteligente WiFi Tuya com Display LED para Aquecimento de Piso - Controle por App,3256804323029786,New M3H Tuya Smart WiFi Floor Heating Thermostat 100~240V Prog...,23.83,133.45,5.0,Estabelecida,63,https://www.aliexpress.us/item/3256804323029786.html
Termostato Inteligente WiFi Tuya com Display LED para Aquecimento de Piso - Controle por App,3256809415273528,Tuya WiFi Smart Thermostat Water/Gas Boiler Electric Floor Wat...,18.88,105.73,4.9,Estabelecida,69,https://www.aliexpress.us/item/3256809415273528.html
Termostato Inteligente WiFi Tuya com Display LED para Aquecimento de Piso - Controle por App,3256804040365637,MOES Thermostat WiFi Wireless Room Temperature Controller of W...,36.39,203.78,4.6,Estabelecida,484,https://www.aliexpress.us/item/3256804040365637.html
Termostato Inteligente WiFi Tuya com Display LED para Aquecimento de Piso - Controle por App,3256803138671465,Beok Tuya Smart Home WIFI Floor Thermostat with Alexa Yandex G...,37.74,211.34,4.7,Estabelecida,1,https://www.aliexpress.us/item/3256803138671465.html
Termostato Inteligente WiFi Tuya com Display LED para Aquecimento de Piso - Controle por App,3256804206041560,MINCO HEAT Tuya WiFi Smart Touch Screen Thermostat Electric Fl...,23.84,133.5,4.8,Estabelecida,76,https://www.aliexpress.us/item/3256804206041560.html
Termostato Inteligente WiFi Tuya com Display LED para Aquecimento de Piso - Controle por App,3256804522123629,Wifi Heating Thermostat Warm Floor Gas Boiler Digital Temperat...,35.89,200.98,4.9,Estabelecida,155,https://www.aliexpress.us/item/3256804522123629.html
Termostato Inteligente WiFi Tuya com Display LED para Aquecimento de Piso - Controle por App,3256808294797219,WiFi Smart Temperature Switch Tuya Smart Home Relay 2000W Inte...,3.22,18.03,5.0,Estabelecida,36,https://www.aliexpress.us/item/3256808294797219.html
Termostato Inteligente WiFi Tuya com Display LED para Aquecimento de Piso - Controle por App,3256811715119124,Tuya Smart WiFi Thermostat Water/Gas Boiler Electric Floor Wat...,15.57,87.19,0.0,Nova,3,https://www.aliexpress.us/item/3256811715119124.html
Termostato Inteligente WiFi Tuya com Display LED para Aquecimento de Piso - Controle por App,3256804775781075,Tuya WiFi Smart Thermostat Controller White or Black for Water...,25.76,144.26,5.0,Estabelecida,49,https://www.aliexpress.us/item/3256804775781075.html
Termostato Inteligente WiFi Tuya com Display LED para Aquecimento de Piso - Controle por App,3256807441784641,Zigbee Thermostat Tuya WiFi Room Temperature Controller For Wa...,33.62,188.27,4.6,Estabelecida,2,https://www.aliexpress.us/item/3256807441784641.html
Termostato Inteligente WiFi Tuya com Display LED para Aquecimento de Piso - Controle por App,3256804201488431,Beok Tuya Thermostat Wifi Gas Boiler Warm Floor Heating Temper...,32.31,180.94,4.6,Estabelecida,500,https://www.aliexpress.us/item/3256804201488431.html
Termostato Inteligente WiFi Tuya com Display LED para Aquecimento de Piso - Controle por App,3256806554610520,MINCO HEAT Temperature Controller Tuya WiFi Thermostat 3A 16A ...,37.46,209.78,4.8,Estabelecida,69,https://www.aliexpress.us/item/3256806554610520.html
Termostato Inteligente WiFi Tuya com Display LED para Aquecimento de Piso - Controle por App,3256809923222205,Smart WiFi Thermostat Zigbee Tuya Water Gas Boiler Power Batte...,17.85,99.96,4.9,Estabelecida,2,https://www.aliexpress.us/item/3256809923222205.html
Termostato Inteligente WiFi Tuya com Display LED para Aquecimento de Piso - Controle por App,2255801037121576,2 4 Pipe WiFi Smart Central Air Conditioner Thermostat 3 Speed...,31.77,177.91,4.7,Estabelecida,268,https://www.aliexpress.us/item/2255801037121576.html
Termostato Inteligente WiFi Tuya com Display LED para Aquecimento de Piso - Controle por App,3256806985066552,MOES Zigbee Thermostat Room Temperature Controller of Water/El...,26.25,147.0,4.9,Estabelecida,5,https://www.aliexpress.us/item/3256806985066552.html
Termostato Inteligente WiFi Tuya com Display LED para Aquecimento de Piso - Controle por App,3256808337221404,Tuya Wi-Fi Smart Thermostat Socket Outlet Plug Remote Temperat...,18.88,105.73,4.9,Estabelecida,500,https://www.aliexpress.us/item/3256808337221404.html
Termostato Inteligente WiFi Tuya com Display LED para Aquecimento de Piso - Controle por App,3256805637343775,Wifi Temperature Sensor Tuya eWelink Smart Wifi Rf433 Intellig...,10.25,57.4,4.6,Estabelecida,1,https://www.aliexpress.us/item/3256805637343775.html
Termostato Inteligente WiFi Tuya com Display LED para Aquecimento de Piso - Controle por App,3256807931450624,Water Electric floor Heating Water/Gas Boiler Smart WiFi ZigBe...,65.39,366.18,5.0,Estabelecida,19,https://www.aliexpress.us/item/3256807931450624.html
Termostato Inteligente WiFi Tuya com Display LED para Aquecimento de Piso - Controle por App,3256805660506194,MOES Tuya WiFi IR Thermostat AC Controller Remote Control Temp...,17.65,98.84,4.6,Estabelecida,95,https://www.aliexpress.us/item/3256805660506194.html
Termostato Inteligente WiFi Tuya com Display LED para Aquecimento de Piso - Controle por App,3256808473862986,Tuya WiFi Temperature Controller Socket EOP20 Smart Thermostat...,43.32,242.59,5.0,Estabelecida,148,https://www.aliexpress.us/item/3256808473862986.html
Termostato Inteligente WiFi Tuya com Display LED para Aquecimento de Piso - Controle por App,3256806119739288,AVATTO ZigBee Thermostat Radiator Actuator Smart TRV Thermosta...,42.33,237.05,4.6,Estabelecida,2,https://www.aliexpress.us/item/3256806119739288.html
Termostato Inteligente WiFi Tuya com Display LED para Aquecimento de Piso - Controle por App,3256806562714207,Wireless Tuya WiFi Smart Thermostat for 2 4 Pipe Central Air C...,36.07,201.99,4.5,Estabelecida,62,https://www.aliexpress.us/item/3256806562714207.html
Termostato Inteligente WiFi Tuya com Display LED para Aquecimento de Piso - Controle por App,3256807636123015,Tuya WIFI Digital Thermostat Socket 16A Outlet Plug Remote Tem...,23.32,130.59,4.9,Estabelecida,5,https://www.aliexpress.us/item/3256807636123015.html
Termostato Inteligente WiFi Tuya com Display LED para Aquecimento de Piso - Controle por App,3256807907479813,Tuya WiFi Smart Central Air Conditioning Thermostat Switch Hea...,27.24,152.54,5.0,Estabelecida,31,https://www.aliexpress.us/item/3256807907479813.html
Interruptor Touch Inteligente 3.5 Polegadas com Sensor Radar e Controle de Cortina - Tuya,3256808746443287,Modern Simple LED Decor Ceiling Light Nordic Luxury Indoor Cei...,1.81,10.14,4.9,Estabelecida,1,https://www.aliexpress.us/item/3256808746443287.html
Interruptor Touch Inteligente 3.5 Polegadas com Sensor Radar e Controle de Cortina - Tuya,3256805986887544,IRALAN Ultra-thin Round LED Ceiling Light Bedroom Light Neutra...,0.99,5.54,4.6,Estabelecida,5,https://www.aliexpress.us/item/3256805986887544.html
Interruptor Touch Inteligente 3.5 Polegadas com Sensor Radar e Controle de Cortina - Tuya,3256811821376676,TAWOIA Zigbee Smart Touch Switch 1/2/3Gang 2Way Stair Switch T...,28.06,157.14,0.0,Nova,13,https://www.aliexpress.us/item/3256811821376676.html
Interruptor Touch Inteligente 3.5 Polegadas com Sensor Radar e Controle de Cortina - Tuya,3256806667047267,2.2CM Ultra Thin Ceiling Light LED Panel Light 6W 9W 13W 18W 2...,0.99,5.54,4.7,Estabelecida,451,https://www.aliexpress.us/item/3256806667047267.html
Painel de Controle Smart Home Tuya 3.5'' com Zigbee para Dispositivos Inteligentes,3256807160790220,FUERS T3E T1E Smart Control Panel Switch Smart Home Automation...,55.7,311.92,5.0,Estabelecida,19,https://www.aliexpress.us/item/3256807160790220.html
Painel de Controle Smart Home Tuya 3.5'' com Zigbee para Dispositivos Inteligentes,3256811846345446,Tuya Zigbee IR Smart Home Remote Control Universal Infrared Ai...,4.3,24.08,4.9,Estabelecida,154,https://www.aliexpress.us/item/3256811846345446.html
Painel de Controle Smart Home Tuya 3.5'' com Zigbee para Dispositivos Inteligentes,3256808901464428,M8 Pro Zigbee Smart Switch Panel 4 Gang Tuya Intelligent Wall ...,69.69,390.26,4.9,Estabelecida,84,https://www.aliexpress.us/item/3256808901464428.html
Painel de Controle Smart Home Tuya 3.5'' com Zigbee para Dispositivos Inteligentes,3256810079618206,MOES Tuya ZigBee Smart IR Remote Control Universal Infrared Re...,24.79,138.82,4.8,Estabelecida,800,https://www.aliexpress.us/item/3256810079618206.html
Painel de Controle Smart Home Tuya 3.5'' com Zigbee para Dispositivos Inteligentes,3256803960211306,UBARO EU Standard Zigbee Smart Wall Touch Switch 220V LED Back...,14.18,79.41,0.0,Nova,1,https://www.aliexpress.us/item/3256803960211306.html
Painel de Controle Smart Home Tuya 3.5'' com Zigbee para Dispositivos Inteligentes,3256810542333371,Zemismart 1234 Gang Horizontal Install Smart Zigbee Switch Bla...,29.82,166.99,4.8,Estabelecida,227,https://www.aliexpress.us/item/3256810542333371.html
Painel de Controle Smart Home Tuya 3.5'' com Zigbee para Dispositivos Inteligentes,3256809242507505,A68Z 2X Tuya T3E Panel Switch Touch Screen Panel EU Smart Cont...,83.56,467.94,5.0,Estabelecida,4,https://www.aliexpress.us/item/3256809242507505.html
Painel de Controle Smart Home Tuya 3.5'' com Zigbee para Dispositivos Inteligentes,3256801436204038,Melery Smart Zigbee Wall Light Switch Lamps Interruptor Glass ...,17.52,98.11,4.9,Estabelecida,105,https://www.aliexpress.us/item/3256801436204038.html
Painel de Controle Smart Home Tuya 3.5'' com Zigbee para Dispositivos Inteligentes,3256810524749502,1/2PCS Zigbee Smart Home Suitable Universal Wireless Remote Co...,0.99,5.54,4.7,Estabelecida,61,https://www.aliexpress.us/item/3256810524749502.html
Painel de Controle Smart Home Tuya 3.5'' com Zigbee para Dispositivos Inteligentes,3256807206924824,Melery 4x4 Brazil Zigbee Light Switch Touch Sensor Panel Tuya ...,24.52,137.31,5.0,Estabelecida,75,https://www.aliexpress.us/item/3256807206924824.html
Painel de Controle Smart Home Tuya 3.5'' com Zigbee para Dispositivos Inteligentes,3256811684856237,Tuya Zigbee Smart Light Switch 1/2/3/4 Gang Touch Panel With N...,13.67,76.55,0.0,Nova,1,https://www.aliexpress.us/item/3256811684856237.html
Painel de Controle Smart Home Tuya 3.5'' com Zigbee para Dispositivos Inteligentes,3256812230702505,BSEED Zigbee Smart Switch Parts 1/2/3Gang Light Switch 2Way Fu...,13.02,72.91,5.0,Estabelecida,35,https://www.aliexpress.us/item/3256812230702505.html
Painel de Controle Smart Home Tuya 3.5'' com Zigbee para Dispositivos Inteligentes,3256807736070044,Tuya 6 Gang ZigBee Wireless Smart Scene Switch Push Button Con...,3.78,21.17,4.6,Estabelecida,453,https://www.aliexpress.us/item/3256807736070044.html
Painel de Controle Smart Home Tuya 3.5'' com Zigbee para Dispositivos Inteligentes,3256811875967415,10.1 Inch Android 14 RK3576S Smart Home Control Panel Zigbee M...,293.96,1646.18,0.0,Nova,4,https://www.aliexpress.us/item/3256811875967415.html
Painel de Controle Smart Home Tuya 3.5'' com Zigbee para Dispositivos Inteligentes,3256809780129970,Tuya T3E Pro Smart Control Panel Switch Touch Screen Panel Swi...,90.0,504.0,5.0,Estabelecida,25,https://www.aliexpress.us/item/3256809780129970.html
Painel de Controle Smart Home Tuya 3.5'' com Zigbee para Dispositivos Inteligentes,3256809641864228,TUYA Smart Touch Screen ZIGBEE Device Scene Control Panel IR B...,199.89,1119.38,0.0,Nova,11,https://www.aliexpress.us/item/3256809641864228.html
Painel de Controle Smart Home Tuya 3.5'' com Zigbee para Dispositivos Inteligentes,3256810021370122,Smart Life WIFI 6 Way  Relay Switching Module 16A  Zigbee Powe...,35.55,199.08,4.6,Estabelecida,700,https://www.aliexpress.us/item/3256810021370122.html
Painel de Controle Smart Home Tuya 3.5'' com Zigbee para Dispositivos Inteligentes,3256805841207687,Tuya Smart Home Multiple Zigbee Smart Home Control Panel 4 Inc...,70.91,397.1,5.0,Estabelecida,12,https://www.aliexpress.us/item/3256805841207687.html
Painel de Controle Smart Home Tuya 3.5'' com Zigbee para Dispositivos Inteligentes,3256804369891824,Moes ZigBee Wall Socket WIFI Smart Glass Panel Outlet Power Mo...,19.69,110.26,4.9,Estabelecida,308,https://www.aliexpress.us/item/3256804369891824.html
Painel de Controle Smart Home Tuya 3.5'' com Zigbee para Dispositivos Inteligentes,3256812387641588,TUYA Smart Home Control Panel audio in wall amplifier multifun...,372.45,2085.72,0.0,Nova,2,https://www.aliexpress.us/item/3256812387641588.html
Painel de Controle Smart Home Tuya 3.5'' com Zigbee para Dispositivos Inteligentes,3256808277271445,IN STOCK Tuya Smart Home Control Panel 3.5 Inches WiFi MOES Zi...,102.23,572.49,0.0,Nova,16,https://www.aliexpress.us/item/3256808277271445.html
Painel de Controle Smart Home Tuya 3.5'' com Zigbee para Dispositivos Inteligentes,3256811736954957,7 Inch Android 11 2 Zone Audio Inwall Amplifier Alexa Voice Tu...,289.84,1623.1,0.0,Nova,3,https://www.aliexpress.us/item/3256811736954957.html
Painel de Controle Smart Home Tuya 3.5'' com Zigbee para Dispositivos Inteligentes,3256807432793230,Tuya Smart Home Control Panel WiFi 3.5-inch Tuya Zigbee Wall S...,101.76,569.86,5.0,Estabelecida,38,https://www.aliexpress.us/item/3256807432793230.html
Painel de Controle Smart Home Tuya 3.5'' com Zigbee para Dispositivos Inteligentes,3256812266364474,"Tuya wifi/zigbee two-way switch, multi-channel access, zero fi...",6.16,34.5,0.0,Nova,0,https://www.aliexpress.us/item/3256812266364474.html
Painel de Controle Smart Home Tuya 3.5'' com Zigbee para Dispositivos Inteligentes,3256807991347404,Tuya Zigbee Knob Smart Dimming Switch Panel App Control Voice ...,39.09,218.9,0.0,Nova,4,https://www.aliexpress.us/item/3256807991347404.html
Painel de Controle Smart Home Tuya 3.5'' com Zigbee para Dispositivos Inteligentes,3256808154246562,MOES Tuya ZigBee Smart Curtain Switch 2.5D Support RF433 Arc G...,29.36,164.42,0.0,Nova,85,https://www.aliexpress.us/item/3256808154246562.html
Painel de Controle Smart Home Tuya 3.5'' com Zigbee para Dispositivos Inteligentes,3256810283281197,Tuya zigbee Smart Touch Light Wall Switch 8Gang Power Monitor ...,34.15,191.24,5.0,Estabelecida,5,https://www.aliexpress.us/item/3256810283281197.html
Painel de Controle Smart Home Tuya 3.5'' com Zigbee para Dispositivos Inteligentes,3256805714477460,Melery Zigbee Tuya Smart Wall Light Switch Touch Glass Panel W...,26.8,150.08,5.0,Estabelecida,92,https://www.aliexpress.us/item/3256805714477460.html
Painel de Controle Smart Home Tuya 3.5'' com Zigbee para Dispositivos Inteligentes,3256811461711706,MOES Star Feather ZigBee Smart Curtain Switch Tuya Anti-Glare ...,51.87,290.47,5.0,Estabelecida,25,https://www.aliexpress.us/item/3256811461711706.html
Painel de Controle Smart Home Tuya 3.5'' com Zigbee para Dispositivos Inteligentes,3256808169838240,MOES Tuya ZigBee Smart Curtain Switch 2.5D Support RF433 Arc G...,13.11,73.42,4.7,Estabelecida,1,https://www.aliexpress.us/item/3256808169838240.html
Painel de Controle Smart Home Tuya 3.5'' com Zigbee para Dispositivos Inteligentes,3256812150435823,Tuya Smart Home Control Panel Max 10.1inch Touch Screen with B...,514.41,2880.7,5.0,Estabelecida,1,https://www.aliexpress.us/item/3256812150435823.html
Painel de Controle Smart Home Tuya 3.5'' com Zigbee para Dispositivos Inteligentes,3256804802681498,Melery Zigbee Smart Life Light Switch With/Without Neutral Wir...,20.62,115.47,5.0,Estabelecida,500,https://www.aliexpress.us/item/3256804802681498.html
Painel de Controle Smart Home Tuya 3.5'' com Zigbee para Dispositivos Inteligentes,3256811709997724,DC12V-24V Zigbee 3.0 RGBCCT LED Controller Dimmer 2.4G RF 4-Zo...,18.68,104.61,0.0,Nova,4,https://www.aliexpress.us/item/3256811709997724.html
Painel de Controle Smart Home Tuya 3.5'' com Zigbee para Dispositivos Inteligentes,3256807995584191,Tuya EU Smart Wifi/Zigbee Dimmer Light Switch Dimming Panel Wa...,37.28,208.77,5.0,Estabelecida,17,https://www.aliexpress.us/item/3256807995584191.html
Painel de Controle Smart Home Tuya 3.5'' com Zigbee para Dispositivos Inteligentes,3256812304602142,Tuya Smart Home Control Panel Max 10.1-inch Touch Screen Bluet...,514.41,2880.7,5.0,Estabelecida,2,https://www.aliexpress.us/item/3256812304602142.html
"Fechadura Inteligente Tuya com WiFi, Digital, Impressão Digital, Cartão RFID e Senha",3256812117930811,TUYA WiFi Smart Door Lock Waterproof Keyless Digital Electroni...,61.7,345.52,4.9,Estabelecida,111,https://www.aliexpress.us/item/3256812117930811.html
"Fechadura Inteligente Tuya com WiFi, Digital, Impressão Digital, Cartão RFID e Senha",3256808858870791,Tuya WIFI Double Side Fingerprint Lock Waterproof Outdoor Gate...,55.1,308.56,4.9,Estabelecida,700,https://www.aliexpress.us/item/3256808858870791.html
"Fechadura Inteligente Tuya com WiFi, Digital, Impressão Digital, Cartão RFID e Senha",3256809709738078,Waterproof Tuya Wifi Smart Lock Fingerprint RFID Card Passcode...,58.54,327.82,4.5,Estabelecida,257,https://www.aliexpress.us/item/3256809709738078.html
"Fechadura Inteligente Tuya com WiFi, Digital, Impressão Digital, Cartão RFID e Senha",3256807619127120,WiFi Tuya Fingerprint Access Controller Outdoor Waterproof Sta...,23.79,133.22,4.9,Estabelecida,349,https://www.aliexpress.us/item/3256807619127120.html
"Fechadura Inteligente Tuya com WiFi, Digital, Impressão Digital, Cartão RFID e Senha",3256810492725359,Tuya APP Smart Life APP Control Voice Intercom Smart Lock 3D F...,120.14,672.78,4.7,Estabelecida,40,https://www.aliexpress.us/item/3256810492725359.html
"Fechadura Inteligente Tuya com WiFi, Digital, Impressão Digital, Cartão RFID e Senha",3256812122092114,YRHAND Tuya wifi 8 language Fingerprint IP66 Waterproof Outdoo...,57.91,324.3,4.9,Estabelecida,71,https://www.aliexpress.us/item/3256812122092114.html
"Fechadura Inteligente Tuya com WiFi, Digital, Impressão Digital, Cartão RFID e Senha",3256812158455485,Waterproof Outdoor Smart Door Lock Tuya WiFi Fingerprint Passw...,79.15,443.24,0.0,Nova,14,https://www.aliexpress.us/item/3256812158455485.html
"Fechadura Inteligente Tuya com WiFi, Digital, Impressão Digital, Cartão RFID e Senha",3256812017979073,TuyaWiFi Smart Fingerprint Access Control IP68 Waterproof Meta...,37.81,211.74,5.0,Estabelecida,6,https://www.aliexpress.us/item/3256812017979073.html
"Fechadura Inteligente Tuya com WiFi, Digital, Impressão Digital, Cartão RFID e Senha",3256808137250702,DSKDFTY Tuya wifi Smart Door Lock Digital Electronic Lock Remo...,98.16,549.7,5.0,Estabelecida,9,https://www.aliexpress.us/item/3256808137250702.html
"Fechadura Inteligente Tuya com WiFi, Digital, Impressão Digital, Cartão RFID e Senha",3256810418883064,WIFI Support Tuya App Narrow Waterproof Facial Recognition Fin...,113.01,632.86,0.0,Nova,3,https://www.aliexpress.us/item/3256810418883064.html
"Fechadura Inteligente Tuya com WiFi, Digital, Impressão Digital, Cartão RFID e Senha",3256809872539704,Israel-only Tuya APP Fingerprint Cylinder Electronic Smart Doo...,56.16,314.5,5.0,Estabelecida,89,https://www.aliexpress.us/item/3256809872539704.html
"Fechadura Inteligente Tuya com WiFi, Digital, Impressão Digital, Cartão RFID e Senha",3256807005242424,Waterproof Outdoor Smart  Lock Wifi Alexa Tuya APP Aluminium A...,190.25,1065.4,4.8,Estabelecida,42,https://www.aliexpress.us/item/3256807005242424.html
"Fechadura Inteligente Tuya com WiFi, Digital, Impressão Digital, Cartão RFID e Senha",3256812230918360,Digital Door Lock Tuya APP WiFi Remote Control Smart Fingerpri...,29.51,165.26,5.0,Estabelecida,9,https://www.aliexpress.us/item/3256812230918360.html
"Fechadura Inteligente Tuya com WiFi, Digital, Impressão Digital, Cartão RFID e Senha",3256808966985288,Waterproof Tuya Wifi Slim Smart Lock with Camera for Sliding A...,203.06,1137.14,5.0,Estabelecida,2,https://www.aliexpress.us/item/3256808966985288.html
"Fechadura Inteligente Tuya com WiFi, Digital, Impressão Digital, Cartão RFID e Senha",3256811554151276,Viladepot Smart Lock Fingerprint Door Lock App Control Passcod...,27.87,156.07,4.9,Estabelecida,41,https://www.aliexpress.us/item/3256811554151276.html
"Fechadura Inteligente Tuya com WiFi, Digital, Impressão Digital, Cartão RFID e Senha",3256811607221794,WINFREE Slim Swing or Sliding Door Smart Lock with Fingerprint...,100.82,564.59,5.0,Estabelecida,7,https://www.aliexpress.us/item/3256811607221794.html
"Fechadura Inteligente Tuya com WiFi, Digital, Impressão Digital, Cartão RFID e Senha",3256811341543261,Tuya WiFi Double Side Fingerprint Door Lock IP66 Waterproof Pa...,51.73,289.69,5.0,Estabelecida,41,https://www.aliexpress.us/item/3256811341543261.html
"Fechadura Inteligente Tuya com WiFi, Digital, Impressão Digital, Cartão RFID e Senha",3256808910295754,Tuya Smart Lock for Hotels Apartments & Offices - Bluetooth AP...,27.39,153.38,4.5,Estabelecida,47,https://www.aliexpress.us/item/3256808910295754.html
"Fechadura Inteligente Tuya com WiFi, Digital, Impressão Digital, Cartão RFID e Senha",3256808968049646,Tuya TTlock Smart Digital Door Lock WIFI Fingerprint Password ...,92.33,517.05,5.0,Estabelecida,19,https://www.aliexpress.us/item/3256808968049646.html
"Fechadura Inteligente Tuya com WiFi, Digital, Impressão Digital, Cartão RFID e Senha",3256805507740174,3D Face Recognition Unlock Digital Door Lock With Camera FInge...,111.31,623.34,4.6,Estabelecida,700,https://www.aliexpress.us/item/3256805507740174.html
"Fechadura Inteligente Tuya com WiFi, Digital, Impressão Digital, Cartão RFID e Senha",3256810573162922,Tuya Smart Outdoor Waterproof Door Lock with Face Recognition ...,78.25,438.2,4.9,Estabelecida,68,https://www.aliexpress.us/item/3256810573162922.html
"Fechadura Inteligente Tuya com WiFi, Digital, Impressão Digital, Cartão RFID e Senha",3256808361351287,Smart Tuya WiFi Electric Lock Opener Fingerprint Access Contro...,71.25,399.0,0.0,Nova,0,https://www.aliexpress.us/item/3256808361351287.html
"Fechadura Inteligente Tuya com WiFi, Digital, Impressão Digital, Cartão RFID e Senha",3256812377287444,125Khz+ 13.56Mhz 12V Tuya Wifi Electric Fingerprint Lock Opene...,24.99,139.94,0.0,Nova,0,https://www.aliexpress.us/item/3256812377287444.html
"Fechadura Inteligente Tuya com WiFi, Digital, Impressão Digital, Cartão RFID e Senha",3256810079793635,MOES Smart Bluetooth Drawer Lock Tuya App Remote Control Keyle...,20.79,116.42,4.8,Estabelecida,500,https://www.aliexpress.us/item/3256810079793635.html
"Fechadura Inteligente Tuya com WiFi, Digital, Impressão Digital, Cartão RFID e Senha",3256812530503253,Outdoor Waterproof Tuya Smart Fingerprint Gate Lock with Face ...,82.1,459.76,0.0,Nova,5,https://www.aliexpress.us/item/3256812530503253.html
"Fechadura Inteligente Tuya com WiFi, Digital, Impressão Digital, Cartão RFID e Senha",3256810420910238,Viladepot Smart Lock Fingerprint Door Lock TYPE-C Interface Ap...,30.25,169.4,4.9,Estabelecida,98,https://www.aliexpress.us/item/3256810420910238.html
"Fechadura Inteligente Tuya com WiFi, Digital, Impressão Digital, Cartão RFID e Senha",3256811990260417,SmarDeer IP65 Waterproof Sliding Door Smart Lock，Tuya WiFi Bro...,74.32,416.19,0.0,Nova,7,https://www.aliexpress.us/item/3256811990260417.html
"Fechadura Inteligente Tuya com WiFi, Digital, Impressão Digital, Cartão RFID e Senha",3256807251655999,Support Tuya App Metal Wifi Fingerprint RFID Access Control Ke...,37.16,208.1,5.0,Estabelecida,10,https://www.aliexpress.us/item/3256807251655999.html
"Fechadura Inteligente Tuya com WiFi, Digital, Impressão Digital, Cartão RFID e Senha",3256811362510344,TUYA Smart WIFI Fingerprint Door Lock Electronic Lock Keyless ...,87.86,492.02,5.0,Estabelecida,9,https://www.aliexpress.us/item/3256811362510344.html
"Fechadura Inteligente Tuya com WiFi, Digital, Impressão Digital, Cartão RFID e Senha",3256812556662090,YFK Tuya Smart Door Knob 6 Ways Unlock Fingerprint Password NF...,29.44,164.86,5.0,Estabelecida,14,https://www.aliexpress.us/item/3256812556662090.html
"Fechadura Inteligente Tuya com WiFi, Digital, Impressão Digital, Cartão RFID e Senha",3256812385116749,WAFU-026 Invisible Smart Door Lock Bluetooth-Compatible Waterp...,82.63,462.73,0.0,Nova,1,https://www.aliexpress.us/item/3256812385116749.html
"Fechadura Inteligente Tuya com WiFi, Digital, Impressão Digital, Cartão RFID e Senha",3256809326847014,2.4G Wifi Support Tuya APP Fingerprint Access Control Keypad 1...,36.58,204.85,5.0,Estabelecida,4,https://www.aliexpress.us/item/3256809326847014.html
"Fechadura Inteligente Tuya com WiFi, Digital, Impressão Digital, Cartão RFID e Senha",3256809223797946,Support Tuya App BLE Smart Fingerprint Door Lock Digital Elect...,33.42,187.15,4.8,Estabelecida,38,https://www.aliexpress.us/item/3256809223797946.html
"Fechadura Inteligente Tuya com WiFi, Digital, Impressão Digital, Cartão RFID e Senha",3256802524949769,Tuya bluetooth keyless door lock Waterproof Fingerprint Access...,67.08,375.65,0.0,Nova,4,https://www.aliexpress.us/item/3256802524949769.html
"Fechadura Inteligente Tuya com WiFi, Digital, Impressão Digital, Cartão RFID e Senha",3256808321010100,Works With Tuya SmartLife APP Smart Fingerprint Password RFID ...,24.12,135.07,0.0,Nova,16,https://www.aliexpress.us/item/3256808321010100.html
"Fechadura Inteligente Tuya com WiFi, Digital, Impressão Digital, Cartão RFID e Senha",3256808308438585,Tuya Smart Biometric Fingerprint Recognition Time Attendance S...,32.52,182.11,5.0,Estabelecida,54,https://www.aliexpress.us/item/3256808308438585.html
"Fechadura Inteligente Tuya com WiFi, Digital, Impressão Digital, Cartão RFID e Senha",3256812158243699,Wifi Fingerprint Access Control Keypad Outdoor Waterproof Remo...,16.88,94.53,5.0,Estabelecida,59,https://www.aliexpress.us/item/3256812158243699.html
"Fechadura Inteligente Tuya com WiFi, Digital, Impressão Digital, Cartão RFID e Senha",3256807853293231,Support Tuya App Smart Fingerprint Lock Bluetooth Smart Slidin...,55.62,311.47,5.0,Estabelecida,41,https://www.aliexpress.us/item/3256807853293231.html
"Fechadura Inteligente Tuya com WiFi, Digital, Impressão Digital, Cartão RFID e Senha",3256812463872510,Tuya Bluetooth Smart Fingerprint Door Lock 5 Ways Unlock IC Ca...,24.97,139.83,5.0,Estabelecida,16,https://www.aliexpress.us/item/3256812463872510.html
"Fechadura Inteligente Tuya com WiFi, Digital, Impressão Digital, Cartão RFID e Senha",3256812484778108,TTLock / Tuya WiFi Smart Fingerprint Door Lock Biometric Digit...,66.0,369.6,0.0,Nova,1,https://www.aliexpress.us/item/3256812484778108.html
"Fechadura Inteligente Tuya com WiFi, Digital, Impressão Digital, Cartão RFID e Senha",3256812624976947,Waterproof Outdoor Gate Smart Lock Tuya TTlock App Biometric F...,56.11,314.22,0.0,Nova,2,https://www.aliexpress.us/item/3256812624976947.html
Terminal POS Biométrico Z108P 2025 - Leitura de Veia Palmar com NFC e 4G,3256801921312718,Baby Shower Gifts Baby Pacifier Rhinestone Pacifier Clips Prin...,1.78,9.97,5.0,Estabelecida,162,https://www.aliexpress.us/item/3256801921312718.html
Terminal POS Biométrico Z108P 2025 - Leitura de Veia Palmar com NFC e 4G,3256803044040820,Mode Hip Hop Katoen Baseball Cap Bts Creatieve Piercing Ring C...,0.99,5.54,4.9,Estabelecida,110,https://www.aliexpress.us/item/3256803044040820.html
Terminal POS Biométrico Z108P 2025 - Leitura de Veia Palmar com NFC e 4G,2255800656233342,JCD In Bulk Plastic Clear Crystal Protective Hard Shell Skin C...,0.99,5.54,4.6,Estabelecida,800,https://www.aliexpress.us/item/2255800656233342.html
Terminal POS Biométrico Z108P 2025 - Leitura de Veia Palmar com NFC e 4G,3256801653731999,Baby Boy Jumpsuits 3 Pieces Newborn Clothes Set Toddler Girl B...,0.99,5.54,4.8,Estabelecida,1,https://www.aliexpress.us/item/3256801653731999.html
Termostato WiFi Tuya 2026 com Controle de Temperatura e Umidade - Knob LED e Voz,3256805985528148,Thermostat WiFi Wireless Room Temperature Controller of Water/...,33.93,190.01,4.8,Estabelecida,277,https://www.aliexpress.us/item/3256805985528148.html
Termostato WiFi Tuya 2026 com Controle de Temperatura e Umidade - Knob LED e Voz,3256807596019783,Smart WiFi Thermostat for Water/Electric Floor Heating Gas Boi...,27.97,156.63,4.5,Estabelecida,242,https://www.aliexpress.us/item/3256807596019783.html
Termostato WiFi Tuya 2026 com Controle de Temperatura e Umidade - Knob LED e Voz,3256808884735697,KONLEN Tuya WIFI Temperature Thermometer Humidity Hygrometer D...,28.47,159.43,4.8,Estabelecida,50,https://www.aliexpress.us/item/3256808884735697.html
Termostato WiFi Tuya 2026 com Controle de Temperatura e Umidade - Knob LED e Voz,3256809498169767,Tuya Zigbee Temperature and Humidity Sensor Intelligent Home H...,2.33,13.05,4.7,Estabelecida,5,https://www.aliexpress.us/item/3256809498169767.html
Termostato WiFi Tuya 2026 com Controle de Temperatura e Umidade - Knob LED e Voz,3256804064445583,Thermostat WiFi Wireless Room Temperature Controller of Water/...,38.65,216.44,4.8,Estabelecida,57,https://www.aliexpress.us/item/3256804064445583.html
Termostato WiFi Tuya 2026 com Controle de Temperatura e Umidade - Knob LED e Voz,3256804064514335,Thermostat WiFi Wireless Room Temperature Controller of Water/...,41.46,232.18,5.0,Estabelecida,118,https://www.aliexpress.us/item/3256804064514335.html
Termostato WiFi Tuya 2026 com Controle de Temperatura e Umidade - Knob LED e Voz,3256810573081078,2026 New Tuya WiFi Humidity Temperature Sensor with External P...,1.45,8.12,4.9,Estabelecida,5,https://www.aliexpress.us/item/3256810573081078.html
Termostato WiFi Tuya 2026 com Controle de Temperatura e Umidade - Knob LED e Voz,3256806120987747,Tuya New WiFi Temperature Humidity Sensor Smart Life Backlight...,6.8,38.08,4.6,Estabelecida,4,https://www.aliexpress.us/item/3256806120987747.html
Termostato WiFi Tuya 2026 com Controle de Temperatura e Umidade - Knob LED e Voz,3256812550556516,Tuya WiFi Soil Temperature and Humidity Sensor Real-Time Monit...,3.33,18.65,4.9,Estabelecida,600,https://www.aliexpress.us/item/3256812550556516.html
Termostato WiFi Tuya 2026 com Controle de Temperatura e Umidade - Knob LED e Voz,3256811639844818,Tuya WiFi Smart Knob Thermostat Floor Heating Water Gas Boiler...,27.25,152.6,0.0,Nova,9,https://www.aliexpress.us/item/3256811639844818.html
Termostato WiFi Tuya 2026 com Controle de Temperatura e Umidade - Knob LED e Voz,3256809885128615,MOES Tuya WiFi Smart Thermostat Center Control Panel Water Gas...,268.67,1504.55,5.0,Estabelecida,5,https://www.aliexpress.us/item/3256809885128615.html
Termostato WiFi Tuya 2026 com Controle de Temperatura e Umidade - Knob LED e Voz,3256807168571307,Tuya WiFi Temperature Humidity Sensor Smart Life Remote Monito...,17.44,97.66,4.8,Estabelecida,4,https://www.aliexpress.us/item/3256807168571307.html
Termostato WiFi Tuya 2026 com Controle de Temperatura e Umidade - Knob LED e Voz,3256807158783081,Zigbee/WIFI Tuya Smart Temperature Humidity Sensor Thermometer...,3.19,17.86,5.0,Estabelecida,91,https://www.aliexpress.us/item/3256807158783081.html
Termostato WiFi Tuya 2026 com Controle de Temperatura e Umidade - Knob LED e Voz,3256805834241329,Tuya Smart Home Thermostat Water Electric Warm Floor Heating G...,14.73,82.49,4.7,Estabelecida,5,https://www.aliexpress.us/item/3256805834241329.html
Termostato WiFi Tuya 2026 com Controle de Temperatura e Umidade - Knob LED e Voz,3256806824021761,AVATTO WiFi Smart Thermostat Electric Heating Water Gas Boiler...,17.45,97.72,4.9,Estabelecida,10,https://www.aliexpress.us/item/3256806824021761.html
Termostato WiFi Tuya 2026 com Controle de Temperatura e Umidade - Knob LED e Voz,3256812144190378,Tuya WiFi Temperature Humidity Sensor Smart Life Backlight Hyg...,5.91,33.1,0.0,Nova,6,https://www.aliexpress.us/item/3256812144190378.html
Termostato WiFi Tuya 2026 com Controle de Temperatura e Umidade - Knob LED e Voz,3256808312091097,W1099 Digital LED Temperature Humidity Controller 12V 24V 110V...,9.68,54.21,5.0,Estabelecida,46,https://www.aliexpress.us/item/3256808312091097.html
Termostato WiFi Tuya 2026 com Controle de Temperatura e Umidade - Knob LED e Voz,3256808740643132,Tuya WIFI 2.4G Thermometer Hygrometer Room Humidity Monitor De...,37.2,208.32,0.0,Nova,3,https://www.aliexpress.us/item/3256808740643132.html
Termostato WiFi Tuya 2026 com Controle de Temperatura e Umidade - Knob LED e Voz,3256810297030961,Tuya Smart WiFi Thermostat 3/16/25A Electric Gas Boiler Water ...,34.64,193.98,0.0,Nova,4,https://www.aliexpress.us/item/3256810297030961.html
Termostato WiFi Tuya 2026 com Controle de Temperatura e Umidade - Knob LED e Voz,3256808406461460,"Smart Temperature & Humidity Controller with Constant Control,...",39.46,220.98,0.0,Nova,4,https://www.aliexpress.us/item/3256808406461460.html
Termostato WiFi Tuya 2026 com Controle de Temperatura e Umidade - Knob LED e Voz,3256807398712758,Tuya WiFi Temperature and Humidity Smart Home Thermometer Hygr...,2.33,13.05,4.8,Estabelecida,10,https://www.aliexpress.us/item/3256807398712758.html
Termostato WiFi Tuya 2026 com Controle de Temperatura e Umidade - Knob LED e Voz,3256807852474797,MOES Matter WiFi Smart Thermostat Temperature Controller Tuya ...,41.57,232.79,4.9,Estabelecida,700,https://www.aliexpress.us/item/3256807852474797.html
Termostato WiFi Tuya 2026 com Controle de Temperatura e Umidade - Knob LED e Voz,3256810573196843,Tuya WiFi Weather Station Smart Thermohygrometer Kit WiFi Gate...,16.49,92.34,4.9,Estabelecida,600,https://www.aliexpress.us/item/3256810573196843.html
Termostato WiFi Tuya 2026 com Controle de Temperatura e Umidade - Knob LED e Voz,3256804159884641,Tuya Smart Thermostat Universal AC Remote Control For Air Cond...,22.59,126.5,0.0,Nova,1,https://www.aliexpress.us/item/3256804159884641.html
Termostato WiFi Tuya 2026 com Controle de Temperatura e Umidade - Knob LED e Voz,3256807440355725,Smart Temperature Humidity Wifi Switch 10A 2000W Intelligent M...,1.45,8.12,4.8,Estabelecida,1,https://www.aliexpress.us/item/3256807440355725.html
Termostato WiFi Tuya 2026 com Controle de Temperatura e Umidade - Knob LED e Voz,3256810077466328,GIRIER Tuya WiFi Thermostat TFT Screen Smart Temperature Contr...,93.84,525.5,5.0,Estabelecida,48,https://www.aliexpress.us/item/3256810077466328.html
Termostato WiFi Tuya 2026 com Controle de Temperatura e Umidade - Knob LED e Voz,3256804875679920,Smart Thermostat Wifi/NO Wifi Tuya Electric Floor Heating Temp...,11.99,67.14,4.8,Estabelecida,460,https://www.aliexpress.us/item/3256804875679920.html
Termostato WiFi Tuya 2026 com Controle de Temperatura e Umidade - Knob LED e Voz,3256802691413022,STC-3028 LED Digital Thermostat Temperature Humidity Controlle...,14.85,83.16,0.0,Nova,15,https://www.aliexpress.us/item/3256802691413022.html
Termostato WiFi Tuya 2026 com Controle de Temperatura e Umidade - Knob LED e Voz,3256809645476762,Tuya Zigbee 3.0 WiFi Temperature Humidity Sensor Smart Thermom...,3.33,18.65,4.7,Estabelecida,5,https://www.aliexpress.us/item/3256809645476762.html
Termostato WiFi Tuya 2026 com Controle de Temperatura e Umidade - Knob LED e Voz,3256805398333237,RF433 Wireless Thermostat WiFi/No WiFi Floor Heating Water Gas...,37.45,209.72,4.7,Estabelecida,1,https://www.aliexpress.us/item/3256805398333237.html
Termostato WiFi Tuya 2026 com Controle de Temperatura e Umidade - Knob LED e Voz,3256805422170515,Tuya USB Smart Temperature Humidity Sensor WiFi APP Remote Mon...,14.33,80.25,4.8,Estabelecida,431,https://www.aliexpress.us/item/3256805422170515.html
Termostato WiFi Tuya 2026 com Controle de Temperatura e Umidade - Knob LED e Voz,3256804060584268,Thermostat WiFi Wireless Room Temperature Controller of Water/...,38.32,214.59,5.0,Estabelecida,72,https://www.aliexpress.us/item/3256804060584268.html
Termostato WiFi Tuya 2026 com Controle de Temperatura e Umidade - Knob LED e Voz,3256805430474494,MOES WiFi Smart Water/Electric Floor Heating Thermostat Gas Bo...,39.91,223.5,5.0,Estabelecida,41,https://www.aliexpress.us/item/3256805430474494.html
Termostato WiFi Tuya 2026 com Controle de Temperatura e Umidade - Knob LED e Voz,3256807328557207,Tuya Smart WIFI Temperature Humidity Sensor  APP Remote Monito...,14.35,80.36,4.6,Estabelecida,5,https://www.aliexpress.us/item/3256807328557207.html
Termostato WiFi Tuya 2026 com Controle de Temperatura e Umidade - Knob LED e Voz,3256809742367230,MOES Tuya WiFi Smart Knob Thermostat Gas Boiler Electric Heati...,31.92,178.75,4.8,Estabelecida,77,https://www.aliexpress.us/item/3256809742367230.html
Termostato WiFi Tuya 2026 com Controle de Temperatura e Umidade - Knob LED e Voz,3256809701437539,Tuya Smart Home  Wireless Wifi Thermostat Gas Boiler 433Mhz Wi...,53.67,300.55,5.0,Estabelecida,31,https://www.aliexpress.us/item/3256809701437539.html
Termostato WiFi Tuya 2026 com Controle de Temperatura e Umidade - Knob LED e Voz,3256808317964279,Tuya WiFi Smart Temperature Sensor Monitor Switch 7-32V 85-250...,3.83,21.45,4.5,Estabelecida,600,https://www.aliexpress.us/item/3256808317964279.html
Termostato WiFi Tuya 2026 com Controle de Temperatura e Umidade - Knob LED e Voz,3256808107975453,MOES Smart Tuya ZigBee Thermostat Room Temperature Control Wat...,30.49,170.74,4.8,Estabelecida,253,https://www.aliexpress.us/item/3256808107975453.html
Termostato WiFi Tuya 2026 com Controle de Temperatura e Umidade - Knob LED e Voz,3256806589583218,Tuya WIFI Temperature Sensor Thermometer Controller Freezer Fr...,38.55,215.88,4.9,Estabelecida,1,https://www.aliexpress.us/item/3256806589583218.html
Host de Música Ambiente Smart Home 7 Polegadas Touch 2025 - Gateway Zigbee Tuya 8 Canais,3256811917032202,2026 New Designed 7 inch Smart Home Background Music Player To...,287.55,1610.28,0.0,Nova,0,https://www.aliexpress.us/item/3256811917032202.html
Host de Música Ambiente Smart Home 7 Polegadas Touch 2025 - Gateway Zigbee Tuya 8 Canais,3256807013141614,Smart Home Theater Bluetooth WIFI Wall Amplifier 7inch Touch S...,245.95,1377.32,0.0,Nova,1,https://www.aliexpress.us/item/3256807013141614.html
Host de Música Ambiente Smart Home 7 Polegadas Touch 2025 - Gateway Zigbee Tuya 8 Canais,3256809139862985,Home 7 inch touch screen 2zone audio volume wall power amplifi...,135.79,760.42,5.0,Estabelecida,20,https://www.aliexpress.us/item/3256809139862985.html
Host de Música Ambiente Smart Home 7 Polegadas Touch 2025 - Gateway Zigbee Tuya 8 Canais,3256812547206831,7 Inch 8*30W Wall Mount Background Music Host Android WiFi Int...,1873.64,10492.38,0.0,Nova,0,https://www.aliexpress.us/item/3256812547206831.html
Host de Música Ambiente Smart Home 7 Polegadas Touch 2025 - Gateway Zigbee Tuya 8 Canais,3256811823960440,Wall Amplifier 7-inch Two-zone Playback Touch Screen Intellige...,266.91,1494.7,0.0,Nova,1,https://www.aliexpress.us/item/3256811823960440.html
Host de Música Ambiente Smart Home 7 Polegadas Touch 2025 - Gateway Zigbee Tuya 8 Canais,3256811922941129,7 Inch Tuya Smart home control panel WIFI ZIGBEE gateway 2zone...,335.55,1879.08,0.0,Nova,1,https://www.aliexpress.us/item/3256811922941129.html
Host de Música Ambiente Smart Home 7 Polegadas Touch 2025 - Gateway Zigbee Tuya 8 Canais,3256812145233893,MOES Tuya Smart Home Control Panel Max 10.1inch Touch Screen w...,523.73,2932.89,5.0,Estabelecida,3,https://www.aliexpress.us/item/3256812145233893.html
Host de Música Ambiente Smart Home 7 Polegadas Touch 2025 - Gateway Zigbee Tuya 8 Canais,3256806548188776,Sansui F51 7-Inch High Definition Screen Wireless Speakers Mul...,53.64,300.38,4.6,Estabelecida,66,https://www.aliexpress.us/item/3256806548188776.html
Host de Música Ambiente Smart Home 7 Polegadas Touch 2025 - Gateway Zigbee Tuya 8 Canais,3256812287337936,For Fiat 500C 2007-2015 7inch Android Horizontal Screen with M...,106.76,597.86,0.0,Nova,1,https://www.aliexpress.us/item/3256812287337936.html
Host de Música Ambiente Smart Home 7 Polegadas Touch 2025 - Gateway Zigbee Tuya 8 Canais,3256812547286388,7 Inch Two-Zone Wall Mount Smart Home System Android Touch Scr...,1413.29,7914.42,0.0,Nova,0,https://www.aliexpress.us/item/3256812547286388.html
Host de Música Ambiente Smart Home 7 Polegadas Touch 2025 - Gateway Zigbee Tuya 8 Canais,3256810441941339,7 Inch Android 11 Wall Screen Panel WiFi Zigbee Hub Tuya Smart...,343.45,1923.32,5.0,Estabelecida,3,https://www.aliexpress.us/item/3256810441941339.html
Host de Música Ambiente Smart Home 7 Polegadas Touch 2025 - Gateway Zigbee Tuya 8 Canais,3256806572618404,SANSUI Portable FM/MW/SW Radio 7-inch HD LED Display Radio Wir...,49.96,279.78,4.8,Estabelecida,41,https://www.aliexpress.us/item/3256806572618404.html
Host de Música Ambiente Smart Home 7 Polegadas Touch 2025 - Gateway Zigbee Tuya 8 Canais,3256806674375094,7 Inch Car Radio 1 Din MP5 Player Touch Screen Multimedia FM I...,30.19,169.06,4.9,Estabelecida,2,https://www.aliexpress.us/item/3256806674375094.html
Host de Música Ambiente Smart Home 7 Polegadas Touch 2025 - Gateway Zigbee Tuya 8 Canais,3256809197576193,HIPPCRON 7 Inch Car Multimedia Player HD Display for CarPlay A...,27.71,155.18,4.9,Estabelecida,1,https://www.aliexpress.us/item/3256809197576193.html
Host de Música Ambiente Smart Home 7 Polegadas Touch 2025 - Gateway Zigbee Tuya 8 Canais,3256806718396466,WiFi Micro USB Adaptor 5V WiFi USB Power Adaptor Smart Timing ...,2.33,13.05,4.9,Estabelecida,10,https://www.aliexpress.us/item/3256806718396466.html
Host de Música Ambiente Smart Home 7 Polegadas Touch 2025 - Gateway Zigbee Tuya 8 Canais,3256806808455858,PRITOM 7 Inch Tablet PC 32 GB Android 13 with Quad Core Proces...,42.43,237.61,4.9,Estabelecida,1,https://www.aliexpress.us/item/3256806808455858.html
Host de Música Ambiente Smart Home 7 Polegadas Touch 2025 - Gateway Zigbee Tuya 8 Canais,3256809532737863,No WiFi 7 Inch Baby Monitor 2-Way Audio Night Vision 4X Zoom  ...,96.88,542.53,4.9,Estabelecida,336,https://www.aliexpress.us/item/3256809532737863.html
Host de Música Ambiente Smart Home 7 Polegadas Touch 2025 - Gateway Zigbee Tuya 8 Canais,3256808220105423,7 inchs Birthday Video Book Card 4GB Lcd Invitation Gift Music...,27.59,154.5,4.9,Estabelecida,1,https://www.aliexpress.us/item/3256808220105423.html
Host de Música Ambiente Smart Home 7 Polegadas Touch 2025 - Gateway Zigbee Tuya 8 Canais,3256812527562542,Heal The World Michael Jackson Album Cover Unisex Short Sleeve...,1.61,9.02,0.0,Nova,2,https://www.aliexpress.us/item/3256812527562542.html
Host de Música Ambiente Smart Home 7 Polegadas Touch 2025 - Gateway Zigbee Tuya 8 Canais,3256806857594026,LIGE 2026 Smart Watch Women Men Ladies Gift Sport Fitness Men ...,16.19,90.66,4.6,Estabelecida,5,https://www.aliexpress.us/item/3256806857594026.html
Host de Música Ambiente Smart Home 7 Polegadas Touch 2025 - Gateway Zigbee Tuya 8 Canais,3256812466907674,"BQCC 7"" MP5 Car Radio Suppor CarPlay Android Auto Fit Toyota C...",56.29,315.22,0.0,Nova,5,https://www.aliexpress.us/item/3256812466907674.html
Host de Música Ambiente Smart Home 7 Polegadas Touch 2025 - Gateway Zigbee Tuya 8 Canais,3256806274590553,7 Inch HD Digital Photo Frame 800x480 LED Smart Electronic Pho...,38.22,214.03,4.5,Estabelecida,139,https://www.aliexpress.us/item/3256806274590553.html
Host de Música Ambiente Smart Home 7 Polegadas Touch 2025 - Gateway Zigbee Tuya 8 Canais,3256809762648687,ESP32-S3 7 Inch 1024x600 IPS Screen Touch Display LX7 Dual-Cor...,44.0,246.4,4.8,Estabelecida,441,https://www.aliexpress.us/item/3256809762648687.html
Host de Música Ambiente Smart Home 7 Polegadas Touch 2025 - Gateway Zigbee Tuya 8 Canais,3256806956978738,TG117 Portable Bluetooth Speaker Outdoor Wireless Woofer Free ...,8.71,48.78,4.6,Estabelecida,900,https://www.aliexpress.us/item/3256806956978738.html
Host de Música Ambiente Smart Home 7 Polegadas Touch 2025 - Gateway Zigbee Tuya 8 Canais,3256812602731730,"BQCC 7"" 2Din Multifunctional Car MP5 Player For Jeep Wrangler ...",83.21,465.98,0.0,Nova,2,https://www.aliexpress.us/item/3256812602731730.html
Host de Música Ambiente Smart Home 7 Polegadas Touch 2025 - Gateway Zigbee Tuya 8 Canais,3256811594057105,"10-inch tuya smart background music control touch screen host,...",511.4,2863.84,0.0,Nova,0,https://www.aliexpress.us/item/3256811594057105.html
Host de Música Ambiente Smart Home 7 Polegadas Touch 2025 - Gateway Zigbee Tuya 8 Canais,3256807002320635,Tuya Smart Home WiFi Wireless Control LED Neon Strip Light DC5...,9.25,51.8,4.8,Estabelecida,219,https://www.aliexpress.us/item/3256807002320635.html
Host de Música Ambiente Smart Home 7 Polegadas Touch 2025 - Gateway Zigbee Tuya 8 Canais,3256810555733277,New 4G PGD Smart Watch Dual Camera 64GB/16GB Memory GPS WiFi I...,52.07,291.59,5.0,Estabelecida,14,https://www.aliexpress.us/item/3256810555733277.html
Host de Música Ambiente Smart Home 7 Polegadas Touch 2025 - Gateway Zigbee Tuya 8 Canais,3256810554564042,7 Inch Carplay For Hyundai IX35 Tucson 2 LM 2009 - 2015 Stereo...,106.74,597.74,4.8,Estabelecida,142,https://www.aliexpress.us/item/3256810554564042.html
Host de Música Ambiente Smart Home 7 Polegadas Touch 2025 - Gateway Zigbee Tuya 8 Canais,3256807742054616,IPS 7 Inch Portable WIFI Wireless Carplay Android Auto Car Rad...,38.64,216.38,4.5,Estabelecida,700,https://www.aliexpress.us/item/3256807742054616.html
Host de Música Ambiente Smart Home 7 Polegadas Touch 2025 - Gateway Zigbee Tuya 8 Canais,3256806596776520,PRITOM Tablet for Kids 7 Inch Android 13 32 GB WiFi Bluetooth ...,46.77,261.91,4.9,Estabelecida,442,https://www.aliexpress.us/item/3256806596776520.html
Host de Música Ambiente Smart Home 7 Polegadas Touch 2025 - Gateway Zigbee Tuya 8 Canais,3256806824216848,7 Inch Portable Display IPS LCD Capacitive Touch Screen 1024x6...,31.56,176.74,5.0,Estabelecida,185,https://www.aliexpress.us/item/3256806824216848.html
Host de Música Ambiente Smart Home 7 Polegadas Touch 2025 - Gateway Zigbee Tuya 8 Canais,3256809015818220,TUYA Neon LED Strip Lights 5V 84LEDs/M Silicone Neon Rope Ligh...,4.47,25.03,4.6,Estabelecida,1,https://www.aliexpress.us/item/3256809015818220.html
Host de Música Ambiente Smart Home 7 Polegadas Touch 2025 - Gateway Zigbee Tuya 8 Canais,3256808749514769,BQCC 7'' Car Player for Opel Astra H J Vectra Vauxhall Antara ...,105.53,590.97,4.5,Estabelecida,10,https://www.aliexpress.us/item/3256808749514769.html
Host de Música Ambiente Smart Home 7 Polegadas Touch 2025 - Gateway Zigbee Tuya 8 Canais,3256807277802090,2025 New ECG+PPG Monitoring Smart Watch Women Blood pressure B...,23.09,129.3,4.7,Estabelecida,1,https://www.aliexpress.us/item/3256807277802090.html
Host de Música Ambiente Smart Home 7 Polegadas Touch 2025 - Gateway Zigbee Tuya 8 Canais,3256810555407572,Linux Interface Box for Lexus IS 2005 -2019 Wireless CarPlay D...,283.8,1589.28,5.0,Estabelecida,27,https://www.aliexpress.us/item/3256810555407572.html
Host de Música Ambiente Smart Home 7 Polegadas Touch 2025 - Gateway Zigbee Tuya 8 Canais,3256809496803399,KERUI Tuya WiFi+4G Home Alarm System with 7 inch Large Touch S...,388.15,2173.64,5.0,Estabelecida,19,https://www.aliexpress.us/item/3256809496803399.html
Host de Música Ambiente Smart Home 7 Polegadas Touch 2025 - Gateway Zigbee Tuya 8 Canais,3256807894924627,M02 Bluetooth Speaker Optimus Prime Mini Wireless Speakers Ste...,11.21,62.78,4.7,Estabelecida,89,https://www.aliexpress.us/item/3256807894924627.html
Host de Música Ambiente Smart Home 7 Polegadas Touch 2025 - Gateway Zigbee Tuya 8 Canais,3256807290750314,BQCC 7inch Car Radio Multimedia Video Player Wireless Carplay ...,38.54,215.82,4.9,Estabelecida,173,https://www.aliexpress.us/item/3256807290750314.html
Host de Música Ambiente Smart Home 7 Polegadas Touch 2025 - Gateway Zigbee Tuya 8 Canais,3256808357783399,PIPO X8 Pro X8S X8R TV Box Mini PC 7 inch 1280*800 Win10 Andro...,144.5,809.2,5.0,Estabelecida,56,https://www.aliexpress.us/item/3256808357783399.html
Host de Música Ambiente Smart Home 7 Polegadas Touch 2025 - Gateway Zigbee Tuya 8 Canais,3256807754413827,Portable Monitor 7 Inch 1024x600 IPS LCD HDMI-compatible VGA A...,40.68,227.81,5.0,Estabelecida,45,https://www.aliexpress.us/item/3256807754413827.html
Host de Música Ambiente Smart Home 7 Polegadas Touch 2025 - Gateway Zigbee Tuya 8 Canais,3256809433001549,Original PIPO X8 Pro X8S X8RK Mini PC 7 inch 1280*800 Windows ...,146.9,822.64,5.0,Estabelecida,7,https://www.aliexpress.us/item/3256809433001549.html
"Gateway Smart Home Tuya WiFi Touch 7 Polegadas - Zigbee, Alexa e Música para Hotéis",3256809376687870,2025 New 7 Inch Touch Screen Smart Control Panel Tuya Zigbee G...,433.81,2429.34,0.0,Nova,6,https://www.aliexpress.us/item/3256809376687870.html
"Gateway Smart Home Tuya WiFi Touch 7 Polegadas - Zigbee, Alexa e Música para Hotéis",3256811952811982,"Tuya Zigbee Bluetooth Gateway, 2.4G/5G WiFi Hub, Local Automat...",20.19,113.06,5.0,Estabelecida,212,https://www.aliexpress.us/item/3256811952811982.html
"Gateway Smart Home Tuya WiFi Touch 7 Polegadas - Zigbee, Alexa e Música para Hotéis",3256810170242230,7 Inch Tuya Smart Home Multi-functional Control Panel Touch Sc...,983.9,5509.84,0.0,Nova,4,https://www.aliexpress.us/item/3256810170242230.html
"Gateway Smart Home Tuya WiFi Touch 7 Polegadas - Zigbee, Alexa e Música para Hotéis",2255800266583788,MOES Tuya ZigBee Wireless Gateway Hub Wired Multi-mode Bridge ...,13.13,73.53,4.8,Estabelecida,440,https://www.aliexpress.us/item/2255800266583788.html
"Gateway Smart Home Tuya WiFi Touch 7 Polegadas - Zigbee, Alexa e Música para Hotéis",3256812397458513,7 Inch IPS Display Android Smart Home Controller Multi-Functio...,308.06,1725.14,0.0,Nova,0,https://www.aliexpress.us/item/3256812397458513.html
"Gateway Smart Home Tuya WiFi Touch 7 Polegadas - Zigbee, Alexa e Música para Hotéis",3256812195991399,Tuya Zigbee Matter Wired Gateway Smart Hub Voice Control Smart...,17.76,99.46,5.0,Estabelecida,45,https://www.aliexpress.us/item/3256812195991399.html
"Gateway Smart Home Tuya WiFi Touch 7 Polegadas - Zigbee, Alexa e Música para Hotéis",3256811708330297,[Hot Sale] Mvava Smart Home Products Zigbee Wifi Hub Gateway 4...,566.36,3171.62,0.0,Nova,0,https://www.aliexpress.us/item/3256811708330297.html
"Gateway Smart Home Tuya WiFi Touch 7 Polegadas - Zigbee, Alexa e Música para Hotéis",3256810072996571,7 Inch Android 11 Tuya Smart Home Control Panel with Music Pla...,440.8,2468.48,5.0,Estabelecida,20,https://www.aliexpress.us/item/3256810072996571.html
"Gateway Smart Home Tuya WiFi Touch 7 Polegadas - Zigbee, Alexa e Música para Hotéis",3256811632768750,2026 New 7 Inch Touch Screen Music Center Control Panel with 8...,407.09,2279.7,0.0,Nova,3,https://www.aliexpress.us/item/3256811632768750.html
"Gateway Smart Home Tuya WiFi Touch 7 Polegadas - Zigbee, Alexa e Música para Hotéis",3256804756333678,"SMLIGHT SLZB-06/M/P7 Zigbee 3.0 to Ethernet,USB,and WiFi gatew...",27.62,154.67,4.9,Estabelecida,10,https://www.aliexpress.us/item/3256804756333678.html
"Gateway Smart Home Tuya WiFi Touch 7 Polegadas - Zigbee, Alexa e Música para Hotéis",3256809800577918,MOES Multi-mode Smart Gateway ZigBee WiFi Bluetooth Mesh Hub W...,10.44,58.46,4.9,Estabelecida,301,https://www.aliexpress.us/item/3256809800577918.html
"Gateway Smart Home Tuya WiFi Touch 7 Polegadas - Zigbee, Alexa e Música para Hotéis",3256806984988720,MOES Tuya Wifi Smart 5-inch Touch Screen US Center Control Pan...,169.46,948.98,4.9,Estabelecida,1,https://www.aliexpress.us/item/3256806984988720.html
"Gateway Smart Home Tuya WiFi Touch 7 Polegadas - Zigbee, Alexa e Música para Hotéis",3256811506398796,Zigbee 24G Mmwave Radar Presence Sensor Human Detector Motion/...,0.33,1.85,4.9,Estabelecida,10,https://www.aliexpress.us/item/3256811506398796.html
"Gateway Smart Home Tuya WiFi Touch 7 Polegadas - Zigbee, Alexa e Música para Hotéis",3256806823780740,Tuya Zigbee 3.0 Gateway Hub Smart Home Wireless Bridge Smart L...,10.27,57.51,4.9,Estabelecida,3,https://www.aliexpress.us/item/3256806823780740.html
"Gateway Smart Home Tuya WiFi Touch 7 Polegadas - Zigbee, Alexa e Música para Hotéis",3256812182388766,MOES Tuya Bluetooth/ZigBee/Multi-mode Gateway Hub Type-C Port ...,8.58,48.05,0.0,Nova,4,https://www.aliexpress.us/item/3256812182388766.html
"Gateway Smart Home Tuya WiFi Touch 7 Polegadas - Zigbee, Alexa e Música para Hotéis",3256805785759475,MOES Tuya ZigBee Wireless Gateway Hub Wired Multi-mode Bridge ...,25.79,144.42,4.7,Estabelecida,1,https://www.aliexpress.us/item/3256805785759475.html
"Gateway Smart Home Tuya WiFi Touch 7 Polegadas - Zigbee, Alexa e Música para Hotéis",3256808137655702,2.4G 5G Tuya Dual Band Multi Mode ZigBee Bluetooth Gateway Hub...,19.25,107.8,4.9,Estabelecida,453,https://www.aliexpress.us/item/3256808137655702.html
"Gateway Smart Home Tuya WiFi Touch 7 Polegadas - Zigbee, Alexa e Música para Hotéis",3256812463826704,Tuya app Smart Life Home Gateway Stable Signal Coverage Smart ...,11.02,61.71,0.0,Nova,12,https://www.aliexpress.us/item/3256812463826704.html
"Gateway Smart Home Tuya WiFi Touch 7 Polegadas - Zigbee, Alexa e Música para Hotéis",3256806721639163,MOES Tuya Wifi Smart 5-inch Touch Screen US Center Control Pan...,197.38,1105.33,4.9,Estabelecida,284,https://www.aliexpress.us/item/3256806721639163.html
"Gateway Smart Home Tuya WiFi Touch 7 Polegadas - Zigbee, Alexa e Música para Hotéis",3256810099209592,Tuya Zigbee Hub Smart Home Control Panel Wired Gateway Automat...,28.39,158.98,4.9,Estabelecida,1,https://www.aliexpress.us/item/3256810099209592.html
"Gateway Smart Home Tuya WiFi Touch 7 Polegadas - Zigbee, Alexa e Música para Hotéis",3256812118046450,Zigbee 16A 1CH/2CH Smart Switch Breaker Mini Smart Home Relay ...,2.33,13.05,4.9,Estabelecida,3,https://www.aliexpress.us/item/3256812118046450.html
"Gateway Smart Home Tuya WiFi Touch 7 Polegadas - Zigbee, Alexa e Música para Hotéis",2255800784319931,Tuya Smart Zigbee Gateway Hub Wifi Smart Home Bridge Smart Lif...,12.4,69.44,4.8,Estabelecida,48,https://www.aliexpress.us/item/2255800784319931.html
"Gateway Smart Home Tuya WiFi Touch 7 Polegadas - Zigbee, Alexa e Música para Hotéis",3256811591441455,Tuya Zigbee PIR Motion Sensor Human Body Infrared Movement Det...,0.99,5.54,5.0,Estabelecida,19,https://www.aliexpress.us/item/3256811591441455.html
"Gateway Smart Home Tuya WiFi Touch 7 Polegadas - Zigbee, Alexa e Música para Hotéis",3256812469413429,Tuya Zigbee Matter Wired Gateway Smart Hub Voice Control Smart...,27.74,155.34,5.0,Estabelecida,45,https://www.aliexpress.us/item/3256812469413429.html
"Gateway Smart Home Tuya WiFi Touch 7 Polegadas - Zigbee, Alexa e Música para Hotéis",3256807618544981,Tuya WiFi IR Remote Control Smart Remote Universal Infrared Co...,2.37,13.27,4.7,Estabelecida,10,https://www.aliexpress.us/item/3256807618544981.html
"Gateway Smart Home Tuya WiFi Touch 7 Polegadas - Zigbee, Alexa e Música para Hotéis",3256806677447110,Tuya Smart Life Multi-mode Gateway Smart Home Automation Hub Z...,9.55,53.48,4.9,Estabelecida,5,https://www.aliexpress.us/item/3256806677447110.html
"Gateway Smart Home Tuya WiFi Touch 7 Polegadas - Zigbee, Alexa e Música para Hotéis",3256808697460079,Smart Home Audio system WIFI sound in wall amplifier 8x25W pow...,322.57,1806.39,0.0,Nova,14,https://www.aliexpress.us/item/3256808697460079.html
"Gateway Smart Home Tuya WiFi Touch 7 Polegadas - Zigbee, Alexa e Música para Hotéis",3256811921226005,Tuya Zigbee/Bluetooth Dual-Band Multi-Mode Gateway 2.4G/5G WiF...,14.37,80.47,5.0,Estabelecida,70,https://www.aliexpress.us/item/3256811921226005.html
"Gateway Smart Home Tuya WiFi Touch 7 Polegadas - Zigbee, Alexa e Música para Hotéis",3256807953544112,Customized Tuya Smart Zigbee Matter Thread Gateway Hub Wireles...,57.65,322.84,4.5,Estabelecida,33,https://www.aliexpress.us/item/3256807953544112.html
"Gateway Smart Home Tuya WiFi Touch 7 Polegadas - Zigbee, Alexa e Música para Hotéis",3256811882111461,Tuya Smart Multi Mode Gateway Bluetooth/ZigBee WiFi Hub Bridge...,7.05,39.48,5.0,Estabelecida,7,https://www.aliexpress.us/item/3256811882111461.html
"Gateway Smart Home Tuya WiFi Touch 7 Polegadas - Zigbee, Alexa e Música para Hotéis",3256810218312576,New type Tuya Smart Control Panel Zigbee Gateway 8 button Mult...,205.16,1148.9,5.0,Estabelecida,7,https://www.aliexpress.us/item/3256810218312576.html
"Gateway Smart Home Tuya WiFi Touch 7 Polegadas - Zigbee, Alexa e Música para Hotéis",3256806675409782,Tuya Zigbee 3.0 Gateway Hub Smart Home Wireless Bridge Smart L...,11.1,62.16,4.9,Estabelecida,10,https://www.aliexpress.us/item/3256806675409782.html
"Gateway Smart Home Tuya WiFi Touch 7 Polegadas - Zigbee, Alexa e Música para Hotéis",3256808682820267,Zigbee Smart Home Automation Switch Relay 30A 6600W Wireless M...,5.52,30.91,4.7,Estabelecida,25,https://www.aliexpress.us/item/3256808682820267.html
"Gateway Smart Home Tuya WiFi Touch 7 Polegadas - Zigbee, Alexa e Música para Hotéis",3256806823775275,MOES Tuya ZigBee Wireless Gateway Hub Wired Multi-mode Bridge ...,27.19,152.26,4.9,Estabelecida,2,https://www.aliexpress.us/item/3256806823775275.html
"Gateway Smart Home Tuya WiFi Touch 7 Polegadas - Zigbee, Alexa e Música para Hotéis",3256811671255437,Zigbee Gateway Tuya Devices Bluetooth Wired Smart Hub Smart Li...,3.33,18.65,4.7,Estabelecida,600,https://www.aliexpress.us/item/3256811671255437.html
"Gateway Smart Home Tuya WiFi Touch 7 Polegadas - Zigbee, Alexa e Música para Hotéis",3256812062307224,MOES Tuya ZigBee Smart Knob Switch Wireless Scene Switch Butto...,22.2,124.32,0.0,Nova,3,https://www.aliexpress.us/item/3256812062307224.html
"Gateway Smart Home Tuya WiFi Touch 7 Polegadas - Zigbee, Alexa e Música para Hotéis",3256809325449972,2 in 1 Tuya Zigbee Rain Sensor with Light Detector IPX4 Outdoo...,1.16,6.5,4.6,Estabelecida,5,https://www.aliexpress.us/item/3256809325449972.html
"Gateway Smart Home Tuya WiFi Touch 7 Polegadas - Zigbee, Alexa e Música para Hotéis",3256806449202823,MOES Tuya Zigbee Matter Thread Gateway Smart Home Bridge Matte...,76.89,430.58,4.7,Estabelecida,1,https://www.aliexpress.us/item/3256806449202823.html
"Gateway Smart Home Tuya WiFi Touch 7 Polegadas - Zigbee, Alexa e Música para Hotéis",3256805268013318,LoraTap Tuya Multi-mode WiFi ZigBee 3.0 Bluetooth Mesh Gateway...,11.4,63.84,4.8,Estabelecida,500,https://www.aliexpress.us/item/3256805268013318.html
"Gateway Smart Home Tuya WiFi Touch 7 Polegadas - Zigbee, Alexa e Música para Hotéis",3256810088445882,NEW Tuya Smart Home Amplifier Control Panel Max 10.1inch Touch...,486.81,2726.14,0.0,Nova,16,https://www.aliexpress.us/item/3256810088445882.html
"Gateway Smart Home Tuya WiFi Touch 7 Polegadas - Zigbee, Alexa e Música para Hotéis",3256807161211693,GIRIER Tuya ZigBee Gateway Hub Plug-in Type Multi-mode ZigBee ...,17.78,99.57,5.0,Estabelecida,60,https://www.aliexpress.us/item/3256807161211693.html
"Gateway Smart Home Tuya WiFi Touch 7 Polegadas - Zigbee, Alexa e Música para Hotéis",3256812594800465,AVATTO Matter Smart Wired Gateway Hub ZigBee Smart Home Bridge...,60.34,337.9,0.0,Nova,1,https://www.aliexpress.us/item/3256812594800465.html
"Gateway Smart Home Tuya WiFi Touch 7 Polegadas - Zigbee, Alexa e Música para Hotéis",3256811467711436,X5 Enhanced For Tuya Zigbee 3.0/Bluetooth 5.0 2-in-1 Gateway H...,54.23,303.69,4.9,Estabelecida,212,https://www.aliexpress.us/item/3256811467711436.html
"Gateway Smart Home Tuya WiFi Touch 7 Polegadas - Zigbee, Alexa e Música para Hotéis",3256812175606041,Multi-mode Smart Gateway Zigbee 3.0 Bluetooth Mesh Hub Work wi...,19.66,110.1,5.0,Estabelecida,14,https://www.aliexpress.us/item/3256812175606041.html
Máquina de Café Espresso Portátil Mini 2 em 1 USB em Alumínio - Carro e Hotel,3256811496777073,"NEW MUVNA Espresso Creed Portable Espresso Maker,58mm 20Bar Co...",447.29,2504.82,0.0,Nova,1,https://www.aliexpress.us/item/3256811496777073.html
Máquina de Café Espresso Portátil Mini 2 em 1 USB em Alumínio - Carro e Hotel,3256809776685303,Portable Mini Coffee Machine USB Rechargeable Wireless Espress...,37.03,207.37,0.0,Nova,4,https://www.aliexpress.us/item/3256809776685303.html
Máquina de Café Espresso Portátil Mini 2 em 1 USB em Alumínio - Carro e Hotel,3256811636548811,Portable Espresso Machine for TravelTravel Coffee Maker 20-Bar...,25.63,143.53,4.9,Estabelecida,63,https://www.aliexpress.us/item/3256811636548811.html
Máquina de Café Espresso Portátil Mini 2 em 1 USB em Alumínio - Carro e Hotel,3256807131189574,Wireless Electric Portable Espresso Coffee Machine for Car & H...,25.96,145.38,4.6,Estabelecida,10,https://www.aliexpress.us/item/3256807131189574.html
Máquina de Café Espresso Portátil Mini 2 em 1 USB em Alumínio - Carro e Hotel,3256805623401270,MG731D2 Coffee Maker Electric Coffee Machine USB Portable Espr...,100.44,562.46,0.0,Nova,7,https://www.aliexpress.us/item/3256805623401270.html
Máquina de Café Espresso Portátil Mini 2 em 1 USB em Alumínio - Carro e Hotel,3256808062643247,STARSEEKER Super58 Portable Electric Espresso Machine Travel C...,185.72,1040.03,4.6,Estabelecida,306,https://www.aliexpress.us/item/3256808062643247.html
Máquina de Café Espresso Portátil Mini 2 em 1 USB em Alumínio - Carro e Hotel,3256808890910112,New Portable Electric Power Display Coffee Bean Grinder 38 Gea...,16.92,94.75,5.0,Estabelecida,182,https://www.aliexpress.us/item/3256808890910112.html
Máquina de Café Espresso Portátil Mini 2 em 1 USB em Alumínio - Carro e Hotel,3256805774252070,Capsulone Pneumatic USB Electric Coffee Machine Stainless Stee...,37.59,210.5,0.0,Nova,3,https://www.aliexpress.us/item/3256805774252070.html
Máquina de Café Espresso Portátil Mini 2 em 1 USB em Alumínio - Carro e Hotel,3256811457841979,Portable Coffee Maker Mini Espresso Machine Convenient Recharg...,29.38,164.53,4.5,Estabelecida,4,https://www.aliexpress.us/item/3256811457841979.html
Máquina de Café Espresso Portátil Mini 2 em 1 USB em Alumínio - Carro e Hotel,3256812481472546,Portable Wireless Espresso Machine USB Rechargeable 2-in-1 Cof...,38.52,215.71,0.0,Nova,1,https://www.aliexpress.us/item/3256812481472546.html
Máquina de Café Espresso Portátil Mini 2 em 1 USB em Alumínio - Carro e Hotel,3256809479537455,"HiBREW Multiple Capsule Coffee Machine, Hot/Cold Dolce Gusto M...",69.49,389.14,4.9,Estabelecida,5,https://www.aliexpress.us/item/3256809479537455.html
Máquina de Café Espresso Portátil Mini 2 em 1 USB em Alumínio - Carro e Hotel,3256808356672008,Portable Coffee Maker Small Espresso Machine Travel USB Coffee...,56.63,317.13,0.0,Nova,2,https://www.aliexpress.us/item/3256808356672008.html
Máquina de Café Espresso Portátil Mini 2 em 1 USB em Alumínio - Carro e Hotel,3256811754040163,Portable Italian Espresso Maker USB Mini For Ground Beans And ...,53.12,297.47,5.0,Estabelecida,1,https://www.aliexpress.us/item/3256811754040163.html
Máquina de Café Espresso Portátil Mini 2 em 1 USB em Alumínio - Carro e Hotel,3256812216226800,2 IN 1 Portable Wireless Coffee Maker 170ML Electric Coffee Ma...,80.62,451.47,0.0,Nova,0,https://www.aliexpress.us/item/3256812216226800.html
Máquina de Café Espresso Portátil Mini 2 em 1 USB em Alumínio - Carro e Hotel,3256809026243081,DENOKIN Portable Espresso Coffee Machine With Digital Display ...,38.04,213.02,4.7,Estabelecida,5,https://www.aliexpress.us/item/3256809026243081.html
Máquina de Café Espresso Portátil Mini 2 em 1 USB em Alumínio - Carro e Hotel,3256812325656462,"Mini Portable Espresso Coffee Machine, USB Powered, Electric, ...",70.14,392.78,5.0,Estabelecida,1,https://www.aliexpress.us/item/3256812325656462.html
Máquina de Café Espresso Portátil Mini 2 em 1 USB em Alumínio - Carro e Hotel,3256811645082615,Mini Lightweight Portable Electric Capsule & Ground Dual-Use C...,62.74,351.34,0.0,Nova,3,https://www.aliexpress.us/item/3256811645082615.html
Máquina de Café Espresso Portátil Mini 2 em 1 USB em Alumínio - Carro e Hotel,3256812571040211,Professional Espresso Machine with 58mm Size Filter Basket 20 ...,75.25,421.4,0.0,Nova,0,https://www.aliexpress.us/item/3256812571040211.html
Máquina de Café Espresso Portátil Mini 2 em 1 USB em Alumínio - Carro e Hotel,3256807448655415,Wireless Electric Portable Espresso Coffee Machine for Car & H...,26.52,148.51,4.9,Estabelecida,10,https://www.aliexpress.us/item/3256807448655415.html
Máquina de Café Espresso Portátil Mini 2 em 1 USB em Alumínio - Carro e Hotel,3256812012791028,New LED Display Portable Semi-Automatic Espresso Machine 20Bar...,46.08,258.05,0.0,Nova,0,https://www.aliexpress.us/item/3256812012791028.html
Máquina de Café Espresso Portátil Mini 2 em 1 USB em Alumínio - Carro e Hotel,3256812602365400,Portable Capsule Coffee Machine Electric Mini Espresso Maker B...,64.26,359.86,0.0,Nova,0,https://www.aliexpress.us/item/3256812602365400.html
Máquina de Café Espresso Portátil Mini 2 em 1 USB em Alumínio - Carro e Hotel,3256812024359472,"Portable Hand Press Coffee Machine, Electric Espresso Coffee C...",57.37,321.27,0.0,Nova,0,https://www.aliexpress.us/item/3256812024359472.html
Máquina de Café Espresso Portátil Mini 2 em 1 USB em Alumínio - Carro e Hotel,3256812563566052,Wireless Electric Portable Espresso Coffee Machine for Home Ca...,40.02,224.11,0.0,Nova,0,https://www.aliexpress.us/item/3256812563566052.html
Máquina de Café Espresso Portátil Mini 2 em 1 USB em Alumínio - Carro e Hotel,3256812607047332,Portable USB Electric Cafeteira Bean Grinder 40 Gears Cafetera...,21.03,117.77,0.0,Nova,0,https://www.aliexpress.us/item/3256812607047332.html
Máquina de Café Espresso Portátil Mini 2 em 1 USB em Alumínio - Carro e Hotel,3256812167384709,Super58 Portable Electric Espresso Machine Travel Coffee Maker...,248.53,1391.77,0.0,Nova,0,https://www.aliexpress.us/item/3256812167384709.html
Máquina de Café Espresso Portátil Mini 2 em 1 USB em Alumínio - Carro e Hotel,3256812122263626,"20 Bar Fully Automatic Espresso Machine, Professional Coffee M...",116.3,651.28,4.9,Estabelecida,24,https://www.aliexpress.us/item/3256812122263626.html
Máquina de Café Espresso Portátil Mini 2 em 1 USB em Alumínio - Carro e Hotel,3256810063677803,USB Rechargeable Portable Espresso Machine 20 Bar Pressure ABS...,35.51,198.86,0.0,Nova,0,https://www.aliexpress.us/item/3256810063677803.html
Máquina de Café Espresso Portátil Mini 2 em 1 USB em Alumínio - Carro e Hotel,3256810242967773,ZeroHero Heropresso Pro Portable Espresso Coffee Machine 20Bar...,245.38,1374.13,0.0,Nova,0,https://www.aliexpress.us/item/3256810242967773.html
Máquina de Café Espresso Portátil Mini 2 em 1 USB em Alumínio - Carro e Hotel,3256812150889462,20Bar Portable Battery/USB Powered Travel Capsule Coffee Maker...,227.95,1276.52,0.0,Nova,0,https://www.aliexpress.us/item/3256812150889462.html
Máquina de Café Espresso Portátil Mini 2 em 1 USB em Alumínio - Carro e Hotel,3256809115737511,DENOKIN 3-in-1 Capsule Coffee Maker With Digital Display Porta...,42.66,238.9,4.7,Estabelecida,489,https://www.aliexpress.us/item/3256809115737511.html
Máquina de Café Espresso Portátil Mini 2 em 1 USB em Alumínio - Carro e Hotel,3256812381090398,STARSEEKER S51 Portable Coffee Maker Travel Electric Capsule E...,146.11,818.22,0.0,Nova,5,https://www.aliexpress.us/item/3256812381090398.html
Máquina de Café Espresso Portátil Mini 2 em 1 USB em Alumínio - Carro e Hotel,3256812150785978,Self Heating Portable Espresso Machine 20 Bar Rechargeable USB...,180.67,1011.75,0.0,Nova,0,https://www.aliexpress.us/item/3256812150785978.html
Máquina de Café Espresso Portátil Mini 2 em 1 USB em Alumínio - Carro e Hotel,3256811555745804,Mini French Stainless Steel Espresso/Cappuccino Maker Capsule ...,45.2,253.12,0.0,Nova,0,https://www.aliexpress.us/item/3256811555745804.html
Máquina de Café Espresso Portátil Mini 2 em 1 USB em Alumínio - Carro e Hotel,3256812407945784,JustEvo Portable Espresso Machine 3-In-1 Travel Coffee Maker C...,22.54,126.22,4.9,Estabelecida,500,https://www.aliexpress.us/item/3256812407945784.html
Máquina de Café Espresso Portátil Mini 2 em 1 USB em Alumínio - Carro e Hotel,3256812642047261,Electric Espresso Machine with LED Display and 90ml Sink Elect...,38.93,218.01,0.0,Nova,0,https://www.aliexpress.us/item/3256812642047261.html
Máquina de Café Espresso Portátil Mini 2 em 1 USB em Alumínio - Carro e Hotel,3256812629289104,Portable Mini USB Coffee Maker Espresso Outdoor Travel New Pro...,194.71,1090.38,0.0,Nova,0,https://www.aliexpress.us/item/3256812629289104.html
Máquina de Café Espresso Portátil Mini 2 em 1 USB em Alumínio - Carro e Hotel,3256812544974173,Electric Espresso Machine with LED Display and 90ml Sink Mini ...,40.53,226.97,0.0,Nova,0,https://www.aliexpress.us/item/3256812544974173.html
Máquina de Café Espresso Portátil Mini 2 em 1 USB em Alumínio - Carro e Hotel,3256810312434344,Portable Small Electric USB Rechargeable Coffee Grinder Stainl...,29.58,165.65,4.7,Estabelecida,106,https://www.aliexpress.us/item/3256810312434344.html
Máquina de Café Espresso Portátil Mini 2 em 1 USB em Alumínio - Carro e Hotel,3256812571843427,Portable   Coffee Machine With Usb Rechargeable Espresso Powde...,326.89,1830.58,0.0,Nova,0,https://www.aliexpress.us/item/3256812571843427.html
Máquina de Café Espresso Portátil Mini 2 em 1 USB em Alumínio - Carro e Hotel,3256812027067467,MG731D2 Coffee Maker Electric Coffee Machine USB Portable Espr...,98.74,552.94,0.0,Nova,0,https://www.aliexpress.us/item/3256812027067467.html
Máquina de Café Espresso Portátil Mini 2 em 1 USB em Alumínio - Carro e Hotel,3256812154345768,Self-heating USB Electric Travel Espresso Machine Portable Com...,46.67,261.35,0.0,Nova,0,https://www.aliexpress.us/item/3256812154345768.html
Máquina de Café Espresso Portátil Mini 2 em 1 USB em Alumínio - Carro e Hotel,3256810135129742,20 Bars Self Heating Capsule / Coffee Powder USB -C Electric E...,28.5,159.6,0.0,Nova,0,https://www.aliexpress.us/item/3256810135129742.html
Máquina de Café Espresso Portátil Mini 2 em 1 USB em Alumínio - Carro e Hotel,3256809911912964,IKAPE Espresso Portable Electric Machine With Ground Coffee&Ca...,83.11,465.42,0.0,Nova,2,https://www.aliexpress.us/item/3256809911912964.html
Máquina de Café Espresso Portátil Mini 2 em 1 USB em Alumínio - Carro e Hotel,3256812216410868,Self Heating Portable Espresso  15 Bar Rechargeable Usb C Car ...,108.91,609.9,0.0,Nova,0,https://www.aliexpress.us/item/3256812216410868.html
Máquina de Café Espresso Portátil Mini 2 em 1 USB em Alumínio - Carro e Hotel,3256806852006959,HOMEFISH 3 In1 Portable Coffee Machine Hot/Cold Water Manual E...,24.06,134.74,4.9,Estabelecida,108,https://www.aliexpress.us/item/3256806852006959.html
Máquina de Café Espresso Portátil Mini 2 em 1 USB em Alumínio - Carro e Hotel,3256812135380503,Portable Electric Espresso Coffee Maker Handheld Mini Italian ...,226.67,1269.35,0.0,Nova,0,https://www.aliexpress.us/item/3256812135380503.html
Máquina de Café Espresso Portátil Mini 2 em 1 USB em Alumínio - Carro e Hotel,3256812004829914,"Mini USB Coffee Maker, 2-in-1 12V Portable Coffee Maker",293.27,1642.31,0.0,Nova,0,https://www.aliexpress.us/item/3256812004829914.html
Difusor de Óleo Essencial Inteligente Bluetooth WiFi sem Água - Casa e Escritório,3256806943300311,Bluetooth Smart Aroma Diffuser Hotels Air Freshener Flavoring ...,65.87,368.87,4.9,Estabelecida,2,https://www.aliexpress.us/item/3256806943300311.html
Difusor de Óleo Essencial Inteligente Bluetooth WiFi sem Água - Casa e Escritório,3256807670688139,Scent Machine Aroma Diffuser For Hotel Home Waterless Essentia...,28.35,158.76,4.9,Estabelecida,3,https://www.aliexpress.us/item/3256807670688139.html
Difusor de Óleo Essencial Inteligente Bluetooth WiFi sem Água - Casa e Escritório,3256807972389871,Tuya Smart WiFi Humidifier Aromatherapy Essential Oil Diffuser...,25.06,140.34,4.9,Estabelecida,500,https://www.aliexpress.us/item/3256807972389871.html
Difusor de Óleo Essencial Inteligente Bluetooth WiFi sem Água - Casa e Escritório,3256810552225226,NAMSTE 500m³ Cold Air Scent Diffuser Room Fragrance Diffuser W...,68.82,385.39,4.9,Estabelecida,73,https://www.aliexpress.us/item/3256810552225226.html
Difusor de Óleo Essencial Inteligente Bluetooth WiFi sem Água - Casa e Escritório,3256810331467389,Smart Professional Aroma Diffuser WIFI Bluetooth Smell Distrib...,93.02,520.91,5.0,Estabelecida,5,https://www.aliexpress.us/item/3256810331467389.html
Difusor de Óleo Essencial Inteligente Bluetooth WiFi sem Água - Casa e Escritório,3256806499821338,Waterless Essential Oil Diffuser Wall Plug Aroma Oil Diffuser ...,28.13,157.53,4.7,Estabelecida,500,https://www.aliexpress.us/item/3256806499821338.html
Difusor de Óleo Essencial Inteligente Bluetooth WiFi sem Água - Casa e Escritório,3256806982259762,"500ML USB Wood Grain Aroma Diffuser, Essential Oil Diffuser, A...",3.35,18.76,4.5,Estabelecida,3,https://www.aliexpress.us/item/3256806982259762.html
Difusor de Óleo Essencial Inteligente Bluetooth WiFi sem Água - Casa e Escritório,3256809148148010,Smart Aroma Diffuser Hotels Fragrance Diffuser Coverage 500m³ ...,94.19,527.46,5.0,Estabelecida,12,https://www.aliexpress.us/item/3256809148148010.html
Difusor de Óleo Essencial Inteligente Bluetooth WiFi sem Água - Casa e Escritório,3256810568955107,Waterless Essential Oil Diffuser  Wireless Rechargeable Blueto...,110.13,616.73,0.0,Nova,7,https://www.aliexpress.us/item/3256810568955107.html
Difusor de Óleo Essencial Inteligente Bluetooth WiFi sem Água - Casa e Escritório,3256809992711319,Fragrance Diffuser Coverage 300m³ Room Air Freshener Bluetooth...,38.38,214.93,4.8,Estabelecida,495,https://www.aliexpress.us/item/3256809992711319.html
Difusor de Óleo Essencial Inteligente Bluetooth WiFi sem Água - Casa e Escritório,3256807256645340,NAMSTE Bluetooth Battery Aroma Diffuser Essential Oil Aromatic...,32.14,179.98,4.7,Estabelecida,134,https://www.aliexpress.us/item/3256807256645340.html
Difusor de Óleo Essencial Inteligente Bluetooth WiFi sem Água - Casa e Escritório,3256807109757099,Aroma Diffuser Coverage 200m³ Scent Machine Fragrance Diffuser...,19.08,106.85,4.7,Estabelecida,900,https://www.aliexpress.us/item/3256807109757099.html
Difusor de Óleo Essencial Inteligente Bluetooth WiFi sem Água - Casa e Escritório,3256807449141649,500m³ WiFi Smart Home Fragrance Diffuser Essential Oil Diffuse...,40.18,225.01,4.9,Estabelecida,367,https://www.aliexpress.us/item/3256807449141649.html
Difusor de Óleo Essencial Inteligente Bluetooth WiFi sem Água - Casa e Escritório,3256806717205744,Scent Air Machine For Home Waterless Essential Oil Diffuser Wi...,70.99,397.54,4.6,Estabelecida,600,https://www.aliexpress.us/item/3256806717205744.html
Difusor de Óleo Essencial Inteligente Bluetooth WiFi sem Água - Casa e Escritório,3256810174934027,HVAC System Diffuser Smart 800ml Oil Fragrance Wifi App Pure W...,196.24,1098.94,5.0,Estabelecida,27,https://www.aliexpress.us/item/3256810174934027.html
Difusor de Óleo Essencial Inteligente Bluetooth WiFi sem Água - Casa e Escritório,3256805979754832,NAMSTE 3000M³ Smart Aroma Diffuser WIFI Bluetooth Control HVAC...,153.01,856.86,5.0,Estabelecida,6,https://www.aliexpress.us/item/3256805979754832.html
Difusor de Óleo Essencial Inteligente Bluetooth WiFi sem Água - Casa e Escritório,3256805970488151,NAMSTE 500m³ Aroma Diffuser Electric Aromati Oasis 200ML Essen...,59.42,332.75,4.5,Estabelecida,74,https://www.aliexpress.us/item/3256805970488151.html
Difusor de Óleo Essencial Inteligente Bluetooth WiFi sem Água - Casa e Escritório,3256804340437430,Namste 4000m³ Commercial HVAC Essential Oil Diffuser Room Frag...,270.6,1515.36,0.0,Nova,19,https://www.aliexpress.us/item/3256804340437430.html
Difusor de Óleo Essencial Inteligente Bluetooth WiFi sem Água - Casa e Escritório,3256806749735636,500ML Capacity Fragrance Diffuser Smart Scent Air Machine For ...,29.49,165.14,4.7,Estabelecida,3,https://www.aliexpress.us/item/3256806749735636.html
Difusor de Óleo Essencial Inteligente Bluetooth WiFi sem Água - Casa e Escritório,3256810422767503,Smart Waterless Aroma Diffuser WIFI Bluetooth Control Essentia...,115.51,646.86,0.0,Nova,1,https://www.aliexpress.us/item/3256810422767503.html
Difusor de Óleo Essencial Inteligente Bluetooth WiFi sem Água - Casa e Escritório,3256807381395007,NAMSTE New Electric Aroma Diffuser Bluetooth 1000m³  Diffuser ...,56.26,315.06,4.6,Estabelecida,175,https://www.aliexpress.us/item/3256807381395007.html
Difusor de Óleo Essencial Inteligente Bluetooth WiFi sem Água - Casa e Escritório,3256806612976679,Bluetooth Smart Aroma Diffuser Hotels Air Freshener Flavoring ...,36.36,203.62,4.5,Estabelecida,344,https://www.aliexpress.us/item/3256806612976679.html
Difusor de Óleo Essencial Inteligente Bluetooth WiFi sem Água - Casa e Escritório,3256806655444017,Hotel Collection Diffuser Bluetooth App Control Smart Scent Ai...,43.03,240.97,4.8,Estabelecida,500,https://www.aliexpress.us/item/3256806655444017.html
Difusor de Óleo Essencial Inteligente Bluetooth WiFi sem Água - Casa e Escritório,3256812086937764,Home Waterless Essential Oil Diffuser Smart Aroma Scent Diffus...,52.6,294.56,5.0,Estabelecida,76,https://www.aliexpress.us/item/3256812086937764.html
Difusor de Óleo Essencial Inteligente Bluetooth WiFi sem Água - Casa e Escritório,3256812655108978,NAMSTE Smart Waterless Essential Oil Diffuser APP Control Arom...,330.88,1852.93,0.0,Nova,0,https://www.aliexpress.us/item/3256812655108978.html
Difusor de Óleo Essencial Inteligente Bluetooth WiFi sem Água - Casa e Escritório,3256808612547923,Namste 1500m³ Smart Aroma Diffuser WIFI Bluetooth Diffuser for...,264.18,1479.41,5.0,Estabelecida,14,https://www.aliexpress.us/item/3256808612547923.html
Difusor de Óleo Essencial Inteligente Bluetooth WiFi sem Água - Casa e Escritório,3256807884175143,Smart Scent Air Machine For Home Hotel Collection Diffuser Wal...,57.65,322.84,4.8,Estabelecida,449,https://www.aliexpress.us/item/3256807884175143.html
Difusor de Óleo Essencial Inteligente Bluetooth WiFi sem Água - Casa e Escritório,3256810017253392,Home Intelligent Aroma Essential Oil Diffuser Aroma Diffuser M...,134.92,755.55,4.8,Estabelecida,266,https://www.aliexpress.us/item/3256810017253392.html
Difusor de Óleo Essencial Inteligente Bluetooth WiFi sem Água - Casa e Escritório,3256809517325980,Electric Smell For Home Dual Nozzle Aroma Diffuser Electric Sm...,41.8,234.08,4.7,Estabelecida,209,https://www.aliexpress.us/item/3256809517325980.html
Difusor de Óleo Essencial Inteligente Bluetooth WiFi sem Água - Casa e Escritório,3256810543765709,900m³ Professional Aroma Diffuser Bluetooth/wifi Smell Distrib...,92.38,517.33,4.5,Estabelecida,56,https://www.aliexpress.us/item/3256810543765709.html
Difusor de Óleo Essencial Inteligente Bluetooth WiFi sem Água - Casa e Escritório,3256808113891409,Fragrance Device for Home Hotel Waterless Aroma Diffuser 300ml...,43.3,242.48,5.0,Estabelecida,47,https://www.aliexpress.us/item/3256808113891409.html
Difusor de Óleo Essencial Inteligente Bluetooth WiFi sem Água - Casa e Escritório,3256808302727966,NAMSTE 300m³ Wall Plug Aroma Diffuser Machine Smart Essential ...,32.34,181.1,4.9,Estabelecida,53,https://www.aliexpress.us/item/3256808302727966.html
Difusor de Óleo Essencial Inteligente Bluetooth WiFi sem Água - Casa e Escritório,3256808223057757,NAMSTE HVAC Essential Oil Aroma Diffuser Bluetooth Wifi Diffus...,180.89,1012.98,4.5,Estabelecida,34,https://www.aliexpress.us/item/3256808223057757.html
Difusor de Óleo Essencial Inteligente Bluetooth WiFi sem Água - Casa e Escritório,3256808225060472,1000m³ Electric Smell Distributor Bluetooth Wall Mounted Fragr...,45.89,256.98,4.7,Estabelecida,401,https://www.aliexpress.us/item/3256808225060472.html
Difusor de Óleo Essencial Inteligente Bluetooth WiFi sem Água - Casa e Escritório,3256809574911829,NAMASTE Smart Essential Oil Diffuser Office Aromatherapy Machi...,74.66,418.1,4.8,Estabelecida,426,https://www.aliexpress.us/item/3256809574911829.html
Difusor de Óleo Essencial Inteligente Bluetooth WiFi sem Água - Casa e Escritório,3256812529849987,HVAC Aroma Diffuser Smart 800ml Oil Fragrance  App Pure Waterl...,181.72,1017.63,0.0,Nova,0,https://www.aliexpress.us/item/3256812529849987.html
Difusor de Óleo Essencial Inteligente Bluetooth WiFi sem Água - Casa e Escritório,3256805398953347,NAMSTE Perfume Diffuser Home Fragrance Air Freshener Electric ...,68.0,380.8,4.5,Estabelecida,170,https://www.aliexpress.us/item/3256805398953347.html
Difusor de Óleo Essencial Inteligente Bluetooth WiFi sem Água - Casa e Escritório,3256806291747910,Smart  Fragrance Oil Diffuser App Control Battery Operated Ele...,49.53,277.37,4.9,Estabelecida,206,https://www.aliexpress.us/item/3256806291747910.html
Difusor de Óleo Essencial Inteligente Bluetooth WiFi sem Água - Casa e Escritório,3256807009389645,NAMSTE Scent Air Machine Home Essential Oil Diffuser With Smar...,76.15,426.44,4.7,Estabelecida,156,https://www.aliexpress.us/item/3256807009389645.html
Difusor de Óleo Essencial Inteligente Bluetooth WiFi sem Água - Casa e Escritório,3256806000045609,Namste 300M³ Hotel Home Use Aroma Essential Oils Diffuser Smar...,35.82,200.59,4.9,Estabelecida,31,https://www.aliexpress.us/item/3256806000045609.html
Difusor de Óleo Essencial Inteligente Bluetooth WiFi sem Água - Casa e Escritório,3256807495466584,NAMSTE 9000m³ Smart App Control WIFI Perfume Essential Oil Hot...,241.85,1354.36,5.0,Estabelecida,26,https://www.aliexpress.us/item/3256807495466584.html
Difusor de Óleo Essencial Inteligente Bluetooth WiFi sem Água - Casa e Escritório,3256812407800856,NAMASTE Office Aromatherapy Machine Smart Essential Oil Diffus...,18.34,102.7,5.0,Estabelecida,8,https://www.aliexpress.us/item/3256812407800856.html
Difusor de Óleo Essencial Inteligente Bluetooth WiFi sem Água - Casa e Escritório,3256808465754734,1000m³ Electric Smell Scent Diffuser Machine Wall Mounted Frag...,47.86,268.02,4.5,Estabelecida,148,https://www.aliexpress.us/item/3256808465754734.html
Difusor de Óleo Essencial Inteligente Bluetooth WiFi sem Água - Casa e Escritório,3256808114035361,Namste WIFI Bluetooth Essential Oil Diffuser Timer Function Ar...,36.68,205.41,4.8,Estabelecida,308,https://www.aliexpress.us/item/3256808114035361.html
Painel de Controle Touch 7 Polegadas 2026 para Música Ambiente - Gateway Zigbee Tuya 8 Canais,3256809836741391,"7-inch IPS touch screen development board (ESP32-P4/C6), suppo...",47.28,264.77,4.8,Estabelecida,1,https://www.aliexpress.us/item/3256809836741391.html
Painel de Controle Touch 7 Polegadas 2026 para Música Ambiente - Gateway Zigbee Tuya 8 Canais,3256812449858190,Staniot 7 Inch Touch Screen Smart Alarm Panel WiFi Tuya Home S...,86.1,482.16,5.0,Estabelecida,7,https://www.aliexpress.us/item/3256812449858190.html
Painel de Controle Touch 7 Polegadas 2026 para Música Ambiente - Gateway Zigbee Tuya 8 Canais,3256810331246595,KERUI New 7 inch Touch Screen Panel Alarm System With Sensors ...,0.99,5.54,5.0,Estabelecida,307,https://www.aliexpress.us/item/3256810331246595.html
Painel de Controle Touch 7 Polegadas 2026 para Música Ambiente - Gateway Zigbee Tuya 8 Canais,3256807936896399,New 5in1 Fingerprint Unlock Tuya Smart 1080P 7inch LCD Wifi Vi...,161.64,905.18,4.9,Estabelecida,37,https://www.aliexpress.us/item/3256807936896399.html
Painel de Controle Touch 7 Polegadas 2026 para Música Ambiente - Gateway Zigbee Tuya 8 Canais,3256807974232461,ESP32 S3 Dual Core LVGL 7inch 5inch 4.3inch 4inch HMI 16M Flas...,26.75,149.8,4.9,Estabelecida,700,https://www.aliexpress.us/item/3256807974232461.html
Painel de Controle Touch 7 Polegadas 2026 para Música Ambiente - Gateway Zigbee Tuya 8 Canais,3256807198305934,7 inch 4G & WiFi Home Alarm Host System Wireless GSM Big Scree...,122.01,683.26,5.0,Estabelecida,224,https://www.aliexpress.us/item/3256807198305934.html
Painel de Controle Touch 7 Polegadas 2026 para Música Ambiente - Gateway Zigbee Tuya 8 Canais,3256809646691090,Coolmay 7 inch TK8070H/HD HMI Touch Screen LCD Panel RS232 RS4...,130.5,730.8,5.0,Estabelecida,7,https://www.aliexpress.us/item/3256809646691090.html
Painel de Controle Touch 7 Polegadas 2026 para Música Ambiente - Gateway Zigbee Tuya 8 Canais,3256808507185816,KERUI 7-inch IPS Large Touch Screen Home Alarm Panel 4G LTE GS...,120.47,674.63,4.8,Estabelecida,182,https://www.aliexpress.us/item/3256808507185816.html
Painel de Controle Touch 7 Polegadas 2026 para Música Ambiente - Gateway Zigbee Tuya 8 Canais,3256809349474834,"Smart 4.3""/7 Inch Touch Screen Video Intercom Indoor Unit, POE...",58.54,327.82,5.0,Estabelecida,12,https://www.aliexpress.us/item/3256809349474834.html
Painel de Controle Touch 7 Polegadas 2026 para Música Ambiente - Gateway Zigbee Tuya 8 Canais,3256808881149324,Support Tuya App WIFI 7/10in Video Doorbell Intercom Kits 1080...,121.26,679.06,4.6,Estabelecida,197,https://www.aliexpress.us/item/3256808881149324.html
Painel de Controle Touch 7 Polegadas 2026 para Música Ambiente - Gateway Zigbee Tuya 8 Canais,3256808677549023,android 11 7inch  IPS WIFI SD card mini USB online video music...,253.3,1418.48,0.0,Nova,15,https://www.aliexpress.us/item/3256808677549023.html
Painel de Controle Touch 7 Polegadas 2026 para Música Ambiente - Gateway Zigbee Tuya 8 Canais,3256809380903182,ANJIELO 1080P Tuya 7&10 Inch Touch 2-Wire Doorbell Video Inter...,184.97,1035.83,5.0,Estabelecida,19,https://www.aliexpress.us/item/3256809380903182.html
Painel de Controle Touch 7 Polegadas 2026 para Música Ambiente - Gateway Zigbee Tuya 8 Canais,3256808566805203,KERUI 4G/WiFi GSM Home Alarm with 7-inch IPS Large Touch Scree...,0.99,5.54,4.6,Estabelecida,207,https://www.aliexpress.us/item/3256808566805203.html
Painel de Controle Touch 7 Polegadas 2026 para Música Ambiente - Gateway Zigbee Tuya 8 Canais,3256809221199972,Samkoon IoT HMI Touch Screen 7 inch Remote Control Wi-Fi/4G Hu...,40.74,228.14,5.0,Estabelecida,56,https://www.aliexpress.us/item/3256809221199972.html
Painel de Controle Touch 7 Polegadas 2026 para Música Ambiente - Gateway Zigbee Tuya 8 Canais,3256809848172879,Home 2 Zone Audio Inwall Amplifier 7 Inch Android 11 Alexa Voi...,316.93,1774.81,4.8,Estabelecida,75,https://www.aliexpress.us/item/3256809848172879.html
Painel de Controle Touch 7 Polegadas 2026 para Música Ambiente - Gateway Zigbee Tuya 8 Canais,3256812591120804,Smart Digital Calendar 27inch Large Screen Family Planner Elec...,476.43,2668.01,0.0,Nova,1,https://www.aliexpress.us/item/3256812591120804.html
Painel de Controle Touch 7 Polegadas 2026 para Música Ambiente - Gateway Zigbee Tuya 8 Canais,3256808858843862,7th Generation Tuya Smart Life Roller Shutter Touch Panel Swit...,8.47,47.43,4.9,Estabelecida,2,https://www.aliexpress.us/item/3256808858843862.html
Painel de Controle Touch 7 Polegadas 2026 para Música Ambiente - Gateway Zigbee Tuya 8 Canais,3256807606021455,ESP32-S3 HMI  8M PSRAM 16M Flash Arduino LVGL WIFI&Bluetooth  ...,27.13,151.93,4.9,Estabelecida,1,https://www.aliexpress.us/item/3256807606021455.html
Painel de Controle Touch 7 Polegadas 2026 para Música Ambiente - Gateway Zigbee Tuya 8 Canais,3256807353655948,EMTRA Backlit Backlight Bluetooth Keyboard Mouse For IOS Andro...,16.33,91.45,4.9,Estabelecida,1,https://www.aliexpress.us/item/3256807353655948.html
Painel de Controle Touch 7 Polegadas 2026 para Música Ambiente - Gateway Zigbee Tuya 8 Canais,3256810529437572,Customized IP22 Automatic On/Off Cabinet LED Light Controller ...,0.99,5.54,0.0,Nova,1,https://www.aliexpress.us/item/3256810529437572.html
Painel de Controle Touch 7 Polegadas 2026 para Música Ambiente - Gateway Zigbee Tuya 8 Canais,3256809298074989,BN59 01199F Universal Remote Control For Samsung SMART TV Comp...,0.99,5.54,4.7,Estabelecida,130,https://www.aliexpress.us/item/3256809298074989.html
Painel de Controle Touch 7 Polegadas 2026 para Música Ambiente - Gateway Zigbee Tuya 8 Canais,3256811842172861,Tuya WiFi Smart roller shutter switch US/EU/UK wireless Timer ...,10.82,60.59,0.0,Nova,2,https://www.aliexpress.us/item/3256811842172861.html
Painel de Controle Touch 7 Polegadas 2026 para Música Ambiente - Gateway Zigbee Tuya 8 Canais,3256806810913711,1/2/3 piece set of luminous silicone remote control with rope ...,0.33,1.85,4.9,Estabelecida,10,https://www.aliexpress.us/item/3256806810913711.html
Painel de Controle Touch 7 Polegadas 2026 para Música Ambiente - Gateway Zigbee Tuya 8 Canais,3256809325398582,Android Tracker Smart Card Rechargeable Locator Work with Goog...,3.93,22.01,4.6,Estabelecida,374,https://www.aliexpress.us/item/3256809325398582.html
Painel de Controle Touch 7 Polegadas 2026 para Música Ambiente - Gateway Zigbee Tuya 8 Canais,3256809979921701,Android Tracker Long-Distance Finder Portable Anti-lost Device...,0.99,5.54,4.7,Estabelecida,355,https://www.aliexpress.us/item/3256809979921701.html
Painel de Controle Touch 7 Polegadas 2026 para Música Ambiente - Gateway Zigbee Tuya 8 Canais,3256809941483668,Type-C Portable Long-Distance Tracker Positioning Far Away Fin...,0.99,5.54,4.9,Estabelecida,171,https://www.aliexpress.us/item/3256809941483668.html
Painel de Controle Touch 7 Polegadas 2026 para Música Ambiente - Gateway Zigbee Tuya 8 Canais,3256812564863432,RF 433Mhz Wireless Remote Control Light Switch 10A Relay Contr...,0.99,5.54,0.0,Nova,1,https://www.aliexpress.us/item/3256812564863432.html
Painel de Controle Touch 7 Polegadas 2026 para Música Ambiente - Gateway Zigbee Tuya 8 Canais,3256812234786538,7 Inch Double Din Car MP5 Player HD Touch Screen Car Stereo Bl...,28.7,160.72,5.0,Estabelecida,3,https://www.aliexpress.us/item/3256812234786538.html
Painel de Controle Touch 7 Polegadas 2026 para Música Ambiente - Gateway Zigbee Tuya 8 Canais,3256807022969868,MOES New WiFi RF IR Universal Remote Controller RF Appliances ...,4.38,24.53,5.0,Estabelecida,8,https://www.aliexpress.us/item/3256807022969868.html
Painel de Controle Touch 7 Polegadas 2026 para Música Ambiente - Gateway Zigbee Tuya 8 Canais,3256806179999755,For Samsung Smart Remote Control Replacement HD 4K Smart TV BN...,2.79,15.62,4.6,Estabelecida,4,https://www.aliexpress.us/item/3256806179999755.html
"Analisador de Qualidade da Água para Piscina, Banheira e Aquário",3256812330394287,Smart WiFi Floating Water Quality Tester Monitor 8-In-1 PH Chl...,153.89,861.78,0.0,Nova,2,https://www.aliexpress.us/item/3256812330394287.html
"Analisador de Qualidade da Água para Piscina, Banheira e Aquário",3256812116546628,Yieryi YY-1108 3 In 1 Pool Water Quality Analyzer Ph Free Chlo...,220.94,1237.26,0.0,Nova,0,https://www.aliexpress.us/item/3256812116546628.html
"Analisador de Qualidade da Água para Piscina, Banheira e Aquário",3256812605874236,Yieryi 10 In 1 Water Quality Tester Rechargeable PH TDS EC Sal...,36.23,202.89,0.0,Nova,9,https://www.aliexpress.us/item/3256812605874236.html
"Analisador de Qualidade da Água para Piscina, Banheira e Aquário",3256806983328097,PH Meter 0.01 High Precision for Water Quality Tester with 0-1...,1.33,7.45,4.9,Estabelecida,5,https://www.aliexpress.us/item/3256806983328097.html
"Analisador de Qualidade da Água para Piscina, Banheira e Aquário",3256812121052093,3-in-1 Digital Water Quality Analyzer PH FAC Residual Total Ch...,142.66,798.9,0.0,Nova,4,https://www.aliexpress.us/item/3256812121052093.html
"Analisador de Qualidade da Água para Piscina, Banheira e Aquário",3256807972215862,TDS Meter Digital Water Tester 0-9990ppm Drinking Water Qualit...,0.33,1.85,4.9,Estabelecida,235,https://www.aliexpress.us/item/3256807972215862.html
"Analisador de Qualidade da Água para Piscina, Banheira e Aquário",3256806984027960,Multifunction Water Quality Tester PH/ TDS/EC /Salinity Tester...,9.68,54.21,4.9,Estabelecida,5,https://www.aliexpress.us/item/3256806984027960.html
"Analisador de Qualidade da Água para Piscina, Banheira e Aquário",3256811531801821,GA Tuya Wifi 3-in-1 Aquarium PH Controller EC Temperature Mete...,80.44,450.46,4.9,Estabelecida,134,https://www.aliexpress.us/item/3256811531801821.html
"Analisador de Qualidade da Água para Piscina, Banheira e Aquário",3256812035537316,1/3 Pcs Portable LCD Digital TDS Water Quality Tester Water Te...,2.33,13.05,4.9,Estabelecida,1,https://www.aliexpress.us/item/3256812035537316.html
"Analisador de Qualidade da Água para Piscina, Banheira e Aquário",3256801809422951,PH Meter & TDS Meter Digital Water Quality Tester 0-14 PH Mete...,0.99,5.54,4.7,Estabelecida,900,https://www.aliexpress.us/item/3256801809422951.html
"Analisador de Qualidade da Água para Piscina, Banheira e Aquário",3256809197871967,PH Meter Aquarium Pocket Pen 0.01 High Precision for Water Qua...,0.99,5.54,5.0,Estabelecida,46,https://www.aliexpress.us/item/3256809197871967.html
"Analisador de Qualidade da Água para Piscina, Banheira e Aquário",3256812491511211,Zigbee 7-in-1 Water Quality Tester TDS/EC/SG/Temp Salinity det...,18.05,101.08,5.0,Estabelecida,77,https://www.aliexpress.us/item/3256812491511211.html
"Analisador de Qualidade da Água para Piscina, Banheira e Aquário",3256808533083395,LCD Digital Water Quality Monitor 2 in 1 PH&TDS Tester 0-14pH ...,41.66,233.3,5.0,Estabelecida,5,https://www.aliexpress.us/item/3256808533083395.html
"Analisador de Qualidade da Água para Piscina, Banheira e Aquário",3256808473921888,Digital TDS EC Temp Meter Water Quality Test Pen for Aquarium ...,1.33,7.45,4.9,Estabelecida,2,https://www.aliexpress.us/item/3256808473921888.html
"Analisador de Qualidade da Água para Piscina, Banheira e Aquário",3256807327489276,Tuya Bluetooth 5 in 1 PH Temperature TDS EC CF Meter Digital P...,31.21,174.78,4.5,Estabelecida,86,https://www.aliexpress.us/item/3256807327489276.html
"Analisador de Qualidade da Água para Piscina, Banheira e Aquário",3256808913889031,Portable Iron Ion Meter TFe Analyzer Water Iron Tester Heavy M...,376.07,2105.99,0.0,Nova,1,https://www.aliexpress.us/item/3256808913889031.html
"Analisador de Qualidade da Água para Piscina, Banheira e Aquário",3256812050559400,Tuya Wifi Water Quality Tester WiFi Smart Online PH OPR Contro...,89.39,500.58,0.0,Nova,2,https://www.aliexpress.us/item/3256812050559400.html
"Analisador de Qualidade da Água para Piscina, Banheira e Aquário",3256806760628909,Yieryi 5 in 1 Salinity Meter PH Water Quality Tester Digital E...,34.73,194.49,0.0,Nova,9,https://www.aliexpress.us/item/3256806760628909.html
"Analisador de Qualidade da Água para Piscina, Banheira e Aquário",3256812564953594,YAGO 8 in 1 Water Quality Tester pH TDS EC Salinity ORP SG CL ...,32.1,179.76,0.0,Nova,7,https://www.aliexpress.us/item/3256812564953594.html
"Analisador de Qualidade da Água para Piscina, Banheira e Aquário",3256808480173340,Chlorine Tester Pool Chlorine Tester PC‑102 CL2 Chlorine &amp ...,32.99,184.74,4.9,Estabelecida,500,https://www.aliexpress.us/item/3256808480173340.html
"Analisador de Qualidade da Água para Piscina, Banheira e Aquário",3256812655496337,TDS Meter LCD Digital Water Tester 0-9990ppm Drinking Water Qu...,1.73,9.69,0.0,Nova,0,https://www.aliexpress.us/item/3256812655496337.html
"Analisador de Qualidade da Água para Piscina, Banheira e Aquário",3256811718641768,PH-98103 Digital PH Meter ATC Water Quality Detector Portable ...,18.24,102.14,5.0,Estabelecida,4,https://www.aliexpress.us/item/3256811718641768.html
"Analisador de Qualidade da Água para Piscina, Banheira e Aquário",3256810213418568,7-in-1 Water Quality Tester TDS/EC/SAL/S.G/Temp/PH/ORP/SG for ...,26.26,147.06,4.8,Estabelecida,73,https://www.aliexpress.us/item/3256810213418568.html
"Analisador de Qualidade da Água para Piscina, Banheira e Aquário",3256806437312090,Digital Chlorine Meter PH Tester 7 In 1 SALT/ ORP/ TDS/EC/TEMP...,25.65,143.64,4.6,Estabelecida,416,https://www.aliexpress.us/item/3256806437312090.html
"Analisador de Qualidade da Água para Piscina, Banheira e Aquário",3256811628819195,PH Meter & TDS Meter Digital Water Quality Tester 0-14 PH Mete...,0.99,5.54,5.0,Estabelecida,6,https://www.aliexpress.us/item/3256811628819195.html
"Analisador de Qualidade da Água para Piscina, Banheira e Aquário",3256809145637503,6 in1 Water Quality Detector PH EC TDS ORP CL Temperature Cali...,39.06,218.74,5.0,Estabelecida,21,https://www.aliexpress.us/item/3256809145637503.html
"Analisador de Qualidade da Água para Piscina, Banheira e Aquário",3256803648869663,Digital PH-2 Pro PH Meter 0.01 Tester Pen Water PH Test -2.00-...,19.63,109.93,4.5,Estabelecida,153,https://www.aliexpress.us/item/3256803648869663.html
"Analisador de Qualidade da Água para Piscina, Banheira e Aquário",3256811979238233,Online Pool Water Monitor Tuya WiFi Floating Water Quality Tes...,114.84,643.1,4.8,Estabelecida,98,https://www.aliexpress.us/item/3256811979238233.html
"Analisador de Qualidade da Água para Piscina, Banheira e Aquário",3256809344904794,5 in 1 Digital Water Tester PH/TDS/EC/Salt/Temperature Meter f...,19.27,107.91,4.8,Estabelecida,75,https://www.aliexpress.us/item/3256809344904794.html
"Analisador de Qualidade da Água para Piscina, Banheira e Aquário",3256811375274220,PH Meter Digital PH Tester 0.01 High Accuracy PH Meter for Wat...,1.89,10.58,4.9,Estabelecida,237,https://www.aliexpress.us/item/3256811375274220.html
"Analisador de Qualidade da Água para Piscina, Banheira e Aquário",3256808506025945,PH measuring instrument 0.01high precision for water quality t...,5.41,30.3,4.9,Estabelecida,97,https://www.aliexpress.us/item/3256808506025945.html
"Analisador de Qualidade da Água para Piscina, Banheira e Aquário",3256812642826721,7-in-1 Tuya Wifi Solar Floating Swimming Pool Water Quality Te...,96.5,540.4,0.0,Nova,0,https://www.aliexpress.us/item/3256812642826721.html
"Analisador de Qualidade da Água para Piscina, Banheira e Aquário",3256812609297323,Water Test Strips Water Quality Testing Kit PH Alkalinity Hard...,0.99,5.54,0.0,Nova,1,https://www.aliexpress.us/item/3256812609297323.html
"Analisador de Qualidade da Água para Piscina, Banheira e Aquário",3256810180701660,7-in-1 Floating Intelligent Chlorin Meter USB/Solar PH/ORP/EC/...,304.49,1705.14,5.0,Estabelecida,3,https://www.aliexpress.us/item/3256810180701660.html
"Analisador de Qualidade da Água para Piscina, Banheira e Aquário",3256811719279475,High Precision PH Meter Pen 0-14 PH Analyzer LCD Digital Acidi...,18.15,101.64,0.0,Nova,5,https://www.aliexpress.us/item/3256811719279475.html
"Sistema de Música Ambiente Smart Home 10 Polegadas com 2 Zonas - Tuya, Zigbee e Google Play",3256808864262058,10 Inch Tuya Smart Home Central Control Panel 2 Zone 4+32G  Zi...,525.47,2942.63,0.0,Nova,2,https://www.aliexpress.us/item/3256808864262058.html
"Sistema de Música Ambiente Smart Home 10 Polegadas com 2 Zonas - Tuya, Zigbee e Google Play",3256808448572374,10' TUYA Smart Home Audio System ZIGBEE Gateway 2 Zone Audio I...,421.38,2359.73,4.5,Estabelecida,8,https://www.aliexpress.us/item/3256808448572374.html
"Sistema de Música Ambiente Smart Home 10 Polegadas com 2 Zonas - Tuya, Zigbee e Google Play",3256810218869791,2 Zone Playback TUYA Smart Home Amplifier 4Zone Control Panel ...,685.39,3838.18,0.0,Nova,4,https://www.aliexpress.us/item/3256810218869791.html
"Sistema de Música Ambiente Smart Home 10 Polegadas com 2 Zonas - Tuya, Zigbee e Google Play",3256807670937409,NexusClick Wireless Bluetooth Keyboard Compatible with iPad 10...,4.59,25.7,4.9,Estabelecida,1,https://www.aliexpress.us/item/3256807670937409.html
"Sistema de Música Ambiente Smart Home 10 Polegadas com 2 Zonas - Tuya, Zigbee e Google Play",3256811827494183,Portable Subwoofer Bluetooth Speakers Outdoor Stereo Surround ...,5.33,29.85,4.9,Estabelecida,5,https://www.aliexpress.us/item/3256811827494183.html
"Sistema de Música Ambiente Smart Home 10 Polegadas com 2 Zonas - Tuya, Zigbee e Google Play",3256809729952293,Lenovo C02 Multimedia Speaker Bluetooth Speaker Wired/Bluetoot...,27.59,154.5,4.9,Estabelecida,5,https://www.aliexpress.us/item/3256809729952293.html
"Sistema de Música Ambiente Smart Home 10 Polegadas com 2 Zonas - Tuya, Zigbee e Google Play",3256806810039789,10 lnch Wireless  Bluetooth Mini Keyboard For iPad Phone Table...,2.49,13.94,4.9,Estabelecida,10,https://www.aliexpress.us/item/3256806810039789.html
"Sistema de Música Ambiente Smart Home 10 Polegadas com 2 Zonas - Tuya, Zigbee e Google Play",3256811952352473,TRIMUI SMART PRO S Open Source Linux Portable Gaming Console 4...,95.78,536.37,5.0,Estabelecida,10,https://www.aliexpress.us/item/3256811952352473.html
"Sistema de Música Ambiente Smart Home 10 Polegadas com 2 Zonas - Tuya, Zigbee e Google Play",3256810532124928,"Touch Dimmer COB LED Strip Light, No Hole Install, Penetrate W...",10.99,61.54,4.6,Estabelecida,600,https://www.aliexpress.us/item/3256810532124928.html
"Sistema de Música Ambiente Smart Home 10 Polegadas com 2 Zonas - Tuya, Zigbee e Google Play",3256809702034697,Zigbee / WIFI 2 Channel Switch Two Relay 12V 24V 220V Module D...,0.99,5.54,4.9,Estabelecida,700,https://www.aliexpress.us/item/3256809702034697.html
"Sistema de Música Ambiente Smart Home 10 Polegadas com 2 Zonas - Tuya, Zigbee e Google Play",3256812262388469,Work With Tuya Wifi/Zigbee Electric Curtain Shutter Motor With...,47.06,263.54,0.0,Nova,2,https://www.aliexpress.us/item/3256812262388469.html
"Sistema de Música Ambiente Smart Home 10 Polegadas com 2 Zonas - Tuya, Zigbee e Google Play",3256810301089561,5v Smart RGB Neon Light Strip USB App/Remote Control Music Syn...,0.99,5.54,4.9,Estabelecida,1,https://www.aliexpress.us/item/3256810301089561.html
"Sistema de Música Ambiente Smart Home 10 Polegadas com 2 Zonas - Tuya, Zigbee e Google Play",3256806670037365,Computer Speakers PC Sound Box HIFI Stereo Microphone USB Wire...,5.59,31.3,4.7,Estabelecida,2,https://www.aliexpress.us/item/3256806670037365.html
"Sistema de Música Ambiente Smart Home 10 Polegadas com 2 Zonas - Tuya, Zigbee e Google Play",3256809114923816,Remote Control Large Size Ceiling Fan USB Wireless Cooling Fan...,22.69,127.06,4.7,Estabelecida,251,https://www.aliexpress.us/item/3256809114923816.html
"Sistema de Música Ambiente Smart Home 10 Polegadas com 2 Zonas - Tuya, Zigbee e Google Play",3256812606819150,Zigbee/Wifi FCU Thermostat 8 Scenes Switch Panel 2/4 Pipe Air ...,66.85,374.36,0.0,Nova,0,https://www.aliexpress.us/item/3256812606819150.html
"Sistema de Música Ambiente Smart Home 10 Polegadas com 2 Zonas - Tuya, Zigbee e Google Play",3256811770027483,Tuya DC12-48V WiFi Garage Door Opener Zigbee Gate Controller S...,11.33,63.45,4.9,Estabelecida,114,https://www.aliexpress.us/item/3256811770027483.html
"Sistema de Música Ambiente Smart Home 10 Polegadas com 2 Zonas - Tuya, Zigbee e Google Play",3256812054527794,Pop System of A Down Graphic Cotton T-shirt Unisex Summer Shor...,2.7,15.12,5.0,Estabelecida,3,https://www.aliexpress.us/item/3256812054527794.html
"Sistema de Música Ambiente Smart Home 10 Polegadas com 2 Zonas - Tuya, Zigbee e Google Play",3256807891351041,"New X2 Computer Speaker, Illuminated Desktop Laptop, Multimedi...",1.52,8.51,4.6,Estabelecida,500,https://www.aliexpress.us/item/3256807891351041.html
"Sistema de Música Ambiente Smart Home 10 Polegadas com 2 Zonas - Tuya, Zigbee e Google Play",3256810079623710,Smart Pixel LED Display Panel Digital Screen Matrix Programmab...,10.23,57.29,4.9,Estabelecida,158,https://www.aliexpress.us/item/3256810079623710.html
"Sistema de Música Ambiente Smart Home 10 Polegadas com 2 Zonas - Tuya, Zigbee e Google Play",3256807577670459,Alexa Smart Switch Zigbee Smart Home 2/1 Channels 220V 7-32V 8...,1.85,10.36,5.0,Estabelecida,17,https://www.aliexpress.us/item/3256807577670459.html
"Sistema de Música Ambiente Smart Home 10 Polegadas com 2 Zonas - Tuya, Zigbee e Google Play",3256812366388540,Rare System of A Down Graphic Cotton T-shirt Unisex Summer Sho...,2.81,15.74,0.0,Nova,4,https://www.aliexpress.us/item/3256812366388540.html
"Sistema de Música Ambiente Smart Home 10 Polegadas com 2 Zonas - Tuya, Zigbee e Google Play",3256804898008905,SERVO BM10 Mini Mobile Phone 2 SIM Card Bluetooth Earphone Voi...,8.33,46.65,4.6,Estabelecida,1,https://www.aliexpress.us/item/3256804898008905.html
"Sistema de Música Ambiente Smart Home 10 Polegadas com 2 Zonas - Tuya, Zigbee e Google Play",3256812537584167,[Brand+] New SATA M2 2280 SSD High Speed Read Write Internal S...,90.83,508.65,5.0,Estabelecida,2,https://www.aliexpress.us/item/3256812537584167.html
"Sistema de Música Ambiente Smart Home 10 Polegadas com 2 Zonas - Tuya, Zigbee e Google Play",3256812180215418,Wifi Touch Center Control Panel，Tuya Screen， Bulid in Alexa Vo...,178.06,997.14,0.0,Nova,0,https://www.aliexpress.us/item/3256812180215418.html
"Sistema de Música Ambiente Smart Home 10 Polegadas com 2 Zonas - Tuya, Zigbee e Google Play",3256811595009984,TAWOIA ZigBee Touch Screen Electric Floor Heating Water Boiler...,29.61,165.82,0.0,Nova,13,https://www.aliexpress.us/item/3256811595009984.html
"Sistema de Música Ambiente Smart Home 10 Polegadas com 2 Zonas - Tuya, Zigbee e Google Play",3256811919458208,6 Inch Popular New type Tuya Smart Control Panel Zigbee Gatewa...,206.97,1159.03,0.0,Nova,0,https://www.aliexpress.us/item/3256811919458208.html
"Sistema de Música Ambiente Smart Home 10 Polegadas com 2 Zonas - Tuya, Zigbee e Google Play",3256808377852645,Zigbee Smart Switch 2 Channels Module 85-250V 7-32V 220V Smart...,3.25,18.2,5.0,Estabelecida,19,https://www.aliexpress.us/item/3256808377852645.html
"Sistema de Música Ambiente Smart Home 10 Polegadas com 2 Zonas - Tuya, Zigbee e Google Play",3256811909316803,Unmanned Aerial Vehicle Silent Ceiling Fan Light Remote Contro...,23.39,130.98,4.9,Estabelecida,1,https://www.aliexpress.us/item/3256811909316803.html
"Sistema de Música Ambiente Smart Home 10 Polegadas com 2 Zonas - Tuya, Zigbee e Google Play",3256808529342896,Steering Wheel Remote Control 10 Keys Wireless Multi-function ...,9.1,50.96,4.9,Estabelecida,700,https://www.aliexpress.us/item/3256808529342896.html
"Sistema de Música Ambiente Smart Home 10 Polegadas com 2 Zonas - Tuya, Zigbee e Google Play",3256808987902447,Portable Wall-Hanging Fan With Remote Control Smart Voice Rech...,32.05,179.48,4.8,Estabelecida,1,https://www.aliexpress.us/item/3256808987902447.html
"Sistema de Música Ambiente Smart Home 10 Polegadas com 2 Zonas - Tuya, Zigbee e Google Play",3256808218431448,1 Pc 4R 5W Portable Audio Full Range Speaker Driver 3Ohm 5W 53...,0.99,5.54,4.9,Estabelecida,387,https://www.aliexpress.us/item/3256808218431448.html
"Sistema de Música Ambiente Smart Home 10 Polegadas com 2 Zonas - Tuya, Zigbee e Google Play",3256812604639861,TUYA WIFI/Zigbee Temperature Humdity Sensor Probe Temp Detecti...,0.99,5.54,0.0,Nova,1,https://www.aliexpress.us/item/3256812604639861.html
"Sistema de Música Ambiente Smart Home 10 Polegadas com 2 Zonas - Tuya, Zigbee e Google Play",3256812560725351,MOES Tuya WiFi Smart Desktop Center Control Panel Zigbee Bluet...,359.09,2010.9,0.0,Nova,0,https://www.aliexpress.us/item/3256812560725351.html
"Sistema de Música Ambiente Smart Home 10 Polegadas com 2 Zonas - Tuya, Zigbee e Google Play",3256804897860926,Ainavi Car Multimedia For Toyota Corolla 2019-2026 E210 Wirele...,129.16,723.3,4.5,Estabelecida,152,https://www.aliexpress.us/item/3256804897860926.html
"Rastreador GPS Portátil em Tempo Real para Bike, Pets e Crianças - Anti-Furto",3256806984797807,Mini Gf-07 Gps Tracker Car Bike Bicycle Pets Children Real Tim...,4.25,23.8,4.9,Estabelecida,1,https://www.aliexpress.us/item/3256806984797807.html
"Rastreador GPS Portátil em Tempo Real para Bike, Pets e Crianças - Anti-Furto",3256810467008969,Mini GPS Tracker For Apple iOS System Find My APP AirTag Child...,0.99,5.54,4.9,Estabelecida,1,https://www.aliexpress.us/item/3256810467008969.html
"Rastreador GPS Portátil em Tempo Real para Bike, Pets e Crianças - Anti-Furto",3256806491670188,Smart Bluetooth GPS Tracker Work with Apple Find My APP ITag A...,0.33,1.85,4.9,Estabelecida,10,https://www.aliexpress.us/item/3256806491670188.html
"Rastreador GPS Portátil em Tempo Real para Bike, Pets e Crianças - Anti-Furto",3256811824890354,Android IOS Dual System Smart Tracker Work with Apple Find My ...,5.5,30.8,4.9,Estabelecida,5,https://www.aliexpress.us/item/3256811824890354.html
"Rastreador GPS Portátil em Tempo Real para Bike, Pets e Crianças - Anti-Furto",3256810455731309,GPS Tracker for Hiking Backpacking Outdoor Adventures Real Tim...,0.99,5.54,4.9,Estabelecida,212,https://www.aliexpress.us/item/3256810455731309.html
"Rastreador GPS Portátil em Tempo Real para Bike, Pets e Crianças - Anti-Furto",3256810520359909,1-4PCS Mini GPS Locator Android Anti-Lost Alarm Google Find Hu...,11.79,66.02,4.9,Estabelecida,468,https://www.aliexpress.us/item/3256810520359909.html
"Rastreador GPS Portátil em Tempo Real para Bike, Pets e Crianças - Anti-Furto",3256811739853509,Smart Bluetooth GPS Tracker MFi Certified Anti Lost Locator fo...,0.99,5.54,5.0,Estabelecida,8,https://www.aliexpress.us/item/3256811739853509.html
"Rastreador GPS Portátil em Tempo Real para Bike, Pets e Crianças - Anti-Furto",3256811406931888,GPS Tracker Key Finder Wallet Locator Anti Lost Device Smart B...,20.33,113.85,4.5,Estabelecida,59,https://www.aliexpress.us/item/3256811406931888.html
"Rastreador GPS Portátil em Tempo Real para Bike, Pets e Crianças - Anti-Furto",3256809680475623,Mini GF10 GPS Car Tracker Real Time Tracking Anti-Theft Anti-l...,0.99,5.54,5.0,Estabelecida,54,https://www.aliexpress.us/item/3256809680475623.html
"Rastreador GPS Portátil em Tempo Real para Bike, Pets e Crianças - Anti-Furto",3256812556715797,Mini Smart Anti-Lost Tracker Reminder For Pets Kids Bag Wallet...,8.14,45.58,4.9,Estabelecida,5,https://www.aliexpress.us/item/3256812556715797.html
"Rastreador GPS Portátil em Tempo Real para Bike, Pets e Crianças - Anti-Furto",3256810516333800,GF08 Mini Portable GPS Tracker Vehicle GPS Locator Anti-lost G...,6.87,38.47,0.0,Nova,1,https://www.aliexpress.us/item/3256810516333800.html
"Rastreador GPS Portátil em Tempo Real para Bike, Pets e Crianças - Anti-Furto",3256809902768248,Bluetooth Mini Tracking Device For Apple Find My APP Smart Tag...,10.76,60.26,4.9,Estabelecida,1,https://www.aliexpress.us/item/3256809902768248.html
"Rastreador GPS Portátil em Tempo Real para Bike, Pets e Crianças - Anti-Furto",3256810061781972,Mini Android GPS Tracker Tag Google Find Anti Loss Global Posi...,0.99,5.54,5.0,Estabelecida,17,https://www.aliexpress.us/item/3256810061781972.html
"Rastreador GPS Portátil em Tempo Real para Bike, Pets e Crianças - Anti-Furto",3256809401772941,IOS GPS Tracker Smart Tags Bluetooth Search Tracking Locator a...,0.99,5.54,5.0,Estabelecida,13,https://www.aliexpress.us/item/3256809401772941.html
"Rastreador GPS Portátil em Tempo Real para Bike, Pets e Crianças - Anti-Furto",3256811937470512,Real-Time GPS Asset Tracker Magnetic Locator with 7500mAh Batt...,15.3,85.68,4.8,Estabelecida,51,https://www.aliexpress.us/item/3256811937470512.html
"Rastreador GPS Portátil em Tempo Real para Bike, Pets e Crianças - Anti-Furto",3256812612723325,GPS Tracker For Android Finder Google Find My Airtag Finder Po...,1.82,10.19,0.0,Nova,1,https://www.aliexpress.us/item/3256812612723325.html
"Rastreador GPS Portátil em Tempo Real para Bike, Pets e Crianças - Anti-Furto",3256811434850162,"Airtag is compatible with Apple IOS phone, Find My, Bluetooth ...",1.07,5.99,4.6,Estabelecida,500,https://www.aliexpress.us/item/3256811434850162.html
"Rastreador GPS Portátil em Tempo Real para Bike, Pets e Crianças - Anti-Furto",3256812092532258,3Yrs Magnetic GPS Tracker Replaceable Battery No Recurring Cha...,23.01,128.86,0.0,Nova,9,https://www.aliexpress.us/item/3256812092532258.html
"Rastreador GPS Portátil em Tempo Real para Bike, Pets e Crianças - Anti-Furto",3256809937960338,Mini Tracking Device For Apple Find My Key Smart iTag Child Fi...,1.2,6.72,5.0,Estabelecida,28,https://www.aliexpress.us/item/3256809937960338.html
"Rastreador GPS Portátil em Tempo Real para Bike, Pets e Crianças - Anti-Furto",3256808531227446,MiLi MiTag Smart GPS Tracker Bluetooth Locator For Android Wor...,1.78,9.97,4.8,Estabelecida,2,https://www.aliexpress.us/item/3256808531227446.html
"Rastreador GPS Portátil em Tempo Real para Bike, Pets e Crianças - Anti-Furto",3256812193693606,Mini Bluetooth GPS Tracker For Apple Find  Anti Lose Reminder ...,7.24,40.54,0.0,Nova,2,https://www.aliexpress.us/item/3256812193693606.html
"Rastreador GPS Portátil em Tempo Real para Bike, Pets e Crianças - Anti-Furto",3256812472873979,Mini Gf-07 Gps Tracker Car Bike Bicycle Pets Children Real Tim...,4.2,23.52,0.0,Nova,5,https://www.aliexpress.us/item/3256812472873979.html
"Rastreador GPS Portátil em Tempo Real para Bike, Pets e Crianças - Anti-Furto",2255800036123240,No Subscription Fee DAGPS Magnetic GPS Tracker Locator Tk202 f...,29.0,162.4,0.0,Nova,87,https://www.aliexpress.us/item/2255800036123240.html
"Rastreador GPS Portátil em Tempo Real para Bike, Pets e Crianças - Anti-Furto",3256812556630823,Lenovo Remote Pet GPS Tracker Real-Time Tracking Movement Aler...,3.31,18.54,5.0,Estabelecida,112,https://www.aliexpress.us/item/3256812556630823.html
"Rastreador GPS Portátil em Tempo Real para Bike, Pets e Crianças - Anti-Furto",3256807783279161,4G GPS Tracker Mini Real Time Car Tracking Device Vehicle Kids...,27.43,153.61,4.8,Estabelecida,47,https://www.aliexpress.us/item/3256807783279161.html
"Rastreador GPS Portátil em Tempo Real para Bike, Pets e Crianças - Anti-Furto",3256812561261260,Mini GF07 GPS Tracker Magnetic Car Locator Anti Theft Alarm Tr...,0.99,5.54,0.0,Nova,2,https://www.aliexpress.us/item/3256812561261260.html
Interruptor de Parede Inteligente Tuya WiFi US - 1 a 4 Botões com Sensor Touch e Voz,1005007057217448,Tuya US WiFi+Bluetooth Smart Wall Switch RF433 1/2/3/4 Gang Sm...,6.3,35.28,4.7,Estabelecida,1,https://www.aliexpress.us/item/1005007057217448.html
Interruptor de Parede Inteligente Tuya WiFi US - 1 a 4 Botões com Sensor Touch e Voz,1005008660199674,Tuya WiFi Smart Light Switch Smart Home Wireless RF 433mhz Pus...,2.3,12.88,4.9,Estabelecida,10,https://www.aliexpress.us/item/1005008660199674.html
Interruptor de Parede Inteligente Tuya WiFi US - 1 a 4 Botões com Sensor Touch e Voz,1005007862548986,ANDELI Tuya EU US  Israe WiFi Smart Water Heater Boiler Switch...,8.31,46.54,4.8,Estabelecida,1,https://www.aliexpress.us/item/1005007862548986.html
Interruptor de Parede Inteligente Tuya WiFi US - 1 a 4 Botões com Sensor Touch e Voz,1005003661583328,GIRIER Tuya Wifi Smart Dimmer Switch Module 10A Support 2 Way ...,0.99,5.54,4.9,Estabelecida,800,https://www.aliexpress.us/item/1005003661583328.html
Interruptor de Parede Inteligente Tuya WiFi US - 1 a 4 Botões com Sensor Touch e Voz,1005006995387218,AVATTO WiFi 1/2/3/4 Gang Mini Smart Switch DIY Light Switches ...,3.3,18.48,4.9,Estabelecida,10,https://www.aliexpress.us/item/1005006995387218.html
Interruptor de Parede Inteligente Tuya WiFi US - 1 a 4 Botões com Sensor Touch e Voz,1005007791704632,WIFI Smart Touch Light Wall Switch Interruptor Glass Panel 8/1...,27.2,152.32,4.9,Estabelecida,700,https://www.aliexpress.us/item/1005007791704632.html
Interruptor de Parede Inteligente Tuya WiFi US - 1 a 4 Botões com Sensor Touch e Voz,1005003013709550,ZigBee 3.0 Tuya Smart Scene Switch Push Button 1/2/3/4 Gang 3 ...,13.27,74.31,5.0,Estabelecida,243,https://www.aliexpress.us/item/1005003013709550.html
Interruptor de Parede Inteligente Tuya WiFi US - 1 a 4 Botões com Sensor Touch e Voz,1005012807783864,"AVATTO WiFi 1/2/3/4 Gang Smart Light Switch,Wireless Wall Touc...",14.51,81.26,4.9,Estabelecida,1,https://www.aliexpress.us/item/1005012807783864.html
Interruptor de Parede Inteligente Tuya WiFi US - 1 a 4 Botões com Sensor Touch e Voz,1005008226938713,Tuya ZigBee WiFi Smart Light Switch 1 2 3 4 gang 2500W Touch S...,11.38,63.73,4.7,Estabelecida,1,https://www.aliexpress.us/item/1005008226938713.html
Interruptor de Parede Inteligente Tuya WiFi US - 1 a 4 Botões com Sensor Touch e Voz,1005007198142837,"TNCE Tuya US Switch wifi zigbee, 1/2/3/4 gang, No-Neutral/Wire...",0.99,5.54,4.7,Estabelecida,5,https://www.aliexpress.us/item/1005007198142837.html
Interruptor de Parede Inteligente Tuya WiFi US - 1 a 4 Botões com Sensor Touch e Voz,1005011943315242,ANDELI EU US Israe WiFi Smart Water Heater Boiler Switch Doubl...,20.25,113.4,5.0,Estabelecida,11,https://www.aliexpress.us/item/1005011943315242.html
Interruptor de Parede Inteligente Tuya WiFi US - 1 a 4 Botões com Sensor Touch e Voz,1005008263433926,MOES Tuya Zigbee Smart Switch US Version 1-4 Gang Outgoing Gro...,16.93,94.81,4.5,Estabelecida,600,https://www.aliexpress.us/item/1005008263433926.html
Interruptor de Parede Inteligente Tuya WiFi US - 1 a 4 Botões com Sensor Touch e Voz,1005009132213845,GIRIER Tuya Smart ZigBee Wall Switch WiFi Smart Button Light S...,12.22,68.43,4.9,Estabelecida,363,https://www.aliexpress.us/item/1005009132213845.html
Interruptor de Parede Inteligente Tuya WiFi US - 1 a 4 Botões com Sensor Touch e Voz,1005007245839208,Tuya WiFi Smart Light Switch Push Button No/With Neutral Wire ...,6.56,36.74,4.8,Estabelecida,1,https://www.aliexpress.us/item/1005007245839208.html
Interruptor de Parede Inteligente Tuya WiFi US - 1 a 4 Botões com Sensor Touch e Voz,1005012279904954,WiFi Smart Switch 4*4 No Neutral 4/6 Gang Touch Light Wall Swi...,20.79,116.42,0.0,Nova,3,https://www.aliexpress.us/item/1005012279904954.html
Interruptor de Parede Inteligente Tuya WiFi US - 1 a 4 Botões com Sensor Touch e Voz,1005008190592304,Tuya Zigbee Scene Switch Zigbee Wall Switch Wireless Scene Swi...,8.89,49.78,4.6,Estabelecida,600,https://www.aliexpress.us/item/1005008190592304.html
Interruptor de Parede Inteligente Tuya WiFi US - 1 a 4 Botões com Sensor Touch e Voz,1005012372258213,Tuya Wifi Luxury Smart Diy Name Switch Supports Multi Language...,31.39,175.78,0.0,Nova,0,https://www.aliexpress.us/item/1005012372258213.html
Interruptor de Parede Inteligente Tuya WiFi US - 1 a 4 Botões com Sensor Touch e Voz,1005012678479749,"AVATTO 1/2/3/4 Gang WiFi White Smart Wall Light Switch,Wireles...",19.79,110.82,0.0,Nova,0,https://www.aliexpress.us/item/1005012678479749.html
Interruptor de Parede Inteligente Tuya WiFi US - 1 a 4 Botões com Sensor Touch e Voz,1005004627144844,ZigBee 1 2 3 4 Gang with No Neutral Smart Touch Light Switch E...,17.17,96.15,5.0,Estabelecida,60,https://www.aliexpress.us/item/1005004627144844.html
Interruptor de Parede Inteligente Tuya WiFi US - 1 a 4 Botões com Sensor Touch e Voz,1005007560266543,"TNCE Tuya Dimmer switch wifi EU/US, Neutral wire Light Switche...",0.99,5.54,4.7,Estabelecida,700,https://www.aliexpress.us/item/1005007560266543.html
Interruptor de Parede Inteligente Tuya WiFi US - 1 a 4 Botões com Sensor Touch e Voz,1005012303587512,BSEED Wifi Light Switches Smart Wall Switch 1/2/3Gang 1/2/3/4W...,12.29,68.82,5.0,Estabelecida,27,https://www.aliexpress.us/item/1005012303587512.html
Interruptor de Parede Inteligente Tuya WiFi US - 1 a 4 Botões com Sensor Touch e Voz,1005004671120161,Tuya ZigBee Smart Scene Switch Wireless Free Sticker 4 Gang Pu...,7.82,43.79,4.8,Estabelecida,800,https://www.aliexpress.us/item/1005004671120161.html
Interruptor de Parede Inteligente Tuya WiFi US - 1 a 4 Botões com Sensor Touch e Voz,1005007428518980,4CH Wifi Relay Smart Wireless Switch Module 4 Channel 7-32V 85...,0.99,5.54,4.7,Estabelecida,5,https://www.aliexpress.us/item/1005007428518980.html
Interruptor de Parede Inteligente Tuya WiFi US - 1 a 4 Botões com Sensor Touch e Voz,1005006845233630,Tuya Zigbee Smart Push Button Switches US/AU Light Wall Switch...,14.09,78.9,0.0,Nova,10,https://www.aliexpress.us/item/1005006845233630.html
Interruptor de Parede Inteligente Tuya WiFi US - 1 a 4 Botões com Sensor Touch e Voz,1005006359363157,No Neutral Tuya ZigBee 3.0 Smart Switch Module 1 2 3 4 Gang Wi...,7.8,43.68,4.9,Estabelecida,500,https://www.aliexpress.us/item/1005006359363157.html
Interruptor de Parede Inteligente Tuya WiFi US - 1 a 4 Botões com Sensor Touch e Voz,1005003040683765,"Tuya Smart Life ZigBee 3.0 Wireless Portable Pushbutton 1,2,3,...",0.99,5.54,4.9,Estabelecida,2,https://www.aliexpress.us/item/1005003040683765.html
Interruptor de Parede Inteligente Tuya WiFi US - 1 a 4 Botões com Sensor Touch e Voz,1005004494057079,Tuya Zigbee 3.0 Smart Wall Light Switch US AU 1/2/3/4 Gang Wit...,15.64,87.58,4.6,Estabelecida,107,https://www.aliexpress.us/item/1005004494057079.html
Interruptor de Parede Inteligente Tuya WiFi US - 1 a 4 Botões com Sensor Touch e Voz,1005004833628058,US AU ZigBee 3.0 Tuya Smart Life Wireless Push Button Switch W...,14.44,80.86,4.7,Estabelecida,209,https://www.aliexpress.us/item/1005004833628058.html
Interruptor de Parede Inteligente Tuya WiFi US - 1 a 4 Botões com Sensor Touch e Voz,1005012687111588,Tuya US WiFi+RF433 Smart Wall Switch 1/2/3/4 Gang Smart Touch ...,11.95,66.92,0.0,Nova,13,https://www.aliexpress.us/item/1005012687111588.html
Interruptor de Parede Inteligente Tuya WiFi US - 1 a 4 Botões com Sensor Touch e Voz,1005004986809020,MOES 4 Gang Tuya ZigBee Wireless 12 Scene Switch Push Button C...,10.54,59.02,4.8,Estabelecida,5,https://www.aliexpress.us/item/1005004986809020.html
Interruptor de Parede Inteligente Tuya WiFi US - 1 a 4 Botões com Sensor Touch e Voz,1005006411537601,Tuya WiFi Smart Light Button Switch No / With Neutral Wire Opt...,7.38,41.33,4.8,Estabelecida,600,https://www.aliexpress.us/item/1005006411537601.html
Interruptor de Parede Inteligente Tuya WiFi US - 1 a 4 Botões com Sensor Touch e Voz,1005012477388572,Tuya WiFi Bluetooth Smart Fan Light Switch US Standard Wall To...,11.74,65.74,4.5,Estabelecida,52,https://www.aliexpress.us/item/1005012477388572.html
Interruptor de Parede Inteligente Tuya WiFi US - 1 a 4 Botões com Sensor Touch e Voz,1005012411452351,Smart WiFi Light Switch 1/2/3/4 Gang US 118*75mm Tempered Glas...,8.17,45.75,4.5,Estabelecida,40,https://www.aliexpress.us/item/1005012411452351.html
Interruptor de Parede Inteligente Tuya WiFi US - 1 a 4 Botões com Sensor Touch e Voz,1005008482242388,1/2/3/4Gang 2/3 Way Zigbee Tuya Smart US Wall Light Switch Voi...,15.01,84.06,0.0,Nova,61,https://www.aliexpress.us/item/1005008482242388.html
Interruptor de Parede Inteligente Tuya WiFi US - 1 a 4 Botões com Sensor Touch e Voz,1005010129902302,Tuya Smart Wifi+RF433 Light Switch Neutral Wire Optional Touch...,12.45,69.72,4.6,Estabelecida,83,https://www.aliexpress.us/item/1005010129902302.html
Interruptor de Parede Inteligente Tuya WiFi US - 1 a 4 Botões com Sensor Touch e Voz,1005006205930167,GIRIER Tuya Smart WiFi Light Switch Module 1 2 3 4 Gang No Neu...,8.49,47.54,4.8,Estabelecida,413,https://www.aliexpress.us/item/1005006205930167.html
Interruptor de Parede Inteligente Tuya WiFi US - 1 a 4 Botões com Sensor Touch e Voz,1005010110424654,Us Smart Wifi Switches Tuya Eu 4x4 Luxury Zigbee Switch Diy Na...,61.96,346.98,4.6,Estabelecida,59,https://www.aliexpress.us/item/1005010110424654.html
Interruptor de Parede Inteligente Tuya WiFi US - 1 a 4 Botões com Sensor Touch e Voz,1005012239355004,BSEED Smart Zigbee Switches 1/2/3Gang Intelligent Touch Light ...,16.94,94.86,5.0,Estabelecida,71,https://www.aliexpress.us/item/1005012239355004.html
Interruptor de Parede Inteligente Tuya WiFi US - 1 a 4 Botões com Sensor Touch e Voz,4000416847781,Melery Wifi Smart Life Tuya Light Wall Switch Interruptor Glas...,16.34,91.5,4.6,Estabelecida,1,https://www.aliexpress.us/item/4000416847781.html
Interruptor de Parede Inteligente Tuya WiFi US - 1 a 4 Botões com Sensor Touch e Voz,1005003316964628,ANDELI WiFi Smart Boiler Switch 20A 4400w Water Heater Smart L...,13.31,74.54,4.7,Estabelecida,1,https://www.aliexpress.us/item/1005003316964628.html
Interruptor de Parede Inteligente Tuya WiFi US - 1 a 4 Botões com Sensor Touch e Voz,1005008417010010,Zemismart DIY Name Switch Zigbee Smart Touch Light US Switches...,26.25,147.0,4.9,Estabelecida,245,https://www.aliexpress.us/item/1005008417010010.html
Interruptor de Parede Inteligente Tuya WiFi US - 1 a 4 Botões com Sensor Touch e Voz,1005003068892982,Benexmart Zigbee Wireless Switch 1 2 3 4 Gangs Scene Control S...,14.28,79.97,5.0,Estabelecida,58,https://www.aliexpress.us/item/1005003068892982.html
"Interruptor e Tomada Inteligente WiFi em Vidro Touch - Tuya, Alexa e Controle Remoto",3256811919653754,MOES Smart Glass Panel Switch Smart Life/Tuya App Multi-Contro...,8.68,48.61,4.9,Estabelecida,800,https://www.aliexpress.us/item/3256811919653754.html
"Interruptor e Tomada Inteligente WiFi em Vidro Touch - Tuya, Alexa e Controle Remoto",3256803475268576,GIRIER Tuya Wifi Smart Dimmer Switch Module 10A Support 2 Way ...,0.99,5.54,4.9,Estabelecida,800,https://www.aliexpress.us/item/3256803475268576.html
"Interruptor e Tomada Inteligente WiFi em Vidro Touch - Tuya, Alexa e Controle Remoto",3256805718814977,"SRAN Smart WiFi Touch Switch, Work with Google Home/Alexa, 118...",11.81,66.14,4.9,Estabelecida,153,https://www.aliexpress.us/item/3256805718814977.html
"Interruptor e Tomada Inteligente WiFi em Vidro Touch - Tuya, Alexa e Controle Remoto",2251832660592295,BSEED EU Smart Wifi Control Power Monitor Sockets 16A 110V-250...,15.7,87.92,4.9,Estabelecida,700,https://www.aliexpress.us/item/2251832660592295.html
"Interruptor e Tomada Inteligente WiFi em Vidro Touch - Tuya, Alexa e Controle Remoto",3256809435053749,MOES 16A Tuya ZigBee Smart Socket WiFi EU Wall Embedded Glass ...,22.39,125.38,5.0,Estabelecida,32,https://www.aliexpress.us/item/3256809435053749.html
"Interruptor e Tomada Inteligente WiFi em Vidro Touch - Tuya, Alexa e Controle Remoto",3256806997815067,Tuya Smart Socket EU16A/20A Wifi Smart Plug With Power Monitor...,1.24,6.94,4.8,Estabelecida,5,https://www.aliexpress.us/item/3256806997815067.html
"Interruptor e Tomada Inteligente WiFi em Vidro Touch - Tuya, Alexa e Controle Remoto",3256808434624927,Melery Smart Tuya WiFi Dual UK Socket USB Type-C PD 20W Touch ...,27.41,153.5,5.0,Estabelecida,23,https://www.aliexpress.us/item/3256808434624927.html
"Interruptor e Tomada Inteligente WiFi em Vidro Touch - Tuya, Alexa e Controle Remoto",3256811819420280,"UBARO WiFi Smart Wall Switch with US Socket, 1/2 Gang Touch Co...",16.99,95.14,4.9,Estabelecida,62,https://www.aliexpress.us/item/3256811819420280.html
"Interruptor e Tomada Inteligente WiFi em Vidro Touch - Tuya, Alexa e Controle Remoto",3256807676234234,ANDELI Tuya EU US  Israe WiFi Smart Water Heater Boiler Switch...,3.24,18.14,4.8,Estabelecida,1,https://www.aliexpress.us/item/3256807676234234.html
"Interruptor e Tomada Inteligente WiFi em Vidro Touch - Tuya, Alexa e Controle Remoto",3256805298442912,Melery Brazil 10A WiFi Smart Wall Socket USB Tuya Electrical P...,20.28,113.57,4.9,Estabelecida,56,https://www.aliexpress.us/item/3256805298442912.html
"Interruptor e Tomada Inteligente WiFi em Vidro Touch - Tuya, Alexa e Controle Remoto",3256806675359124,Smart Life Wifi EU Sockets 16A Power Monitor Outlet 110V-250V ...,18.08,101.25,4.9,Estabelecida,2,https://www.aliexpress.us/item/3256806675359124.html
"Interruptor e Tomada Inteligente WiFi em Vidro Touch - Tuya, Alexa e Controle Remoto",3256809590611504,BSEED Zigbee Touch Switch Function Part Glass Panel Smart Dimm...,6.12,34.27,4.8,Estabelecida,1,https://www.aliexpress.us/item/3256809590611504.html
"Interruptor e Tomada Inteligente WiFi em Vidro Touch - Tuya, Alexa e Controle Remoto",3256809397250405,"ANDELI Tuya WiFi Smart Light Switch Israel, Neutral Wire + No ...",14.22,79.63,4.7,Estabelecida,160,https://www.aliexpress.us/item/3256809397250405.html
"Interruptor e Tomada Inteligente WiFi em Vidro Touch - Tuya, Alexa e Controle Remoto",3256809233571794,MOES Tuya WiFi US Star Feather Switch Smart Air Touch AG Glass...,43.63,244.33,4.5,Estabelecida,185,https://www.aliexpress.us/item/3256809233571794.html
"Interruptor e Tomada Inteligente WiFi em Vidro Touch - Tuya, Alexa e Controle Remoto",3256808556144643,Coswall Israel Wall Socket with ZIGBEE Tuya 4 Gang Smart Touch...,37.23,208.49,0.0,Nova,6,https://www.aliexpress.us/item/3256808556144643.html
"Interruptor e Tomada Inteligente WiFi em Vidro Touch - Tuya, Alexa e Controle Remoto",3256806266230884,Melery Tuya Zigbee Smart Wall Socket US Electrical Monitoring ...,18.98,106.29,4.7,Estabelecida,139,https://www.aliexpress.us/item/3256806266230884.html
"Interruptor e Tomada Inteligente WiFi em Vidro Touch - Tuya, Alexa e Controle Remoto",3256811467634494,Melery Tuya Brazil Plug 20A Slot WIFI Wall Socket USB Type-C P...,17.98,100.69,4.9,Estabelecida,208,https://www.aliexpress.us/item/3256811467634494.html
"Interruptor e Tomada Inteligente WiFi em Vidro Touch - Tuya, Alexa e Controle Remoto",3256811771176325,TAWOIA WiFi Touch Switches Wall Light Switch With EU Socket US...,17.85,99.96,5.0,Estabelecida,13,https://www.aliexpress.us/item/3256811771176325.html
"Interruptor e Tomada Inteligente WiFi em Vidro Touch - Tuya, Alexa e Controle Remoto",2251832844486663,Melery Wifi Smart Light Wall Switch Glass Screen Touch Panel V...,10.62,59.47,4.9,Estabelecida,395,https://www.aliexpress.us/item/2251832844486663.html
"Interruptor e Tomada Inteligente WiFi em Vidro Touch - Tuya, Alexa e Controle Remoto",3256805366582346,Coswall Glass Panel ZIGBEE / WIFI Tuya Universal Socket +2 Gan...,23.31,130.54,4.8,Estabelecida,28,https://www.aliexpress.us/item/3256805366582346.html
"Interruptor e Tomada Inteligente WiFi em Vidro Touch - Tuya, Alexa e Controle Remoto",3256805323563018,Melery Zigbee Tuya US Electrical Plug Outlet Smart Wall Power ...,27.19,152.26,5.0,Estabelecida,121,https://www.aliexpress.us/item/3256805323563018.html
"Interruptor e Tomada Inteligente WiFi em Vidro Touch - Tuya, Alexa e Controle Remoto",3256808504207161,BSEED Zigbee 1/2/3Gang Smart Light Switches Tuya Smart Life Al...,5.35,29.96,4.8,Estabelecida,5,https://www.aliexpress.us/item/3256808504207161.html
"Interruptor e Tomada Inteligente WiFi em Vidro Touch - Tuya, Alexa e Controle Remoto",2255799876189010,Wifi Wall Touch Sensitive Switch Remote Control 1 2 3 4 Gang W...,4.74,26.54,4.7,Estabelecida,1,https://www.aliexpress.us/item/2255799876189010.html
"Interruptor e Tomada Inteligente WiFi em Vidro Touch - Tuya, Alexa e Controle Remoto",3256812397708700,Melery Tuya Wifi Smart Life Israel Power Wall Socket USB 4.8A ...,27.13,151.93,0.0,Nova,1,https://www.aliexpress.us/item/3256812397708700.html
"Interruptor e Tomada Inteligente WiFi em Vidro Touch - Tuya, Alexa e Controle Remoto",3256803100823488,BSEED Wifi Sockets EU Wall Socket Smart Tuya Electric Sockets ...,15.94,89.26,4.9,Estabelecida,500,https://www.aliexpress.us/item/3256803100823488.html
"Interruptor e Tomada Inteligente WiFi em Vidro Touch - Tuya, Alexa e Controle Remoto",3256808094916355,Smart Wifi Touch Switch No Neutral Wire Required Smart Home 1/...,8.23,46.09,4.8,Estabelecida,343,https://www.aliexpress.us/item/3256808094916355.html
"Interruptor e Tomada Inteligente WiFi em Vidro Touch - Tuya, Alexa e Controle Remoto",3256805513716330,UBARO EU Smart House Wifi Touch Switch Glass Panel Work With G...,26.45,148.12,4.5,Estabelecida,45,https://www.aliexpress.us/item/3256805513716330.html
"Interruptor e Tomada Inteligente WiFi em Vidro Touch - Tuya, Alexa e Controle Remoto",3256810304510648,BSEED Zigbee Shutter Switch Series Wall Smart Click Switches Y...,20.03,112.17,5.0,Estabelecida,4,https://www.aliexpress.us/item/3256810304510648.html
"Interruptor e Tomada Inteligente WiFi em Vidro Touch - Tuya, Alexa e Controle Remoto",3256806141915284,Tuya Smart Life 7th Generation Roller Shutter Curtain Switch B...,14.42,80.75,4.7,Estabelecida,214,https://www.aliexpress.us/item/3256806141915284.html
"Interruptor e Tomada Inteligente WiFi em Vidro Touch - Tuya, Alexa e Controle Remoto",3256808641352139,BSEED Zigbee Switches Series Smart Light Switches Yellow Backl...,18.05,101.08,5.0,Estabelecida,91,https://www.aliexpress.us/item/3256808641352139.html
"Interruptor e Tomada Inteligente WiFi em Vidro Touch - Tuya, Alexa e Controle Remoto",3256806573338323,"SRAN WiFi Smart Switch Touch Switch 1/2/3/4 Gang, 118mm Temper...",18.92,105.95,4.8,Estabelecida,96,https://www.aliexpress.us/item/3256806573338323.html
"Interruptor e Tomada Inteligente WiFi em Vidro Touch - Tuya, Alexa e Controle Remoto",3256807130940722,Melery Wifi Smart Tuya Italy Light Switch Wall Socket Glass Pa...,14.59,81.7,4.9,Estabelecida,75,https://www.aliexpress.us/item/3256807130940722.html
"Interruptor e Tomada Inteligente WiFi em Vidro Touch - Tuya, Alexa e Controle Remoto",3256811623640998,WIFI/ZigBee Smart Mini Smart Light Switch 2 Way Control Breake...,4.33,24.25,4.6,Estabelecida,1,https://www.aliexpress.us/item/3256811623640998.html
"Interruptor e Tomada Inteligente WiFi em Vidro Touch - Tuya, Alexa e Controle Remoto",3256807933438274,BSEED WIFI Light Switch 1/2/3Gang 2Way Smart Click Button Swit...,18.56,103.94,4.7,Estabelecida,96,https://www.aliexpress.us/item/3256807933438274.html
"Interruptor e Tomada Inteligente WiFi em Vidro Touch - Tuya, Alexa e Controle Remoto",3256812119995687,BSEED EU Standard Smart WiFi Light Switch 1/2/3 Gang 1/2/3 Way...,16.25,91.0,0.0,Nova,5,https://www.aliexpress.us/item/3256812119995687.html
"Interruptor e Tomada Inteligente WiFi em Vidro Touch - Tuya, Alexa e Controle Remoto",3256812630981047,Tuya WiFi Smart Light Wall Switch With Brazil Socket Plug Outl...,9.7,54.32,0.0,Nova,0,https://www.aliexpress.us/item/3256812630981047.html
"Interruptor e Tomada Inteligente WiFi em Vidro Touch - Tuya, Alexa e Controle Remoto",3256805955246021,"WiFi RF Curtain Smart Switch, Tuya Smart Life Module for Rolle...",0.99,5.54,4.8,Estabelecida,1,https://www.aliexpress.us/item/3256805955246021.html
"Interruptor e Tomada Inteligente WiFi em Vidro Touch - Tuya, Alexa e Controle Remoto",3256812066395578,BSEED ZigBee Click Switch Single Live With EU Sockets Black Gl...,19.99,111.94,0.0,Nova,10,https://www.aliexpress.us/item/3256812066395578.html
"Interruptor e Tomada Inteligente WiFi em Vidro Touch - Tuya, Alexa e Controle Remoto",3256804834799503,BSEED Zigbee Touch Switches Function Base 1/2/3Way Glass Panel...,6.55,36.68,4.6,Estabelecida,900,https://www.aliexpress.us/item/3256804834799503.html
"Interruptor e Tomada Inteligente WiFi em Vidro Touch - Tuya, Alexa e Controle Remoto",3256806677471147,Melery Tuya Wifi Smart Brazil Light Switch Wall Socket Plug Ou...,10.26,57.46,4.9,Estabelecida,500,https://www.aliexpress.us/item/3256806677471147.html
"Interruptor e Tomada Inteligente WiFi em Vidro Touch - Tuya, Alexa e Controle Remoto",3256803130649876,ANDELI WiFi Smart Boiler Switch 20A 4400w Water Heater Smart L...,12.21,68.38,4.7,Estabelecida,1,https://www.aliexpress.us/item/3256803130649876.html
"Interruptor e Tomada Inteligente WiFi em Vidro Touch - Tuya, Alexa e Controle Remoto",3256808341853575,Melery Wifi Smart Brazil Wall Socket Light Switch 10A 20A Plug...,26.04,145.82,4.7,Estabelecida,157,https://www.aliexpress.us/item/3256808341853575.html
"Interruptor e Tomada Inteligente WiFi em Vidro Touch - Tuya, Alexa e Controle Remoto",3256807897472239,Melery Brazil WiFi Smart Life Wall Socket USB Tuya Electrical ...,19.38,108.53,5.0,Estabelecida,186,https://www.aliexpress.us/item/3256807897472239.html
ACEBOTT Carrinho Robótico Inteligente DIY ESP32 com Lançador de Água - STEM Arduino,3256806851800223,Car Rearview Mirror Wiper Cleaning Tool Auto Glass Mist Cleane...,1.33,7.45,4.9,Estabelecida,100,https://www.aliexpress.us/item/3256806851800223.html
ACEBOTT Carrinho Robótico Inteligente DIY ESP32 com Lançador de Água - STEM Arduino,3256809902820843,Car Flavoring Car Air Fresheners Perfume strawberry/Ice Flavor...,0.99,5.54,4.9,Estabelecida,2,https://www.aliexpress.us/item/3256809902820843.html
ACEBOTT Carrinho Robótico Inteligente DIY ESP32 com Lançador de Água - STEM Arduino,3256808529287063,Universal 360° Rotatable Car Phone Holder Windshield Suction C...,2.33,13.05,4.9,Estabelecida,10,https://www.aliexpress.us/item/3256808529287063.html
ACEBOTT Carrinho Robótico Inteligente DIY ESP32 com Lançador de Água - STEM Arduino,3256810252937181,An apple-shaped car air freshener with floral fragrance - feat...,2.45,13.72,4.9,Estabelecida,2,https://www.aliexpress.us/item/3256810252937181.html
ACEBOTT Carrinho Robótico Inteligente DIY ESP32 com Lançador de Água - STEM Arduino,3256811755413318,Cute Robot Smart Car Aroma Diffuser Car Air Outlet Fragrance A...,5.39,30.18,5.0,Estabelecida,38,https://www.aliexpress.us/item/3256811755413318.html
ACEBOTT Carrinho Robótico Inteligente DIY ESP32 com Lançador de Água - STEM Arduino,3256808292053604,"Smart Car Air Freshener, Rechargeable Car Aroma Diffuser, 5 Le...",0.99,5.54,4.5,Estabelecida,5,https://www.aliexpress.us/item/3256808292053604.html
ACEBOTT Carrinho Robótico Inteligente DIY ESP32 com Lançador de Água - STEM Arduino,3256806491690993,Engine Funnel Car Universal Silicone Liquid Funnel Washer Flui...,0.92,5.15,4.9,Estabelecida,10,https://www.aliexpress.us/item/3256806491690993.html
ACEBOTT Carrinho Robótico Inteligente DIY ESP32 com Lançador de Água - STEM Arduino,3256807388668721,3-60pcs Car Air Freshener Natural Scented Tea Paper Auto Hangi...,0.33,1.85,4.6,Estabelecida,10,https://www.aliexpress.us/item/3256807388668721.html
ACEBOTT Carrinho Robótico Inteligente DIY ESP32 com Lançador de Água - STEM Arduino,3256807501217226,Magnetic control lamp Wired 5cm Led Magnetron Light Model w Ba...,0.99,5.54,4.9,Estabelecida,3,https://www.aliexpress.us/item/3256807501217226.html
ACEBOTT Carrinho Robótico Inteligente DIY ESP32 com Lançador de Água - STEM Arduino,3256807404452989,Car Vacuum Cleaner Mini Convenient Vacuum Cleaner Multi Functi...,8.34,46.7,4.6,Estabelecida,600,https://www.aliexpress.us/item/3256807404452989.html
ACEBOTT Carrinho Robótico Inteligente DIY ESP32 com Lançador de Água - STEM Arduino,3256806980710802,Car Outlet Vent Perfume Clips Conditioning Aromatherapy Freshe...,0.99,5.54,4.6,Estabelecida,2,https://www.aliexpress.us/item/3256806980710802.html
ACEBOTT Carrinho Robótico Inteligente DIY ESP32 com Lançador de Água - STEM Arduino,3256805538218603,1PCS Automatic Air Freshener Dispenser Timed Spray Dispenser W...,2.9,16.24,4.7,Estabelecida,317,https://www.aliexpress.us/item/3256805538218603.html
ACEBOTT Carrinho Robótico Inteligente DIY ESP32 com Lançador de Água - STEM Arduino,3256808061774603,12PCS 3ML Air Freshener Natural Plant Aromatherapy Essential O...,0.99,5.54,4.9,Estabelecida,5,https://www.aliexpress.us/item/3256808061774603.html
ACEBOTT Carrinho Robótico Inteligente DIY ESP32 com Lançador de Água - STEM Arduino,3256807329995110,1-10pcs Swimming Pool Water Cup Hanger Car Water Cup Drink Hol...,5.06,28.34,4.7,Estabelecida,411,https://www.aliexpress.us/item/3256807329995110.html
ACEBOTT Carrinho Robótico Inteligente DIY ESP32 com Lançador de Água - STEM Arduino,3256807184009088,Car Air Freshener Electric Auto Aroma Diffuser Car Air Vent Es...,6.93,38.81,4.6,Estabelecida,5,https://www.aliexpress.us/item/3256807184009088.html
ACEBOTT Carrinho Robótico Inteligente DIY ESP32 com Lançador de Água - STEM Arduino,3256806548963515,Car Perfume Air Freshener Auto Vent Aromatherapy High-End and ...,0.99,5.54,4.6,Estabelecida,1,https://www.aliexpress.us/item/3256806548963515.html
ACEBOTT Carrinho Robótico Inteligente DIY ESP32 com Lançador de Água - STEM Arduino,3256809776714363,Naruto cartoon keychain Hatake Kakashi character keychain cart...,0.99,5.54,4.9,Estabelecida,1,https://www.aliexpress.us/item/3256809776714363.html
ACEBOTT Carrinho Robótico Inteligente DIY ESP32 com Lançador de Água - STEM Arduino,3256809155925467,New Car Air Freshener Solar Helicopter Interior Decoration Pro...,0.99,5.54,4.6,Estabelecida,225,https://www.aliexpress.us/item/3256809155925467.html
ACEBOTT Carrinho Robótico Inteligente DIY ESP32 com Lançador de Água - STEM Arduino,3256806591781995,Portable 12V/24V Oil Transfer Pump 1-4L/min Extractor Fluid Su...,39.42,220.75,4.6,Estabelecida,1,https://www.aliexpress.us/item/3256806591781995.html
ACEBOTT Carrinho Robótico Inteligente DIY ESP32 com Lançador de Água - STEM Arduino,3256811796505898,Pokemon Keychain Pikachu Anime Action Figure Toy Kawaii Cartoo...,9.39,52.58,4.9,Estabelecida,140,https://www.aliexpress.us/item/3256811796505898.html
ACEBOTT Carrinho Robótico Inteligente DIY ESP32 com Lançador de Água - STEM Arduino,3256807290169206,"1pc Refillable Car Air Freshener Perfume Diffuser Clip, Auto A...",0.33,1.85,4.9,Estabelecida,3,https://www.aliexpress.us/item/3256807290169206.html
ACEBOTT Carrinho Robótico Inteligente DIY ESP32 com Lançador de Água - STEM Arduino,3256806219204180,"Suction Cup Phone Holder Windshield/Dashboard/Window, Universa...",8.39,46.98,4.7,Estabelecida,3,https://www.aliexpress.us/item/3256806219204180.html
ACEBOTT Carrinho Robótico Inteligente DIY ESP32 com Lançador de Água - STEM Arduino,3256808722570158,50ml Air Freshener Car Fragrance Spray Fresh Air Long-Lasting ...,1.33,7.45,4.9,Estabelecida,1,https://www.aliexpress.us/item/3256808722570158.html
ACEBOTT Carrinho Robótico Inteligente DIY ESP32 com Lançador de Água - STEM Arduino,3256808042889498,Air Freshener In The Car Aroma Diffuser 3 Levels Of Adjustable...,7.18,40.21,4.6,Estabelecida,1,https://www.aliexpress.us/item/3256808042889498.html
ACEBOTT Carrinho Robótico Inteligente DIY ESP32 com Lançador de Água - STEM Arduino,3256809902815833,Smart Car Air Freshener Adjustable Car Smell Air Scent Ceiling...,3.15,17.64,4.9,Estabelecida,4,https://www.aliexpress.us/item/3256809902815833.html
ACEBOTT Carrinho Robótico Inteligente DIY ESP32 com Lançador de Água - STEM Arduino,3256807158750044,1000mAh Car Air Freshener USB Rechargeable Fragrance Diffuser ...,27.87,156.07,4.9,Estabelecida,2,https://www.aliexpress.us/item/3256807158750044.html
ACEBOTT Carrinho Robótico Inteligente DIY ESP32 com Lançador de Água - STEM Arduino,3256808132534183,20-1pcs Dual Shaft TT Motor DC 3-12V Smart Car Robot Gear Moto...,2.33,13.05,4.8,Estabelecida,1,https://www.aliexpress.us/item/3256808132534183.html
ACEBOTT Carrinho Robótico Inteligente DIY ESP32 com Lançador de Água - STEM Arduino,3256811355690180,Garden Washing Cleaner High Power Pressure Car and Hose Nozzle...,0.99,5.54,5.0,Estabelecida,32,https://www.aliexpress.us/item/3256811355690180.html
ACEBOTT Carrinho Robótico Inteligente DIY ESP32 com Lançador de Água - STEM Arduino,3256809787421728,Car Phone Holder With Vacuum Magnetic Suction Cup Foldable Adj...,7.61,42.62,4.7,Estabelecida,1,https://www.aliexpress.us/item/3256809787421728.html
ACEBOTT Carrinho Robótico Inteligente DIY ESP32 com Lançador de Água - STEM Arduino,3256808424495353,10ml 60ml Essential Oils Coffee Fragrance  Refreshing Car Arom...,1.33,7.45,4.7,Estabelecida,458,https://www.aliexpress.us/item/3256808424495353.html
ACEBOTT Carrinho Robótico Inteligente DIY ESP32 com Lançador de Água - STEM Arduino,3256810573063108,"Car air freshener, three strengths adjustable, car aromatherap...",11.33,63.45,4.9,Estabelecida,2,https://www.aliexpress.us/item/3256810573063108.html
ACEBOTT Carrinho Robótico Inteligente DIY ESP32 com Lançador de Água - STEM Arduino,3256810257587791,Solar Car Aromatherapy Essential Oil Levitation Automatic Rota...,0.99,5.54,4.7,Estabelecida,900,https://www.aliexpress.us/item/3256810257587791.html
ACEBOTT Carrinho Robótico Inteligente DIY ESP32 com Lançador de Água - STEM Arduino,3256807448849130,Head shaking rotating plane cool bear pilot car air fresheners...,4.18,23.41,4.9,Estabelecida,226,https://www.aliexpress.us/item/3256807448849130.html
ACEBOTT Carrinho Robótico Inteligente DIY ESP32 com Lançador de Água - STEM Arduino,3256806824391282,Air Freshener Tablets Refill Solid Perfume Aromatherapy Tablet...,0.99,5.54,4.5,Estabelecida,1,https://www.aliexpress.us/item/3256806824391282.html
ACEBOTT Carrinho Robótico Inteligente DIY ESP32 com Lançador de Água - STEM Arduino,3256810520327027,1PCS Portable Mini Telescopic Wiper Squeegee Car Rearview Mirr...,0.33,1.85,4.9,Estabelecida,2,https://www.aliexpress.us/item/3256810520327027.html
ACEBOTT Carrinho Robótico Inteligente DIY ESP32 com Lançador de Água - STEM Arduino,3256806107408387,Car Fresh Fragrance Car Accessories Creative Aluminum Alloy UF...,0.99,5.54,4.6,Estabelecida,158,https://www.aliexpress.us/item/3256806107408387.html
ACEBOTT Carrinho Robótico Inteligente DIY ESP32 com Lançador de Água - STEM Arduino,3256807120257072,Car Perfume Refill Liquid Essential Oil Air Freshener Replenis...,1.65,9.24,4.9,Estabelecida,4,https://www.aliexpress.us/item/3256807120257072.html
R&B Boneca Reborn Realista Corpo Macio - Pintura 3D estilo Bebê de Verdade,3256806985188470,BZDOLL Realistic 48cm Soft Silicone Asleep Reborn Baby Doll Wi...,18.7,104.72,4.9,Estabelecida,800,https://www.aliexpress.us/item/3256806985188470.html
R&B Boneca Reborn Realista Corpo Macio - Pintura 3D estilo Bebê de Verdade,3256807290320813,MRB 19 inch Already Painted Reborn Doll Parts Levi Awake Lifel...,26.39,147.78,4.9,Estabelecida,346,https://www.aliexpress.us/item/3256807290320813.html
R&B Boneca Reborn Realista Corpo Macio - Pintura 3D estilo Bebê de Verdade,3256812649013275,18 Inch Asleep Reborn Baby Doll Lifelike Full Body Soft Silico...,203.31,1138.54,0.0,Nova,0,https://www.aliexpress.us/item/3256812649013275.html
R&B Boneca Reborn Realista Corpo Macio - Pintura 3D estilo Bebê de Verdade,3256806416589412,19 Inch Realistic Finished Bebe Reborn Silicone Vinyl Cloth Bo...,34.75,194.6,4.8,Estabelecida,10,https://www.aliexpress.us/item/3256806416589412.html
R&B Boneca Reborn Realista Corpo Macio - Pintura 3D estilo Bebê de Verdade,3256812663851342,18-inch closed-eye reborn doll LOULOU vinyl 3D painting visibl...,31.58,176.85,0.0,Nova,0,https://www.aliexpress.us/item/3256812663851342.html
R&B Boneca Reborn Realista Corpo Macio - Pintura 3D estilo Bebê de Verdade,3256807619391405,20Inch Already Painted Reborn Doll Kit Laura 3D Painted Skin M...,28.59,160.1,4.9,Estabelecida,2,https://www.aliexpress.us/item/3256807619391405.html
R&B Boneca Reborn Realista Corpo Macio - Pintura 3D estilo Bebê de Verdade,3256812468489868,24inch Lifelike Reborn Sandie Doll Multiple Layers Painting 3D...,49.59,277.7,0.0,Nova,0,https://www.aliexpress.us/item/3256812468489868.html
R&B Boneca Reborn Realista Corpo Macio - Pintura 3D estilo Bebê de Verdade,3256806808176057,18Inch Already Finished Reborn Doll Felicia Adorable Lifelike ...,39.13,219.13,4.9,Estabelecida,600,https://www.aliexpress.us/item/3256806808176057.html
R&B Boneca Reborn Realista Corpo Macio - Pintura 3D estilo Bebê de Verdade,3256808464484743,NPK 19inch Daphnne Full Body Reborn Lifelike Baby Doll with 3D...,40.05,224.28,0.0,Nova,0,https://www.aliexpress.us/item/3256808464484743.html
R&B Boneca Reborn Realista Corpo Macio - Pintura 3D estilo Bebê de Verdade,3256811598099239,18 Inch Can Open Mouth Silicone Reborn Baby Girl Soft Touch Si...,220.16,1232.9,5.0,Estabelecida,17,https://www.aliexpress.us/item/3256811598099239.html
R&B Boneca Reborn Realista Corpo Macio - Pintura 3D estilo Bebê de Verdade,3256807619243156,55CM Full Body Silicone Waterproof Reborn Toddler Girl Doll Pr...,56.14,314.38,4.9,Estabelecida,356,https://www.aliexpress.us/item/3256807619243156.html
R&B Boneca Reborn Realista Corpo Macio - Pintura 3D estilo Bebê de Verdade,3256812660467329,Reborn Baby Dolls - 20 inch Cuddly Realistic Baby Doll Soft Bo...,29.41,164.7,0.0,Nova,0,https://www.aliexpress.us/item/3256812660467329.html
R&B Boneca Reborn Realista Corpo Macio - Pintura 3D estilo Bebê de Verdade,3256812576407639,20 Inch Cloth Body Reborn Baby Doll Hand Rooted Blonde Hair 3D...,32.79,183.62,0.0,Nova,0,https://www.aliexpress.us/item/3256812576407639.html
R&B Boneca Reborn Realista Corpo Macio - Pintura 3D estilo Bebê de Verdade,3256812404485999,NPK 48CM Reborn Loulou Awake Soft Cloth Body 3D Detailed Paint...,48.8,273.28,0.0,Nova,0,https://www.aliexpress.us/item/3256812404485999.html
R&B Boneca Reborn Realista Corpo Macio - Pintura 3D estilo Bebê de Verdade,3256812483016573,AONPENG 55cm Baby Reborn Cloth Body Doll Toy with Realistic 3D...,36.94,206.86,0.0,Nova,0,https://www.aliexpress.us/item/3256812483016573.html
R&B Boneca Reborn Realista Corpo Macio - Pintura 3D estilo Bebê de Verdade,3256806981106276,MRB 20 Inch Full Body Vinyl Reborn LouLou Girl Washable Reborn...,32.22,180.43,4.5,Estabelecida,497,https://www.aliexpress.us/item/3256806981106276.html
R&B Boneca Reborn Realista Corpo Macio - Pintura 3D estilo Bebê de Verdade,3256812064443639,45cm Newborn Bettie Reborn Doll Silicone  Vinly Baby with Root...,41.7,233.52,0.0,Nova,0,https://www.aliexpress.us/item/3256812064443639.html
R&B Boneca Reborn Realista Corpo Macio - Pintura 3D estilo Bebê de Verdade,3256805684173908,55cm Sleeping Bebe Reborn With Rooted Hair Handmade Lifelike R...,42.14,235.98,5.0,Estabelecida,12,https://www.aliexpress.us/item/3256805684173908.html
R&B Boneca Reborn Realista Corpo Macio - Pintura 3D estilo Bebê de Verdade,3256805130897448,46CM Reborn Baby Doll Levi Mixed Silicone Vinyl Or Cloth Doll ...,37.51,210.06,4.7,Estabelecida,1,https://www.aliexpress.us/item/3256805130897448.html
R&B Boneca Reborn Realista Corpo Macio - Pintura 3D estilo Bebê de Verdade,3256808375343866,52CM Reborn Baby Doll Phoenix Soft Cuddly Lifelike Newborn Bab...,52.89,296.18,5.0,Estabelecida,2,https://www.aliexpress.us/item/3256808375343866.html
R&B Boneca Reborn Realista Corpo Macio - Pintura 3D estilo Bebê de Verdade,3256812013205038,18inch Reborn Bettie Realistic Baby Soft Touch Cuddly Multiple...,49.84,279.1,0.0,Nova,1,https://www.aliexpress.us/item/3256812013205038.html
R&B Boneca Reborn Realista Corpo Macio - Pintura 3D estilo Bebê de Verdade,3256812585112079,17 Inch Newborn Lifelike Reborn Baby Doll Soft Touch Collectib...,43.18,241.81,0.0,Nova,0,https://www.aliexpress.us/item/3256812585112079.html
R&B Boneca Reborn Realista Corpo Macio - Pintura 3D estilo Bebê de Verdade,3256809364921538,1 PC 33cm Open Eyes Silicone Loulou Toy Reborn Doll Can Open M...,47.85,267.96,4.7,Estabelecida,700,https://www.aliexpress.us/item/3256809364921538.html
R&B Boneca Reborn Realista Corpo Macio - Pintura 3D estilo Bebê de Verdade,3256809511126518,55cm Sue-sue Full Vinyl Body Cute Princess Reborn Toddler Girl...,53.21,297.98,0.0,Nova,0,https://www.aliexpress.us/item/3256809511126518.html
R&B Boneca Reborn Realista Corpo Macio - Pintura 3D estilo Bebê de Verdade,3256812261003692,NPK Reborn Doll Parts Juliette 19inch Already Finished Painted...,15.29,85.62,5.0,Estabelecida,4,https://www.aliexpress.us/item/3256812261003692.html
R&B Boneca Reborn Realista Corpo Macio - Pintura 3D estilo Bebê de Verdade,3256805484286279,18 Inch Bebe Bettie Doll Kits 3D Painting Handmade Soft Vinyl ...,20.31,113.74,0.0,Nova,1,https://www.aliexpress.us/item/3256805484286279.html
R&B Boneca Reborn Realista Corpo Macio - Pintura 3D estilo Bebê de Verdade,3256806675534433,JOYORA Vinyl Realistic Baby Doll Finished Rebirth Doll 3D Skin...,37.33,209.05,4.9,Estabelecida,2,https://www.aliexpress.us/item/3256806675534433.html
R&B Boneca Reborn Realista Corpo Macio - Pintura 3D estilo Bebê de Verdade,3256812483007385,AONPENG 20inch Soft Vinyl Reborn Boy Baby Doll with 3D-Paint S...,50.9,285.04,0.0,Nova,0,https://www.aliexpress.us/item/3256812483007385.html
R&B Boneca Reborn Realista Corpo Macio - Pintura 3D estilo Bebê de Verdade,3256812589231882,66cm Toddler Girl Huge Size Baby Reborn Pippa Realistic Lifeli...,57.75,323.4,0.0,Nova,0,https://www.aliexpress.us/item/3256812589231882.html
R&B Boneca Reborn Realista Corpo Macio - Pintura 3D estilo Bebê de Verdade,3256805594047681,60cm  Newborn Toddler Girl Doll Already Painted Finished Lovel...,67.04,375.42,5.0,Estabelecida,22,https://www.aliexpress.us/item/3256805594047681.html
R&B Boneca Reborn Realista Corpo Macio - Pintura 3D estilo Bebê de Verdade,3256812657865285,10 Inch Meadow Reborn Baby Doll Bald Solid Full Body Silicone ...,38.75,217.0,0.0,Nova,0,https://www.aliexpress.us/item/3256812657865285.html
R&B Boneca Reborn Realista Corpo Macio - Pintura 3D estilo Bebê de Verdade,3256810439601882,NPK 19inch  Full body Vinyl Monkey Finished  Reborn Baby Doll ...,52.66,294.9,4.7,Estabelecida,18,https://www.aliexpress.us/item/3256810439601882.html
R&B Boneca Reborn Realista Corpo Macio - Pintura 3D estilo Bebê de Verdade,3256812653002295,Reborn Baby Dolls - 20 inch Cuddly Realistic Baby Doll Soft Bo...,29.56,165.54,0.0,Nova,0,https://www.aliexpress.us/item/3256812653002295.html
R&B Boneca Reborn Realista Corpo Macio - Pintura 3D estilo Bebê de Verdade,3256812419739908,KEIUMI 22 Inch Handmade Painting Realistic Skin Full Body Viny...,52.99,296.74,5.0,Estabelecida,1,https://www.aliexpress.us/item/3256812419739908.html
R&B Boneca Reborn Realista Corpo Macio - Pintura 3D estilo Bebê de Verdade,3256810571282142,NPK 19'' Sleeping Baby Peaches Soft Body Reborn Doll with 3D S...,56.39,315.78,0.0,Nova,2,https://www.aliexpress.us/item/3256810571282142.html
R&B Boneca Reborn Realista Corpo Macio - Pintura 3D estilo Bebê de Verdade,3256811934007542,Sandie Reborn Lifelike Multiple Layers Painting 3D Skin Visibl...,50.42,282.35,0.0,Nova,3,https://www.aliexpress.us/item/3256811934007542.html
R&B Boneca Reborn Realista Corpo Macio - Pintura 3D estilo Bebê de Verdade,3256812645772545,18 Inch Bettie Reborn Baby Doll Painted Hair Full Vinyl Body H...,32.79,183.62,0.0,Nova,0,https://www.aliexpress.us/item/3256812645772545.html
R&B Boneca Reborn Realista Corpo Macio - Pintura 3D estilo Bebê de Verdade,3256812523014159,AONPENG Soft Cloth Body Levi Asleep 45cm 18in Reborn Baby Doll...,29.94,167.66,0.0,Nova,0,https://www.aliexpress.us/item/3256812523014159.html
R&B Boneca Reborn Realista Corpo Macio - Pintura 3D estilo Bebê de Verdade,3256812486334291,"AONPENG 50cm 20inch Reborn Smiling Bebe with Vein, Cloth Body ...",47.84,267.9,0.0,Nova,0,https://www.aliexpress.us/item/3256812486334291.html
R&B Boneca Reborn Realista Corpo Macio - Pintura 3D estilo Bebê de Verdade,3256806902971210,NPK 19inch Full Body Pascale Reborn Baby Newborn Doll Lifelike...,57.36,321.22,5.0,Estabelecida,32,https://www.aliexpress.us/item/3256806902971210.html
R&B Boneca Reborn Realista Corpo Macio - Pintura 3D estilo Bebê de Verdade,3256812655213243,Lifelike Vinyl Baby Doll Toy Soft Silicone Realistic Reborn Do...,67.01,375.26,0.0,Nova,0,https://www.aliexpress.us/item/3256812655213243.html
R&B Boneca Reborn Realista Corpo Macio - Pintura 3D estilo Bebê de Verdade,3256812653453874,NPK 22inch 3D Painted Sleeping Baby  Reborn Alexis Doll Kit wi...,35.02,196.11,0.0,Nova,0,https://www.aliexpress.us/item/3256812653453874.html
R&B Boneca Reborn Realista Corpo Macio - Pintura 3D estilo Bebê de Verdade,3256811710783792,19inch Lifelike Art Doll - Vinyl or Cloth Body Cuddly Baby wit...,30.87,172.87,0.0,Nova,0,https://www.aliexpress.us/item/3256811710783792.html
R&B Boneca Reborn Realista Corpo Macio - Pintura 3D estilo Bebê de Verdade,3256812536303880,60CM Reborn Toddler Doll 3D Painted Skin With Blood Vessels Bo...,50.74,284.14,0.0,Nova,0,https://www.aliexpress.us/item/3256812536303880.html
R&B Boneca Reborn Realista Corpo Macio - Pintura 3D estilo Bebê de Verdade,3256812604551105,46CM completed painted reborn doll Rosalie newborn sleeping do...,40.65,227.64,0.0,Nova,1,https://www.aliexpress.us/item/3256812604551105.html
R&B Boneca Reborn Realista Corpo Macio - Pintura 3D estilo Bebê de Verdade,3256811616147373,NPK 17inch Reborn Baby Newborn Doll Lifelike Cloth Body And Fu...,36.95,206.92,4.5,Estabelecida,23,https://www.aliexpress.us/item/3256811616147373.html
Daytech Sensor de Porta Sem Fio Tuya com Campainha - Segurança Infantil,3256809656443987,SucceBuy 7-in-1 Wi-Fi Weather Station 7.5 in Color Display + S...,47.03,263.37,4.9,Estabelecida,10,https://www.aliexpress.us/item/3256809656443987.html
Daytech Sensor de Porta Sem Fio Tuya com Campainha - Segurança Infantil,3256807290597557,Wireless Doorbell Intelligent Welcome Door Bell 300M/984 FT Re...,5.59,31.3,4.9,Estabelecida,10,https://www.aliexpress.us/item/3256807290597557.html
Daytech Sensor de Porta Sem Fio Tuya com Campainha - Segurança Infantil,3256806718138113,Tuya WiFi Smart Vibration Sensor Motion Detection Smart Life A...,3.33,18.65,4.9,Estabelecida,1,https://www.aliexpress.us/item/3256806718138113.html
Daytech Sensor de Porta Sem Fio Tuya com Campainha - Segurança Infantil,3256806984384129,Tuya WiFi Smart Water Leak Sensor Liquid Leakage Alarm Overflo...,2.33,13.05,4.9,Estabelecida,5,https://www.aliexpress.us/item/3256806984384129.html
Daytech Sensor de Porta Sem Fio Tuya com Campainha - Segurança Infantil,3256806491744801,Fuers Wireless Doorbell Waterproof Door Chime Kit Welcome Chim...,6.33,35.45,4.9,Estabelecida,5,https://www.aliexpress.us/item/3256806491744801.html
Daytech Sensor de Porta Sem Fio Tuya com Campainha - Segurança Infantil,3256809467714827,Tuya Zigbee Wireless Door Windows Sensor Mini Smart Home Wirel...,5.33,29.85,4.8,Estabelecida,5,https://www.aliexpress.us/item/3256809467714827.html
Daytech Sensor de Porta Sem Fio Tuya com Campainha - Segurança Infantil,3256807286733498,433MHz wireless doorbell emergency SOS button compatible with ...,0.99,5.54,4.5,Estabelecida,332,https://www.aliexpress.us/item/3256807286733498.html
Daytech Sensor de Porta Sem Fio Tuya com Campainha - Segurança Infantil,3256805698609024,1080P Wireless Video Doorbell Camera WiFi Smart Door Bell Tuya...,41.13,230.33,4.6,Estabelecida,2,https://www.aliexpress.us/item/3256805698609024.html
Daytech Sensor de Porta Sem Fio Tuya com Campainha - Segurança Infantil,3256809968904114,LED Thermometer Thermo-Hygrometer Multifunction Electronic Clo...,0.33,1.85,4.9,Estabelecida,50,https://www.aliexpress.us/item/3256809968904114.html
Daytech Sensor de Porta Sem Fio Tuya com Campainha - Segurança Infantil,3256806382206103,PGST 4G 2G GSM WiFi Alarm System House Home Security Protectio...,87.34,489.1,4.7,Estabelecida,3,https://www.aliexpress.us/item/3256806382206103.html
Daytech Sensor de Porta Sem Fio Tuya com Campainha - Segurança Infantil,3256806596520875,Wireless Doorbell FullHouse Waterproof Door Chime Kit Includes...,3.33,18.65,4.9,Estabelecida,5,https://www.aliexpress.us/item/3256806596520875.html
Daytech Sensor de Porta Sem Fio Tuya com Campainha - Segurança Infantil,3256806491780782,Tuya Smart WiFi Door Sensor Smart Home Open Close Detector Sma...,2.33,13.05,4.9,Estabelecida,10,https://www.aliexpress.us/item/3256806491780782.html
Daytech Sensor de Porta Sem Fio Tuya com Campainha - Segurança Infantil,3256810481951728,Alarm System for Home WIFI GSM Security Alarm Host Ant-theft w...,26.51,148.46,4.7,Estabelecida,401,https://www.aliexpress.us/item/3256810481951728.html
Daytech Sensor de Porta Sem Fio Tuya com Campainha - Segurança Infantil,3256811494207779,HTZSAFE Wireless Driveway Security Alarm Waterproof PIR Motion...,39.0,218.4,4.9,Estabelecida,3,https://www.aliexpress.us/item/3256811494207779.html
Daytech Sensor de Porta Sem Fio Tuya com Campainha - Segurança Infantil,3256812585695453,Wireless Doorbell Intelligent Welcome Door Bell 300M/984 FT Re...,3.89,21.78,0.0,Nova,1,https://www.aliexpress.us/item/3256812585695453.html
Daytech Sensor de Porta Sem Fio Tuya com Campainha - Segurança Infantil,3256807233331933,Tuya US WiFi+Bluetooth Smart Switches No Neutral Wire Required...,6.59,36.9,4.7,Estabelecida,5,https://www.aliexpress.us/item/3256807233331933.html
Daytech Sensor de Porta Sem Fio Tuya com Campainha - Segurança Infantil,3256811888472508,Wireless PIR Motion Sensor Detector Anti-theft Alarm Activated...,14.07,78.79,0.0,Nova,1,https://www.aliexpress.us/item/3256811888472508.html
Daytech Sensor de Porta Sem Fio Tuya com Campainha - Segurança Infantil,3256805711537713,Tuya Smart WiFi Door Sensor Smart Home Open Close Detector Sma...,3.33,18.65,4.7,Estabelecida,1,https://www.aliexpress.us/item/3256805711537713.html
Daytech Sensor de Porta Sem Fio Tuya com Campainha - Segurança Infantil,3256806810910569,PGST 4G 2G WiFi GSM Wireless Alarm System Home Security Protec...,108.09,605.3,4.9,Estabelecida,2,https://www.aliexpress.us/item/3256806810910569.html
Daytech Sensor de Porta Sem Fio Tuya com Campainha - Segurança Infantil,3256806307998050,Solar Infrared Motion Sensor Alarm Motion Detector Siren Strob...,11.33,63.45,4.7,Estabelecida,1,https://www.aliexpress.us/item/3256806307998050.html
Daytech Sensor de Porta Sem Fio Tuya com Campainha - Segurança Infantil,3256807672396132,Self-Pow remote control doorbell AB door household waterproof ...,13.86,77.62,5.0,Estabelecida,40,https://www.aliexpress.us/item/3256807672396132.html
Daytech Sensor de Porta Sem Fio Tuya com Campainha - Segurança Infantil,3256806866985826,Elecpow 2.4Inch Peephole Doorbell Camera 120° LCD HD Infrared ...,22.93,128.41,4.5,Estabelecida,143,https://www.aliexpress.us/item/3256806866985826.html
Daytech Sensor de Porta Sem Fio Tuya com Campainha - Segurança Infantil,3256806852231434,Tuya Smart WIFI Zigbee Water Leakage Sensor Alarm Water Detect...,0.99,5.54,4.9,Estabelecida,10,https://www.aliexpress.us/item/3256806852231434.html
Daytech Sensor de Porta Sem Fio Tuya com Campainha - Segurança Infantil,3256809164750765,"Battery Powered Wireless Smart Doorbell, 300M Remote Home Welc...",0.99,5.54,4.9,Estabelecida,3,https://www.aliexpress.us/item/3256809164750765.html
Daytech Sensor de Porta Sem Fio Tuya com Campainha - Segurança Infantil,2251832551217068,Darho Door Window Entry Security ABS Wireless Remote Control B...,1.6,8.96,4.9,Estabelecida,193,https://www.aliexpress.us/item/2251832551217068.html
Daytech Sensor de Porta Sem Fio Tuya com Campainha - Segurança Infantil,3256810182004526,Carbon Monoxide Detector CO Gas Monitor Alarm Sound & Light Wa...,6.33,35.45,4.6,Estabelecida,700,https://www.aliexpress.us/item/3256810182004526.html
Daytech Sensor de Porta Sem Fio Tuya com Campainha - Segurança Infantil,3256806718362518,Gf07 Mini Car Gps Tracker Real-Time Gps Tracking Device Magnet...,0.33,1.85,4.9,Estabelecida,1,https://www.aliexpress.us/item/3256806718362518.html
Daytech Sensor de Porta Sem Fio Tuya com Campainha - Segurança Infantil,3256808480367411,1/2/3/4PCS WiFi SOS Button One Key Emergency Wireless Security...,0.99,5.54,4.9,Estabelecida,1,https://www.aliexpress.us/item/3256808480367411.html
Daytech Sensor de Porta Sem Fio Tuya com Campainha - Segurança Infantil,3256809781400942,Tuya WIFI Smart Door Window Magnetic Sensor Security Alarm Ope...,16.69,93.46,4.6,Estabelecida,233,https://www.aliexpress.us/item/3256809781400942.html
Daytech Sensor de Porta Sem Fio Tuya com Campainha - Segurança Infantil,3256807619328767,Tuya Smart WIFI Wireless Security Alarm System Alarm Kit Home ...,0.99,5.54,4.9,Estabelecida,1,https://www.aliexpress.us/item/3256807619328767.html
Daytech Sensor de Porta Sem Fio Tuya com Campainha - Segurança Infantil,3256806491845583,Wireless Temperature Humidity Sensor Indoor Compatible with Tu...,8.33,46.65,4.9,Estabelecida,2,https://www.aliexpress.us/item/3256806491845583.html
Daytech Sensor de Porta Sem Fio Tuya com Campainha - Segurança Infantil,3256808769013510,Tuya APP Smart Life APP Control Voice Intercom Smart Lock 3D F...,136.68,765.41,4.6,Estabelecida,268,https://www.aliexpress.us/item/3256808769013510.html
Daytech Sensor de Porta Sem Fio Tuya com Campainha - Segurança Infantil,3256806119265767,SIXWGH Wireless Doorbell No Battery required Waterproof Self-P...,2.4,13.44,4.8,Estabelecida,600,https://www.aliexpress.us/item/3256806119265767.html
Daytech Sensor de Porta Sem Fio Tuya com Campainha - Segurança Infantil,3256809170411435,Tuya Smart WiFi GSM Home Security Alarm System - Touch Keyboar...,45.75,256.2,4.6,Estabelecida,1,https://www.aliexpress.us/item/3256809170411435.html
Interruptor Touch Inteligente Tuya 10A - 1 a 4 Botões com Alexa e Google Home,3256805557700346,Tuya ZigBee Mini Smart Switch 16/10A 1/2/3/4 Gang 2 Way Contro...,16.24,90.94,4.7,Estabelecida,416,https://www.aliexpress.us/item/3256805557700346.html
Interruptor Touch Inteligente Tuya 10A - 1 a 4 Botões com Alexa e Google Home,3256812335693976,MOES Tuya Star Grand Series Matter WiFi Smart Light Switch 10A...,43.93,246.01,0.0,Nova,0,https://www.aliexpress.us/item/3256812335693976.html
Interruptor Touch Inteligente Tuya 10A - 1 a 4 Botões com Alexa e Google Home,3256809259604310,Tuya ZigBee 3.0 Smart Switch Module 10A Smart Home DIY Breaker...,13.88,77.73,4.8,Estabelecida,262,https://www.aliexpress.us/item/3256809259604310.html
Interruptor Touch Inteligente Tuya 10A - 1 a 4 Botões com Alexa e Google Home,3256804440830092,ZigBee 1 2 3 4 Gang with No Neutral Smart Touch Light Switch E...,22.67,126.95,5.0,Estabelecida,60,https://www.aliexpress.us/item/3256804440830092.html
Interruptor Touch Inteligente Tuya 10A - 1 a 4 Botões com Alexa e Google Home,3256811986831895,MOES Tuya Star Grand Series Matter WiFi Smart Light Switch 10A...,19.43,108.81,5.0,Estabelecida,34,https://www.aliexpress.us/item/3256811986831895.html
Interruptor Touch Inteligente Tuya 10A - 1 a 4 Botões com Alexa e Google Home,3256811668424743,Tuya Wifi Smart Switch Home Automation Controller 7-32V 85-250...,10.13,56.73,5.0,Estabelecida,28,https://www.aliexpress.us/item/3256811668424743.html
Interruptor Touch Inteligente Tuya 10A - 1 a 4 Botões com Alexa e Google Home,3256811531174000,"AB34-Smart Touch Switch With Wi-Fi And Voice Control - 10A, Re...",11.49,64.34,0.0,Nova,0,https://www.aliexpress.us/item/3256811531174000.html
Interruptor Touch Inteligente Tuya 10A - 1 a 4 Botões com Alexa e Google Home,3256812291517340,Tuya WiFi Smart Switch 10A Mini DIY Breaker Module RF433 Remot...,0.99,5.54,0.0,Nova,3,https://www.aliexpress.us/item/3256812291517340.html
Interruptor Touch Inteligente Tuya 10A - 1 a 4 Botões com Alexa e Google Home,3256811544148915,【ORNAMENT】Perfect For Smart For Home Lighting Touch Switch Wit...,12.77,71.51,0.0,Nova,1,https://www.aliexpress.us/item/3256811544148915.html
Interruptor Touch Inteligente Tuya 10A - 1 a 4 Botões com Alexa e Google Home,3256803512459899,GIRIER Tuya ZigBee Smart Dimmer Switch Module Supports 2 Way C...,12.29,68.82,5.0,Estabelecida,101,https://www.aliexpress.us/item/3256803512459899.html
Interruptor Touch Inteligente Tuya 10A - 1 a 4 Botões com Alexa e Google Home,3256804646222389,1 2 3 4 Gang 2 3 Way WiFi RF 433mhz Tuya Smart Wireless Touch ...,11.91,66.7,4.8,Estabelecida,600,https://www.aliexpress.us/item/3256804646222389.html
Interruptor Touch Inteligente Tuya 10A - 1 a 4 Botões com Alexa e Google Home,3256812667222578,Tuya Smart Wifi Switch With Brazil Socket 10A Plug Outlet Wall...,7.11,39.82,0.0,Nova,1,https://www.aliexpress.us/item/3256812667222578.html
Interruptor Touch Inteligente Tuya 10A - 1 a 4 Botões com Alexa e Google Home,3256811862760719,"ABXD Smart Touch Switch With Wi-Fi And Voice Control - 10A, Re...",11.88,66.53,0.0,Nova,0,https://www.aliexpress.us/item/3256811862760719.html
Interruptor Touch Inteligente Tuya 10A - 1 a 4 Botões com Alexa e Google Home,3256812649721571,2/4CH WiFi Smart Switch Zigbee 3.0 Gateway AC85-250V DC7-32V R...,10.44,58.46,0.0,Nova,0,https://www.aliexpress.us/item/3256812649721571.html
Interruptor Touch Inteligente Tuya 10A - 1 a 4 Botões com Alexa e Google Home,3256804647313306,US AU ZigBee 3.0 Tuya Smart Life Wireless Push Button Switch W...,12.83,71.85,4.7,Estabelecida,209,https://www.aliexpress.us/item/3256804647313306.html
Interruptor Touch Inteligente Tuya 10A - 1 a 4 Botões com Alexa e Google Home,3256811560197924,GYTB-Perfect For Smart For Home Lighting Touch Switch With Wi-...,11.52,64.51,0.0,Nova,0,https://www.aliexpress.us/item/3256811560197924.html
Interruptor Touch Inteligente Tuya 10A - 1 a 4 Botões com Alexa e Google Home,3256809266305415,Tuya ZigBee 3.0 Switch Module 10A Smart Home DIY Breaker 1/2/3...,18.61,104.22,0.0,Nova,4,https://www.aliexpress.us/item/3256809266305415.html
Interruptor Touch Inteligente Tuya 10A - 1 a 4 Botões com Alexa e Google Home,3256812339587456,MOES Tuya Star Grand Series Matter WiFi Smart Light Switch 10A...,18.87,105.67,0.0,Nova,8,https://www.aliexpress.us/item/3256812339587456.html
Interruptor Touch Inteligente Tuya 10A - 1 a 4 Botões com Alexa e Google Home,3256811530873128,"ABBP-Smart Touch Switch With Wi-Fi And Voice Control - 10A, Re...",13.42,75.15,0.0,Nova,0,https://www.aliexpress.us/item/3256811530873128.html
Interruptor Touch Inteligente Tuya 10A - 1 a 4 Botões com Alexa e Google Home,3256806515492294,Tuya DIY Breaker Wifi Smart Light Switch Module 10A 100-240V T...,0.99,5.54,4.9,Estabelecida,1,https://www.aliexpress.us/item/3256806515492294.html
Interruptor Touch Inteligente Tuya 10A - 1 a 4 Botões com Alexa e Google Home,3256810034259625,MOES Tuya ZigBee Smart Light Switch US Push Button Wall Switch...,11.8,66.08,4.9,Estabelecida,5,https://www.aliexpress.us/item/3256810034259625.html
Interruptor Touch Inteligente Tuya 10A - 1 a 4 Botões com Alexa e Google Home,3256810034179957,Tuya WiFi Smart Light Switch Glass Touch Control Fireproof No ...,6.07,33.99,4.9,Estabelecida,600,https://www.aliexpress.us/item/3256810034179957.html
Interruptor Touch Inteligente Tuya 10A - 1 a 4 Botões com Alexa e Google Home,3256811467988286,MOES ZigBee Wireless 12 Scene Switch Tuya Smart 4 Gang Push Bu...,10.83,60.65,5.0,Estabelecida,108,https://www.aliexpress.us/item/3256811467988286.html
Interruptor Touch Inteligente Tuya 10A - 1 a 4 Botões com Alexa e Google Home,3256812093590202,WiFi Smart Switch 4*4 No Neutral 4/6 Gang Touch Light Wall Swi...,24.49,137.14,0.0,Nova,3,https://www.aliexpress.us/item/3256812093590202.html
Interruptor Touch Inteligente Tuya 10A - 1 a 4 Botões com Alexa e Google Home,3256812152164146,MOES Star Feather Tuya ZigBee Smart Touch Switch US 1/2/3/4 Ga...,25.09,140.5,0.0,Nova,413,https://www.aliexpress.us/item/3256812152164146.html
Interruptor Touch Inteligente Tuya 10A - 1 a 4 Botões com Alexa e Google Home,3256810573315370,1 2 3 4 Gang WiFi RF 433mhz Touch Wall Light Smart Wireless wi...,6.33,35.45,4.9,Estabelecida,5,https://www.aliexpress.us/item/3256810573315370.html
Interruptor Touch Inteligente Tuya 10A - 1 a 4 Botões com Alexa e Google Home,3256807353403136,US WiFi Smart Wall Switch Touch Sensor LED Light Switches RF43...,5.33,29.85,4.9,Estabelecida,5,https://www.aliexpress.us/item/3256807353403136.html
Interruptor Touch Inteligente Tuya 10A - 1 a 4 Botões com Alexa e Google Home,3256808457921988,MOES Tuya Matter WiFi Smart Light Button Switch EU Verison Rem...,20.09,112.5,5.0,Estabelecida,5,https://www.aliexpress.us/item/3256808457921988.html
Interruptor Touch Inteligente Tuya 10A - 1 a 4 Botões com Alexa e Google Home,3256811362117461,Tuya 4-Inch 6-In-1 Intelligent Screen Display Switch European/...,117.62,658.67,0.0,Nova,0,https://www.aliexpress.us/item/3256811362117461.html
Interruptor Touch Inteligente Tuya 10A - 1 a 4 Botões com Alexa e Google Home,3256812053040252,BSEED Smart Zigbee Switches 1/2/3Gang Intelligent Touch Light ...,20.13,112.73,5.0,Estabelecida,71,https://www.aliexpress.us/item/3256812053040252.html
Interruptor Touch Inteligente Tuya 10A - 1 a 4 Botões com Alexa e Google Home,3256812247988621,Tuya WiFi Smart Switch 1/2/3/4 Gang 4-Way Mini Smart Light Bre...,4.33,24.25,4.9,Estabelecida,500,https://www.aliexpress.us/item/3256812247988621.html
Interruptor Touch Inteligente Tuya 10A - 1 a 4 Botões com Alexa e Google Home,3256809850890018,MOES Tuya Wi-Fi Smart Button Wall Switch (US Single-Live/Neutr...,22.59,126.5,4.9,Estabelecida,2,https://www.aliexpress.us/item/3256809850890018.html
Interruptor Touch Inteligente Tuya 10A - 1 a 4 Botões com Alexa e Google Home,3256803253069334,GIRIER Tuya ZigBee 3.0 Smart Light Switch Module No Neutral Wi...,2.34,13.1,4.7,Estabelecida,1,https://www.aliexpress.us/item/3256803253069334.html
Interruptor Touch Inteligente Tuya 10A - 1 a 4 Botões com Alexa e Google Home,3256811830359465,WiFi Smart Touch Light Switch No Wiring 433MHz RF Remote Contr...,0.99,5.54,0.0,Nova,4,https://www.aliexpress.us/item/3256811830359465.html
Interruptor Touch Inteligente Tuya 10A - 1 a 4 Botões com Alexa e Google Home,3256811561834086,Tuya Smart Home ZigBee Smart Switch Touch Switch Full Screen S...,90.3,505.68,0.0,Nova,12,https://www.aliexpress.us/item/3256811561834086.html
Interruptor Touch Inteligente Tuya 10A - 1 a 4 Botões com Alexa e Google Home,3256811899459111,Mini Tuya ZigBee WiFi Intelligent Switch 2-Way Control Smart I...,0.99,5.54,0.0,Nova,6,https://www.aliexpress.us/item/3256811899459111.html
Interruptor Touch Inteligente Tuya 10A - 1 a 4 Botões com Alexa e Google Home,3256804290350212,2 Way Smart RF433 Remote Control Wall Light Touch Switch Light...,11.78,65.97,4.9,Estabelecida,218,https://www.aliexpress.us/item/3256804290350212.html
Interruptor Touch Inteligente Tuya 10A - 1 a 4 Botões com Alexa e Google Home,3256810077567961,MOES Tuya ZigBee Smart Light Switch No Neutral Wire No Capacit...,22.05,123.48,4.5,Estabelecida,22,https://www.aliexpress.us/item/3256810077567961.html
Interruptor Touch Inteligente Tuya 10A - 1 a 4 Botões com Alexa e Google Home,3256809232301946,MOES Tuya WiFi Smart Star Feather Switch EU Air Touch With Neu...,46.16,258.5,5.0,Estabelecida,109,https://www.aliexpress.us/item/3256809232301946.html
Interruptor Touch Inteligente Tuya 10A - 1 a 4 Botões com Alexa e Google Home,3256806858824971,LoraTap Tuya Smart Life Push Button 80*80 Curtain Switch Elect...,7.2,40.32,4.5,Estabelecida,600,https://www.aliexpress.us/item/3256806858824971.html
Máquina de Café Espresso Portátil USB para Viagem e Camping - Aquecimento Automático,3256812072270709,Portable 3 in 1 Electric Espresso Coffee Maker Rechargeable Se...,71.82,402.19,0.0,Nova,12,https://www.aliexpress.us/item/3256812072270709.html
Máquina de Café Espresso Portátil USB para Viagem e Camping - Aquecimento Automático,3256808809200999,Wireless Electric Portable Espresso Coffee Machine for Car & H...,32.0,179.2,4.8,Estabelecida,26,https://www.aliexpress.us/item/3256808809200999.html
Máquina de Café Espresso Portátil USB para Viagem e Camping - Aquecimento Automático,3256812505769741,HERO Espresso Capsule Machine 20Bar High-Pressure Portable Pro...,69.38,388.53,0.0,Nova,0,https://www.aliexpress.us/item/3256812505769741.html
Máquina de Café Espresso Portátil USB para Viagem e Camping - Aquecimento Automático,3256812002487249,HERO  Espresso Coffee Maker 20Bar High Pressure 58mm Portable ...,257.27,1440.71,0.0,Nova,0,https://www.aliexpress.us/item/3256812002487249.html
Máquina de Café Espresso Portátil USB para Viagem e Camping - Aquecimento Automático,3256811343846646,Zai xiao Portable Espresso Machine 3-in-1 Travel Coffee Maker ...,59.69,334.26,0.0,Nova,4,https://www.aliexpress.us/item/3256811343846646.html
Máquina de Café Espresso Portátil USB para Viagem e Camping - Aquecimento Automático,3256812141612927,"19 Bar Portable 3-in-1 Coffee Machine, Capsule & Ground Coffee...",78.18,437.81,0.0,Nova,0,https://www.aliexpress.us/item/3256812141612927.html
Máquina de Café Espresso Portátil USB para Viagem e Camping - Aquecimento Automático,3256812606117522,Portable Coffee Machine Wireless 3-In-1 Small Home Travel Offi...,60.73,340.09,0.0,Nova,0,https://www.aliexpress.us/item/3256812606117522.html
Máquina de Café Espresso Portátil USB para Viagem e Camping - Aquecimento Automático,3256811496988806,"7800mAh Long-Lasting 3-in-1 Portable Coffee Maker, Electric Ca...",30.72,172.03,4.6,Estabelecida,66,https://www.aliexpress.us/item/3256811496988806.html
Máquina de Café Espresso Portátil USB para Viagem e Camping - Aquecimento Automático,3256812217928023,4-in-1 Portable Electric Coffee Maker with Grinder USB Recharg...,80.18,449.01,0.0,Nova,0,https://www.aliexpress.us/item/3256812217928023.html
Máquina de Café Espresso Portátil USB para Viagem e Camping - Aquecimento Automático,3256812595123996,Mijia Portable Coffee Machine USB Rechargeable Mini Maker Dual...,155.46,870.58,0.0,Nova,4,https://www.aliexpress.us/item/3256812595123996.html
Máquina de Café Espresso Portátil USB para Viagem e Camping - Aquecimento Automático,3256812247311192,CERA+ PCM03S-18g-20g Portable hine USB Travel Coffee Maker wit...,224.01,1254.46,0.0,Nova,0,https://www.aliexpress.us/item/3256812247311192.html
Máquina de Café Espresso Portátil USB para Viagem e Camping - Aquecimento Automático,3256811765269622,Portable Espresso Machine 3-in-1 Travel Coffee Maker for Campi...,61.32,343.39,0.0,Nova,0,https://www.aliexpress.us/item/3256811765269622.html
Máquina de Café Espresso Portátil USB para Viagem e Camping - Aquecimento Automático,3256810258945639,Portable Espresso Coffee Machine Heating Coffee Maker Recharge...,105.03,588.17,5.0,Estabelecida,17,https://www.aliexpress.us/item/3256810258945639.html
Máquina de Café Espresso Portátil USB para Viagem e Camping - Aquecimento Automático,3256805498946261,HiBREW G5 48mm Conical Burr Electric Coffee Grinder Compact Po...,143.78,805.17,4.8,Estabelecida,10,https://www.aliexpress.us/item/3256805498946261.html
Máquina de Café Espresso Portátil USB para Viagem e Camping - Aquecimento Automático,3256812082547354,CERA+ PCM03S-MAX 18g-20g Portable Coffee Machine USB Travel Co...,235.18,1317.01,0.0,Nova,0,https://www.aliexpress.us/item/3256812082547354.html
Máquina de Café Espresso Portátil USB para Viagem e Camping - Aquecimento Automático,3256812145896972,Portable USB Rechargeable 3-in-1 Espresso Coffee Machine Elect...,255.72,1432.03,0.0,Nova,0,https://www.aliexpress.us/item/3256812145896972.html
"Hub de Automação Residencial 10.1 Polegadas Touch com WiFi, RJ45, PoE e NFC - Hotelaria",3256810146114662,MOES Tuya Smart ZigBee Bluetooth Multi-Mode Gateway Hub Type-C...,8.62,48.27,5.0,Estabelecida,1,https://www.aliexpress.us/item/3256810146114662.html
"Hub de Automação Residencial 10.1 Polegadas Touch com WiFi, RJ45, PoE e NFC - Hotelaria",3256807636281619,1000Mbps RJ45 Splitter 1 to 4 Ethernet Adapter Network Splitte...,3.33,18.65,4.9,Estabelecida,5,https://www.aliexpress.us/item/3256807636281619.html
"Hub de Automação Residencial 10.1 Polegadas Touch com WiFi, RJ45, PoE e NFC - Hotelaria",3256807670660211,TTLock APP Device G3 Gateway With RJ45 Ethernet Port Smart Doo...,24.99,139.94,4.9,Estabelecida,1,https://www.aliexpress.us/item/3256807670660211.html
"Hub de Automação Residencial 10.1 Polegadas Touch com WiFi, RJ45, PoE e NFC - Hotelaria",3256809231255289,"【Tuya WiFi】5"" Smart Control Panel|   Alexa+ZigBee Gateway|   U...",460.68,2579.81,0.0,Nova,2,https://www.aliexpress.us/item/3256809231255289.html
"Hub de Automação Residencial 10.1 Polegadas Touch com WiFi, RJ45, PoE e NFC - Hotelaria",3256807069507421,2026 New 10.1 Inch Proximity Sensing Android POE Tablet Wall M...,330.94,1853.26,4.7,Estabelecida,1,https://www.aliexpress.us/item/3256807069507421.html
"Hub de Automação Residencial 10.1 Polegadas Touch com WiFi, RJ45, PoE e NFC - Hotelaria",3256805045468307,TEROW POE Switch Full Gigabit 5 Ports 1000Mbps Network LAN RJ4...,26.0,145.6,0.0,Nova,1,https://www.aliexpress.us/item/3256805045468307.html
"Hub de Automação Residencial 10.1 Polegadas Touch com WiFi, RJ45, PoE e NFC - Hotelaria",3256807484150648,Tuya Smart Home Control Panel 10inch multilingual Touch Screen...,612.68,3431.01,0.0,Nova,4,https://www.aliexpress.us/item/3256807484150648.html
"Hub de Automação Residencial 10.1 Polegadas Touch com WiFi, RJ45, PoE e NFC - Hotelaria",3256812440976119,TTLock TThotel G2 G3 G3P G4 G5 G6 Gateway Hub WiFi RJ45 POE 4G...,13.03,72.97,5.0,Estabelecida,32,https://www.aliexpress.us/item/3256812440976119.html
"Hub de Automação Residencial 10.1 Polegadas Touch com WiFi, RJ45, PoE e NFC - Hotelaria",3256807883817374,EWIND POE Switch 6 Ports 10/100Mbps AI Smart Ethernet Switch w...,0.99,5.54,0.0,Nova,13,https://www.aliexpress.us/item/3256807883817374.html
"Hub de Automação Residencial 10.1 Polegadas Touch com WiFi, RJ45, PoE e NFC - Hotelaria",3256808816721161,Zigbee Gateway Hub Tuya Smart Home WIFI Bluetooth Wireless Mul...,16.79,94.02,4.7,Estabelecida,2,https://www.aliexpress.us/item/3256808816721161.html
"Hub de Automação Residencial 10.1 Polegadas Touch com WiFi, RJ45, PoE e NFC - Hotelaria",3256806438440666,"MOES Matter Gateway, Enjoy Smart Home Control with Tuya Zigbee...",83.82,469.39,4.7,Estabelecida,3,https://www.aliexpress.us/item/3256806438440666.html
"Hub de Automação Residencial 10.1 Polegadas Touch com WiFi, RJ45, PoE e NFC - Hotelaria",3256809081665343,New POE RJ45 Ethernet Switch SFP 48V with for 802.3af/at Uplin...,15.57,87.19,4.8,Estabelecida,1,https://www.aliexpress.us/item/3256809081665343.html
"Hub de Automação Residencial 10.1 Polegadas Touch com WiFi, RJ45, PoE e NFC - Hotelaria",3256809975541244,"AVATTO ZigBee 3.0 Dongle To Ethernet, USB, And WiFi Gateway Co...",42.98,240.69,5.0,Estabelecida,35,https://www.aliexpress.us/item/3256809975541244.html
"Hub de Automação Residencial 10.1 Polegadas Touch com WiFi, RJ45, PoE e NFC - Hotelaria",3256809127318463,Tuya Smart Home Controls Panel 10.1 Inch Touch Screen with Blu...,516.59,2892.9,4.6,Estabelecida,18,https://www.aliexpress.us/item/3256809127318463.html
"Hub de Automação Residencial 10.1 Polegadas Touch com WiFi, RJ45, PoE e NFC - Hotelaria",3256812000165734,2026new Android POE Tablet 10.1 inch Smart Home Control Panel ...,412.28,2308.77,0.0,Nova,1,https://www.aliexpress.us/item/3256812000165734.html
"Hub de Automação Residencial 10.1 Polegadas Touch com WiFi, RJ45, PoE e NFC - Hotelaria",3256811534496573,"10.1"" Android 14 Wall Mount POE Smart Home Touch Tablet RK3576...",319.95,1791.72,5.0,Estabelecida,12,https://www.aliexpress.us/item/3256811534496573.html
"Hub de Automação Residencial 10.1 Polegadas Touch com WiFi, RJ45, PoE e NFC - Hotelaria",3256807150152829,KuWFi POE Switch 4/8 Ports 100Mbps Network Ethernet Switch wit...,13.0,72.8,4.7,Estabelecida,443,https://www.aliexpress.us/item/3256807150152829.html
"Hub de Automação Residencial 10.1 Polegadas Touch com WiFi, RJ45, PoE e NFC - Hotelaria",3256809676432675,1000Mbps RJ45 Splitter 1 To 2/3/4 Ethernet Extension Adapter L...,0.99,5.54,5.0,Estabelecida,13,https://www.aliexpress.us/item/3256809676432675.html
"Hub de Automação Residencial 10.1 Polegadas Touch com WiFi, RJ45, PoE e NFC - Hotelaria",3256809479650715,New 6-Port POE RJ45 Ethernet Switch with for 802.3af/at Smart ...,11.39,63.78,0.0,Nova,17,https://www.aliexpress.us/item/3256809479650715.html
"Hub de Automação Residencial 10.1 Polegadas Touch com WiFi, RJ45, PoE e NFC - Hotelaria",3256807521252958,4CH Tuya Wifi Smart Switch AC 220V 85-250V 7-32V 10A Relay Int...,2.19,12.26,4.8,Estabelecida,600,https://www.aliexpress.us/item/3256807521252958.html
"Hub de Automação Residencial 10.1 Polegadas Touch com WiFi, RJ45, PoE e NFC - Hotelaria",3256809676821697,Gigabit Ethernet Splitter For PC Laptop TV Box Router Network ...,0.99,5.54,4.7,Estabelecida,136,https://www.aliexpress.us/item/3256809676821697.html
"Hub de Automação Residencial 10.1 Polegadas Touch com WiFi, RJ45, PoE e NFC - Hotelaria",3256809538350643,"Waveshare 2-Ch RS485 To RJ45 Ethernet Serial Server, Dual Chan...",33.94,190.06,5.0,Estabelecida,99,https://www.aliexpress.us/item/3256809538350643.html
"Hub de Automação Residencial 10.1 Polegadas Touch com WiFi, RJ45, PoE e NFC - Hotelaria",3256806140965325,TEROW POE Gigabit Switch 4/8/16/24 Ports 1000Mbps Network Ethe...,30.37,170.07,4.9,Estabelecida,35,https://www.aliexpress.us/item/3256806140965325.html
"Hub de Automação Residencial 10.1 Polegadas Touch com WiFi, RJ45, PoE e NFC - Hotelaria",3256808876517254,TTLock Or TTHotel APP Device G3 Gateway Bluetooth-compatible T...,14.23,79.69,5.0,Estabelecida,184,https://www.aliexpress.us/item/3256808876517254.html
"Hub de Automação Residencial 10.1 Polegadas Touch com WiFi, RJ45, PoE e NFC - Hotelaria",3256805793573755,ONTi 2.5GbE Switch 2.5GBASE-T 4 Port 2.5G RJ45 with 2 Port 10G...,44.99,251.94,4.6,Estabelecida,201,https://www.aliexpress.us/item/3256805793573755.html
"Hub de Automação Residencial 10.1 Polegadas Touch com WiFi, RJ45, PoE e NFC - Hotelaria",3256812239210201,EWIND Ethernet Switch 5/8 Ports Desktop Gigabit Network Switch...,8.45,47.32,0.0,Nova,0,https://www.aliexpress.us/item/3256812239210201.html
"Hub de Automação Residencial 10.1 Polegadas Touch com WiFi, RJ45, PoE e NFC - Hotelaria",3256811958655894,8-in-1 USB C Hub PD 100W Charging USB C Multiport Adapter SD T...,18.26,102.26,0.0,Nova,0,https://www.aliexpress.us/item/3256811958655894.html
"Hub de Automação Residencial 10.1 Polegadas Touch com WiFi, RJ45, PoE e NFC - Hotelaria",3256806668375613,Reverse PoE Switch 8 RJ45 2 SC Serat Gigabit Ethernet Switch O...,21.99,123.14,5.0,Estabelecida,298,https://www.aliexpress.us/item/3256806668375613.html
"Hub de Automação Residencial 10.1 Polegadas Touch com WiFi, RJ45, PoE e NFC - Hotelaria",3256808868866488,SLZB-06/M/P7/P10/MR1 Zigbee3.0 Gateway Coordinator with PoE Et...,42.78,239.57,5.0,Estabelecida,143,https://www.aliexpress.us/item/3256808868866488.html
"Hub de Automação Residencial 10.1 Polegadas Touch com WiFi, RJ45, PoE e NFC - Hotelaria",3256811549947650,Tuya zigbee bluetooth multi mode gateway hub dual-band wifi sm...,15.72,88.03,5.0,Estabelecida,4,https://www.aliexpress.us/item/3256811549947650.html
"Hub de Automação Residencial 10.1 Polegadas Touch com WiFi, RJ45, PoE e NFC - Hotelaria",3256811613943597,Ethernet Splitter 1 to 3/4 Gigabit Network Splitter 1000Mbps I...,11.36,63.62,0.0,Nova,1,https://www.aliexpress.us/item/3256811613943597.html
"Hub de Automação Residencial 10.1 Polegadas Touch com WiFi, RJ45, PoE e NFC - Hotelaria",3256811866247177,Ethernet Splitter 1 To 3/4 1000Mbps Internet Cable Splitter Ne...,11.74,65.74,0.0,Nova,0,https://www.aliexpress.us/item/3256811866247177.html
"Hub de Automação Residencial 10.1 Polegadas Touch com WiFi, RJ45, PoE e NFC - Hotelaria",3256807271467694,A16 ESP32 ESPHome Relay Baord Support Ethernet WiFi I2C RF 433...,40.36,226.02,4.9,Estabelecida,700,https://www.aliexpress.us/item/3256807271467694.html
"Hub de Automação Residencial 10.1 Polegadas Touch com WiFi, RJ45, PoE e NFC - Hotelaria",3256805370859045,Network Switch Mini 5Ports Switch Ethernet 1000Mbps/100Mbps Gi...,6.4,35.84,4.7,Estabelecida,1,https://www.aliexpress.us/item/3256805370859045.html
"Hub de Automação Residencial 10.1 Polegadas Touch com WiFi, RJ45, PoE e NFC - Hotelaria",3256811572664375,Smart Home Automation Multi-Mode WiFi Hub Wireless Zigbee Gate...,44.42,248.75,0.0,Nova,0,https://www.aliexpress.us/item/3256811572664375.html
"Hub de Automação Residencial 10.1 Polegadas Touch com WiFi, RJ45, PoE e NFC - Hotelaria",3256811855029574,New wall mounted 10.1 inch android POE tablet withsmart home c...,585.93,3281.21,0.0,Nova,2,https://www.aliexpress.us/item/3256811855029574.html
"Hub de Automação 10.1 Polegadas WiFi Zigbee 3.0 Bluetooth - Hotelaria com Voz, PoE e 4G",3256812032060255,Smart Gateway Hub for Tuya Multi-model Gateway Smart Home Brid...,6.63,37.13,4.9,Estabelecida,439,https://www.aliexpress.us/item/3256812032060255.html
"Hub de Automação 10.1 Polegadas WiFi Zigbee 3.0 Bluetooth - Hotelaria com Voz, PoE e 4G",3256803205233414,BSEED Tuya Zigbee Smart Gateway Hub Wireless Home Bridge Wifi ...,15.54,87.02,4.8,Estabelecida,113,https://www.aliexpress.us/item/3256803205233414.html
"Hub de Automação 10.1 Polegadas WiFi Zigbee 3.0 Bluetooth - Hotelaria com Voz, PoE e 4G",3256808677431988,Tuya Smart Multi-mode ZigBee  Gateway Bluetooth Mesh Hub Bridg...,14.96,83.78,4.7,Estabelecida,195,https://www.aliexpress.us/item/3256808677431988.html
"Hub de Automação 10.1 Polegadas WiFi Zigbee 3.0 Bluetooth - Hotelaria com Voz, PoE e 4G",3256812096051053,"MOES Smart Home Hub,Bluetooth/ZigBee/Multi-mode Gateway,Compat...",17.25,96.6,0.0,Nova,23,https://www.aliexpress.us/item/3256812096051053.html
"Hub de Automação 10.1 Polegadas WiFi Zigbee 3.0 Bluetooth - Hotelaria com Voz, PoE e 4G",3256812217465890,GIRIER Tuya ZigBee 3.0 Wired Gateway Hub Smart Wireless Multi-...,15.96,89.38,0.0,Nova,7,https://www.aliexpress.us/item/3256812217465890.html
"Hub de Automação 10.1 Polegadas WiFi Zigbee 3.0 Bluetooth - Hotelaria com Voz, PoE e 4G",3256803420518092,SONOFF ZB Dongle-P Zigbee 3.0 USB Dongle Plus Universal Zigbee...,9.5,53.2,4.9,Estabelecida,5,https://www.aliexpress.us/item/3256803420518092.html
"Hub de Automação 10.1 Polegadas WiFi Zigbee 3.0 Bluetooth - Hotelaria com Voz, PoE e 4G",3256812188199606,Tuya Multi-mode Smart Gateway Zigbee 3.0 WiFi Bluetooth Home A...,5.36,30.02,4.9,Estabelecida,246,https://www.aliexpress.us/item/3256812188199606.html
"Hub de Automação 10.1 Polegadas WiFi Zigbee 3.0 Bluetooth - Hotelaria com Voz, PoE e 4G",3256809997150064,MOES Tuya WiFi/Zigbee Mini Smart Switch Module DIY 1-4 Gang Vo...,4.39,24.58,4.9,Estabelecida,1,https://www.aliexpress.us/item/3256809997150064.html
"Hub de Automação 10.1 Polegadas WiFi Zigbee 3.0 Bluetooth - Hotelaria com Voz, PoE e 4G",3256803914149652,MOES Tuya Smart Wired Multi-mode Gateway ZigBee Bluetooth Mesh...,37.08,207.65,4.9,Estabelecida,74,https://www.aliexpress.us/item/3256803914149652.html
"Hub de Automação 10.1 Polegadas WiFi Zigbee 3.0 Bluetooth - Hotelaria com Voz, PoE e 4G",3256809694346234,Tuya Zigbee Bluetooth Smart Home Gateway Hub with Plug Plug-in...,11.35,63.56,4.7,Estabelecida,185,https://www.aliexpress.us/item/3256809694346234.html
"Hub de Automação 10.1 Polegadas WiFi Zigbee 3.0 Bluetooth - Hotelaria com Voz, PoE e 4G",3256809955606323,Tuya Zigbee Wireless Hub Bluetooth-Compatible Gateway For Smar...,10.77,60.31,5.0,Estabelecida,71,https://www.aliexpress.us/item/3256809955606323.html
"Hub de Automação 10.1 Polegadas WiFi Zigbee 3.0 Bluetooth - Hotelaria com Voz, PoE e 4G",3256809441109253,"MOES Smart Switch 1-4 Gang WiFi/Zigbee Module, Works with Alex...",4.33,24.25,4.8,Estabelecida,700,https://www.aliexpress.us/item/3256809441109253.html
"Hub de Automação 10.1 Polegadas WiFi Zigbee 3.0 Bluetooth - Hotelaria com Voz, PoE e 4G",3256805713990568,Tuya Smart Life Multi-mode Gateway Smart Home Automation Hub Z...,14.79,82.82,4.7,Estabelecida,5,https://www.aliexpress.us/item/3256805713990568.html
"Hub de Automação 10.1 Polegadas WiFi Zigbee 3.0 Bluetooth - Hotelaria com Voz, PoE e 4G",3256809536398385,Lincukoo Tuya Zigbee/Bluetooth Gateway Smart Wireless Hub Gate...,0.99,5.54,4.7,Estabelecida,1,https://www.aliexpress.us/item/3256809536398385.html
"Hub de Automação 10.1 Polegadas WiFi Zigbee 3.0 Bluetooth - Hotelaria com Voz, PoE e 4G",3256805927050653,X5 Project Tuya Zigbee Gateway With Enhanced Strong Signal Wir...,73.82,413.39,4.8,Estabelecida,500,https://www.aliexpress.us/item/3256805927050653.html
"Hub de Automação 10.1 Polegadas WiFi Zigbee 3.0 Bluetooth - Hotelaria com Voz, PoE e 4G",3256804519297649,ZigBee / Wifi MmWave Human Presence Motion Sensor With Luminan...,13.59,76.1,4.8,Estabelecida,500,https://www.aliexpress.us/item/3256804519297649.html
"Hub de Automação 10.1 Polegadas WiFi Zigbee 3.0 Bluetooth - Hotelaria com Voz, PoE e 4G",3256809739346658,MOES Tuya Smart ZigBee Multi-mode Gateway Bluetooth Mesh Hub 3...,24.03,134.57,4.8,Estabelecida,164,https://www.aliexpress.us/item/3256809739346658.html
"Hub de Automação 10.1 Polegadas WiFi Zigbee 3.0 Bluetooth - Hotelaria com Voz, PoE e 4G",3256804043360429,SONOFF ZB Bridge-P ZigBee Pro ESP32 Gateway Wi-Fi ZigBee Dual-...,10.59,59.3,4.8,Estabelecida,2,https://www.aliexpress.us/item/3256804043360429.html
"Hub de Automação 10.1 Polegadas WiFi Zigbee 3.0 Bluetooth - Hotelaria com Voz, PoE e 4G",3256804518651916,ZigBee Wifi MmWave Human Presence Motion Sensor With Luminance...,2.69,15.06,4.7,Estabelecida,4,https://www.aliexpress.us/item/3256804518651916.html
"Hub de Automação 10.1 Polegadas WiFi Zigbee 3.0 Bluetooth - Hotelaria com Voz, PoE e 4G",3256804369129807,SONOFF ZB Dongle-E USB Dongle Zigbee 3.0 Gateway Analyzer Wire...,10.63,59.53,4.9,Estabelecida,3,https://www.aliexpress.us/item/3256804369129807.html
"Hub de Automação 10.1 Polegadas WiFi Zigbee 3.0 Bluetooth - Hotelaria com Voz, PoE e 4G",3256804354647435,SONOFF ZBDongle-E USB Dongle Plus ZigBee 3.0 Wireless Zigbee G...,10.89,60.98,4.9,Estabelecida,600,https://www.aliexpress.us/item/3256804354647435.html
"Hub de Automação 10.1 Polegadas WiFi Zigbee 3.0 Bluetooth - Hotelaria com Voz, PoE e 4G",3256810365732232,Tuya Smart LifeAPP Multi-mode Gateway ZigBee Bluetooth Wireles...,7.65,42.84,4.8,Estabelecida,208,https://www.aliexpress.us/item/3256810365732232.html
"Hub de Automação 10.1 Polegadas WiFi Zigbee 3.0 Bluetooth - Hotelaria com Voz, PoE e 4G",3256805357075686,Tuya ZigBee Multi-mode Gateway Hub Smart Home WiFi Bridge Blue...,15.19,85.06,4.7,Estabelecida,3,https://www.aliexpress.us/item/3256805357075686.html
"Hub de Automação 10.1 Polegadas WiFi Zigbee 3.0 Bluetooth - Hotelaria com Voz, PoE e 4G",3256804188235391,SONOFF ZBDongle Zigbee 3.0 USB Gateway ZBDongle Plus Universal...,10.81,60.54,5.0,Estabelecida,600,https://www.aliexpress.us/item/3256804188235391.html
"Hub de Automação 10.1 Polegadas WiFi Zigbee 3.0 Bluetooth - Hotelaria com Voz, PoE e 4G",3256812183091410,Shelly BLU Button Tough 1 ZB Bluetooth Operated Zigbee Smart B...,28.51,159.66,0.0,Nova,19,https://www.aliexpress.us/item/3256812183091410.html
"Hub de Automação 10.1 Polegadas WiFi Zigbee 3.0 Bluetooth - Hotelaria com Voz, PoE e 4G",3256810399239537,2.4G-5GHz Bluetooth Zigbee Wireless Gateway For Tuya Smart App...,15.4,86.24,5.0,Estabelecida,14,https://www.aliexpress.us/item/3256810399239537.html
"Hub de Automação 10.1 Polegadas WiFi Zigbee 3.0 Bluetooth - Hotelaria com Voz, PoE e 4G",3256805944508865,IMOU Zigbee Smart Gateway Hub Wireless Remote Control Wi-Fi & ...,15.47,86.63,4.8,Estabelecida,346,https://www.aliexpress.us/item/3256805944508865.html
"Hub de Automação 10.1 Polegadas WiFi Zigbee 3.0 Bluetooth - Hotelaria com Voz, PoE e 4G",3256805800513519,ZigBee/Wifi MmWave Radar Human Presence Motion Sensor Light Sw...,23.19,129.86,5.0,Estabelecida,600,https://www.aliexpress.us/item/3256805800513519.html
"Hub de Automação 10.1 Polegadas WiFi Zigbee 3.0 Bluetooth - Hotelaria com Voz, PoE e 4G",3256812570829073,No Neutral Tuya Smart 2 Gang Magnetic Relay Switch Module ZigB...,21.69,121.46,0.0,Nova,1,https://www.aliexpress.us/item/3256812570829073.html
"Hub de Automação 10.1 Polegadas WiFi Zigbee 3.0 Bluetooth - Hotelaria com Voz, PoE e 4G",3256808133060863,2.4G 5G Tuya Multi Mode ZigBee Bluetooth Gateway Hub Wireless ...,15.98,89.49,5.0,Estabelecida,10,https://www.aliexpress.us/item/3256808133060863.html
"Hub de Automação 10.1 Polegadas WiFi Zigbee 3.0 Bluetooth - Hotelaria com Voz, PoE e 4G",3256811354871301,Sonoff Zigbee Bridge Pro Zbbridge P ESP32 Gateway Wi-Fi ZigBee...,22.27,124.71,4.9,Estabelecida,347,https://www.aliexpress.us/item/3256811354871301.html
"Hub de Automação 10.1 Polegadas WiFi Zigbee 3.0 Bluetooth - Hotelaria com Voz, PoE e 4G",3256803947507068,Tuya ZigBee 3.0 Smart Gateway Hub Multi-Mode Smart Home Bridge...,13.58,76.05,5.0,Estabelecida,39,https://www.aliexpress.us/item/3256803947507068.html
"Hub de Automação 10.1 Polegadas WiFi Zigbee 3.0 Bluetooth - Hotelaria com Voz, PoE e 4G",3256804519357386,ZigBee Wifi MmWave Human Presence Motion Sensor With Luminance...,13.81,77.34,4.6,Estabelecida,700,https://www.aliexpress.us/item/3256804519357386.html
"Hub de Automação 10.1 Polegadas WiFi Zigbee 3.0 Bluetooth - Hotelaria com Voz, PoE e 4G",3256805400332301,AVATTO Zigbee Gateway Hub，ZigBee Bluetooth Multi Mode Smart Wi...,15.58,87.25,4.9,Estabelecida,61,https://www.aliexpress.us/item/3256805400332301.html
"Hub de Automação 10.1 Polegadas WiFi Zigbee 3.0 Bluetooth - Hotelaria com Voz, PoE e 4G",3256808001629878,Bluetooth Mesh + ZigBee 3.0 Multi-mode USB Wireless Gateway Hu...,21.69,121.46,5.0,Estabelecida,19,https://www.aliexpress.us/item/3256808001629878.html
"Hub de Automação 10.1 Polegadas WiFi Zigbee 3.0 Bluetooth - Hotelaria com Voz, PoE e 4G",3256812464206302,L63A Tuya Smart ZigBee Hub Gateway Smart Home Bridge Smart Lif...,23.86,133.62,0.0,Nova,0,https://www.aliexpress.us/item/3256812464206302.html
"Hub de Automação 10.1 Polegadas WiFi Zigbee 3.0 Bluetooth - Hotelaria com Voz, PoE e 4G",3256812576761811,WiFi ZigBee Smart Thermostat Temperature Controller Water Elec...,54.61,305.82,0.0,Nova,0,https://www.aliexpress.us/item/3256812576761811.html
"Hub de Automação 10.1 Polegadas WiFi Zigbee 3.0 Bluetooth - Hotelaria com Voz, PoE e 4G",3256806212864346,MOES Tuya ZigBee/BLE Smart Gateway Hub Smart Home Bridge Smart...,25.06,140.34,4.8,Estabelecida,41,https://www.aliexpress.us/item/3256806212864346.html
"Hub de Automação 10.1 Polegadas WiFi Zigbee 3.0 Bluetooth - Hotelaria com Voz, PoE e 4G",3256807442929460,Plug-in Tuya Wireless Multi Mode ZigBee Bluetooth Gateway Hub ...,22.01,123.26,5.0,Estabelecida,40,https://www.aliexpress.us/item/3256807442929460.html
YG-T10 Rastreador GPS Veicular 4G com Garantia de 1 Ano - Suporte Global,3256807498754437,Trend 2Pcs Tai Chi Yin Yang Eight Trigrams Pendant Black PU Le...,1.06,5.94,4.8,Estabelecida,156,https://www.aliexpress.us/item/3256807498754437.html
YG-T10 Rastreador GPS Veicular 4G com Garantia de 1 Ano - Suporte Global,3256803626262343,Fashion Stainless Steel Yin Ying Yang Pendant Necklace Black W...,0.99,5.54,4.7,Estabelecida,392,https://www.aliexpress.us/item/3256803626262343.html
YG-T10 Rastreador GPS Veicular 4G com Garantia de 1 Ano - Suporte Global,3256810356835546,4G GPS Tracker For Vehicle 7500mAh Long Battery Strong Magneti...,24.81,138.94,4.6,Estabelecida,72,https://www.aliexpress.us/item/3256810356835546.html
YG-T10 Rastreador GPS Veicular 4G com Garantia de 1 Ano - Suporte Global,3256808112282862,Funny Yin Yang Graphic T Shirts Men Women Pure Cotton Humor St...,8.2,45.92,4.7,Estabelecida,27,https://www.aliexpress.us/item/3256808112282862.html
YG-T10 Rastreador GPS Veicular 4G com Garantia de 1 Ano - Suporte Global,3256810542870649,Mr.Yang 2015/2020 High Strength Solder Wick Rosin Powder Formu...,6.47,36.23,5.0,Estabelecida,3,https://www.aliexpress.us/item/3256810542870649.html
YG-T10 Rastreador GPS Veicular 4G com Garantia de 1 Ano - Suporte Global,3256809730872799,GPS Tracker Car TKSTAR TK905 2G 4G Magnet 5000mAh 90 Days Stan...,38.0,212.8,4.7,Estabelecida,450,https://www.aliexpress.us/item/3256809730872799.html
YG-T10 Rastreador GPS Veicular 4G com Garantia de 1 Ano - Suporte Global,3256807699654977,Yin Yang Spiritual Design Meditation Yoga Yinyang Distressed P...,24.7,138.32,0.0,Nova,17,https://www.aliexpress.us/item/3256807699654977.html
YG-T10 Rastreador GPS Veicular 4G com Garantia de 1 Ano - Suporte Global,3256811621541924,Wireless GPS Tracker for Car Anti-Theft | Global Real-Time Veh...,7.68,43.01,4.9,Estabelecida,3,https://www.aliexpress.us/item/3256811621541924.html
YG-T10 Rastreador GPS Veicular 4G com Garantia de 1 Ano - Suporte Global,3256805492018076,2Pcs Tai Chi Yin Yang Eight Trigrams Pendant Necklaces Set for...,2.25,12.6,4.8,Estabelecida,224,https://www.aliexpress.us/item/3256805492018076.html
YG-T10 Rastreador GPS Veicular 4G com Garantia de 1 Ano - Suporte Global,3256802765717206,Yin Yang Tai Chi Keychain BFF Best Friends Couple Matching Set...,1.12,6.27,4.8,Estabelecida,208,https://www.aliexpress.us/item/3256802765717206.html
YG-T10 Rastreador GPS Veicular 4G com Garantia de 1 Ano - Suporte Global,3256808379408480,TrackerKing 3pieces J16 4G Vehicle GPS Tracker CAT1 ACC Relay ...,34.43,192.81,4.7,Estabelecida,129,https://www.aliexpress.us/item/3256808379408480.html
YG-T10 Rastreador GPS Veicular 4G com Garantia de 1 Ano - Suporte Global,3256805486977898,Simple Yin Yang Brooches Pins Personality Black White Tai Chi ...,1.92,10.75,4.5,Estabelecida,84,https://www.aliexpress.us/item/3256805486977898.html
YG-T10 Rastreador GPS Veicular 4G com Garantia de 1 Ano - Suporte Global,3256806024284844,Car Tracker 4G GPS Tracker Car TK915 10000mAh TKSTAR 2G 4G GPS...,49.89,279.38,4.6,Estabelecida,51,https://www.aliexpress.us/item/3256806024284844.html
YG-T10 Rastreador GPS Veicular 4G com Garantia de 1 Ano - Suporte Global,3256810445439220,2Pcs Yin Yang Silicone Rubber Bracelets Unique Design Stylish ...,2.83,15.85,4.5,Estabelecida,32,https://www.aliexpress.us/item/3256810445439220.html
YG-T10 Rastreador GPS Veicular 4G com Garantia de 1 Ano - Suporte Global,2251832810887626,Exquisite pairing China yin yang couple keychain creative car ...,1.42,7.95,5.0,Estabelecida,31,https://www.aliexpress.us/item/2251832810887626.html
YG-T10 Rastreador GPS Veicular 4G com Garantia de 1 Ano - Suporte Global,3256808411877305,Yin Yang Graphic Printed Man T-Shirt Equilibrium Chinese Marti...,4.91,27.5,5.0,Estabelecida,13,https://www.aliexpress.us/item/3256808411877305.html
YG-T10 Rastreador GPS Veicular 4G com Garantia de 1 Ano - Suporte Global,3256809010572287,New Distance Classic Natural Stone White Black Yin Yang Beaded...,0.99,5.54,4.9,Estabelecida,40,https://www.aliexpress.us/item/3256809010572287.html
YG-T10 Rastreador GPS Veicular 4G com Garantia de 1 Ano - Suporte Global,3256807142088112,Car Tracker GPS Tracker Car 10000mAh 2G 4G TKSTAR TK905B GPS L...,37.99,212.74,5.0,Estabelecida,40,https://www.aliexpress.us/item/3256807142088112.html
YG-T10 Rastreador GPS Veicular 4G com Garantia de 1 Ano - Suporte Global,3256810046591456,Yin graphic Yang shirt 100% Symbol men t man T-Shirt cotton t ...,12.64,70.78,0.0,Nova,24,https://www.aliexpress.us/item/3256810046591456.html
YG-T10 Rastreador GPS Veicular 4G com Garantia de 1 Ano - Suporte Global,3256812159967490,Metallica - Yin Yang Print T-Shirt - Street Casual T-Shirt for...,8.47,47.43,5.0,Estabelecida,1,https://www.aliexpress.us/item/3256812159967490.html
YG-T10 Rastreador GPS Veicular 4G com Garantia de 1 Ano - Suporte Global,3256810577295073,"2D Flat, 1pc Yin Yang Acrylic Round Wall Art - 24-Hour Daily S...",4.44,24.86,5.0,Estabelecida,7,https://www.aliexpress.us/item/3256810577295073.html
YG-T10 Rastreador GPS Veicular 4G com Garantia de 1 Ano - Suporte Global,3256810439581958,4G+2G Strong Magnet GPS Tracker | Car Historical Trajectory Tr...,11.36,63.62,5.0,Estabelecida,13,https://www.aliexpress.us/item/3256810439581958.html
YG-T10 Rastreador GPS Veicular 4G com Garantia de 1 Ano - Suporte Global,3256805538926543,Yin Yang Tai Chi Keychains Black and White Life Tree Key Chain...,1.15,6.44,0.0,Nova,43,https://www.aliexpress.us/item/3256805538926543.html
YG-T10 Rastreador GPS Veicular 4G com Garantia de 1 Ano - Suporte Global,3256812514884736,Men's Yin Yang Wolf Print T-Shirt - Lightweight Polyester Shor...,17.59,98.5,0.0,Nova,1,https://www.aliexpress.us/item/3256812514884736.html
YG-T10 Rastreador GPS Veicular 4G com Garantia de 1 Ano - Suporte Global,3256804235925598,2022 Summer Women Men 3D Printed T-shirt Yin Yang Gossip Punk ...,0.99,5.54,4.8,Estabelecida,11,https://www.aliexpress.us/item/3256804235925598.html
YG-T10 Rastreador GPS Veicular 4G com Garantia de 1 Ano - Suporte Global,3256810466333018,4G GPS Tracker Car Motorcycl Alarm Tracking Real-time GPS Loca...,29.11,163.02,5.0,Estabelecida,15,https://www.aliexpress.us/item/3256810466333018.html
YG-T10 Rastreador GPS Veicular 4G com Garantia de 1 Ano - Suporte Global,3256803324899716,Yin Yang Necklace Tai Chi Unisex Time Stone Cabochon Glass Pen...,1.12,6.27,4.9,Estabelecida,237,https://www.aliexpress.us/item/3256803324899716.html
YG-T10 Rastreador GPS Veicular 4G com Garantia de 1 Ano - Suporte Global,3256812165690367,4G GPS Tracker Car Tracker Magnet 7500mAh GPS Tracker 4G GPS L...,11.81,66.14,4.7,Estabelecida,321,https://www.aliexpress.us/item/3256812165690367.html
YG-T10 Rastreador GPS Veicular 4G com Garantia de 1 Ano - Suporte Global,3256806251640707,New Yin Yang Tai Chi Pendant Bracelets For Men Women Handmade ...,1.79,10.02,4.8,Estabelecida,50,https://www.aliexpress.us/item/3256806251640707.html
YG-T10 Rastreador GPS Veicular 4G com Garantia de 1 Ano - Suporte Global,3256812631686053,Tai Chi Yin Yang Couple Bracelet for Lover Handmade Woven Baid...,1.37,7.67,0.0,Nova,0,https://www.aliexpress.us/item/3256812631686053.html
YG-T10 Rastreador GPS Veicular 4G com Garantia de 1 Ano - Suporte Global,3256802123414254,Latest Motorcycle Car Relay GPS Tracker 4G 95V Hide Tracking D...,16.14,90.38,4.7,Estabelecida,185,https://www.aliexpress.us/item/3256802123414254.html
YG-T10 Rastreador GPS Veicular 4G com Garantia de 1 Ano - Suporte Global,3256812437152534,1PC JOOCAR Two Koi Fish Yin Yang Symbol Design Print Casual Al...,17.37,97.27,0.0,Nova,0,https://www.aliexpress.us/item/3256812437152534.html
YG-T10 Rastreador GPS Veicular 4G com Garantia de 1 Ano - Suporte Global,3256808568300809,5pcs Enamel Kung Fu Tai Chi Charms Pendants for Necklaces Earr...,0.99,5.54,5.0,Estabelecida,248,https://www.aliexpress.us/item/3256808568300809.html
YG-T10 Rastreador GPS Veicular 4G com Garantia de 1 Ano - Suporte Global,3256805259434885,Ice and Fire Phoenix Yin Yang Aurora Necklaces Double Sided Gl...,1.3,7.28,4.7,Estabelecida,249,https://www.aliexpress.us/item/3256805259434885.html
YG-T10 Rastreador GPS Veicular 4G com Garantia de 1 Ano - Suporte Global,3256809383601447,CJ730M Relay 4G GPS Tracker Car Motorcycle Locator Cut-Off Oil...,32.76,183.46,4.7,Estabelecida,51,https://www.aliexpress.us/item/3256809383601447.html
YG-T10 Rastreador GPS Veicular 4G com Garantia de 1 Ano - Suporte Global,3256807188835971,"3D Tai Chi Yin Yang Printed Men's T-shirt, Street Fashion Pers...",6.72,37.63,4.8,Estabelecida,12,https://www.aliexpress.us/item/3256807188835971.html
"Farol de LED 120W Bicolor 6500K Canbus - Compatível com H7, H11, 9012, H1 e H27",3256806823682830,roadsun H4 LED Headlight H1 H7 H8 H9 H11 9005 HB3 9006 HB4 Car...,3.33,18.65,4.9,Estabelecida,800,https://www.aliexpress.us/item/3256806823682830.html
"Farol de LED 120W Bicolor 6500K Canbus - Compatível com H7, H11, 9012, H1 e H27",3256810503934021,2PCS M7T 120W High Power 6500K 3000K4300K Tri-Color LED Headli...,19.61,109.82,0.0,Nova,1,https://www.aliexpress.us/item/3256810503934021.html
"Farol de LED 120W Bicolor 6500K Canbus - Compatível com H7, H11, 9012, H1 e H27",3256811954466289,LED H7 H4 H1 Bulbs for Car Headlight CANBUS Turbo Fan Auto Lig...,13.91,77.9,4.9,Estabelecida,351,https://www.aliexpress.us/item/3256811954466289.html
"Farol de LED 120W Bicolor 6500K Canbus - Compatível com H7, H11, 9012, H1 e H27",3256806669668950,YHKOMS 2 Pcs H4 H7 LED 4300K 6500K 8000K Car LED Headlight H8 ...,8.75,49.0,4.8,Estabelecida,194,https://www.aliexpress.us/item/3256806669668950.html
"Farol de LED 120W Bicolor 6500K Canbus - Compatível com H7, H11, 9012, H1 e H27",3256807281381790,H4 LED Headlights 20000LM 120W LED H7 H1 H11 H8 H9 9005 9006 H...,8.73,48.89,5.0,Estabelecida,64,https://www.aliexpress.us/item/3256807281381790.html
"Farol de LED 120W Bicolor 6500K Canbus - Compatível com H7, H11, 9012, H1 e H27",3256804445317668,H4 LED H7 Headlight 20000LM CSP Chip LED H1 H11 H8 H9 9005 HB3...,10.21,57.18,4.5,Estabelecida,70,https://www.aliexpress.us/item/3256804445317668.html
"Farol de LED 120W Bicolor 6500K Canbus - Compatível com H7, H11, 9012, H1 e H27",3256808897616023,H7 H4 Led Canbus Lights for Car High Power Headlight Ultra Pow...,15.64,87.58,4.7,Estabelecida,5,https://www.aliexpress.us/item/3256808897616023.html
"Farol de LED 120W Bicolor 6500K Canbus - Compatível com H7, H11, 9012, H1 e H27",3256807280363084,H4 LED Headlight 20000LM 120W LED H7 H1 H11 H8 H9 9005 9006 HB...,9.89,55.38,4.7,Estabelecida,93,https://www.aliexpress.us/item/3256807280363084.html
"Farol de LED 120W Bicolor 6500K Canbus - Compatível com H7, H11, 9012, H1 e H27",3256808502826502,Dualvision H4 LED Headlight 20000LM 120W LED H7 H1 H11 H8 H9 9...,15.64,87.58,5.0,Estabelecida,7,https://www.aliexpress.us/item/3256808502826502.html
"Farol de LED 120W Bicolor 6500K Canbus - Compatível com H7, H11, 9012, H1 e H27",3256807290585545,AUXITO 2Pcs Mini H7 LED Headlight Bulbs CANBUS 22000LM 120W Ca...,27.06,151.54,4.9,Estabelecida,1,https://www.aliexpress.us/item/3256807290585545.html
"Farol de LED 120W Bicolor 6500K Canbus - Compatível com H7, H11, 9012, H1 e H27",3256809657428881,H7 LED Bulb H4 Headlight for Car CANBUS 1500W High Power Auto ...,17.03,95.37,4.7,Estabelecida,4,https://www.aliexpress.us/item/3256809657428881.html
"Farol de LED 120W Bicolor 6500K Canbus - Compatível com H7, H11, 9012, H1 e H27",3256811353094002,AUXITO 2Pcs 30000LM H7 LED Headlight Bulb CANBUS 6500K White f...,21.48,120.29,4.8,Estabelecida,216,https://www.aliexpress.us/item/3256811353094002.html
"Farol de LED 120W Bicolor 6500K Canbus - Compatível com H7, H11, 9012, H1 e H27",3256808219878994,2Pcs LED H4 H7 Car Headlight H1 LED Bulb H8 H11 9005 HB3 9006 ...,0.33,1.85,4.9,Estabelecida,10,https://www.aliexpress.us/item/3256808219878994.html
"Farol de LED 120W Bicolor 6500K Canbus - Compatível com H7, H11, 9012, H1 e H27",3256810586566385,20000LM Mini H7 LED Headlight Bulb Wireless 120W CSP for Car H...,5.67,31.75,5.0,Estabelecida,9,https://www.aliexpress.us/item/3256810586566385.html
"Farol de LED 120W Bicolor 6500K Canbus - Compatível com H7, H11, 9012, H1 e H27",3256805811847425,X-7SEVEN X-Apollo Plus 190W 38000LM 6500K CANBUS LED Headlight...,65.06,364.34,4.9,Estabelecida,95,https://www.aliexpress.us/item/3256805811847425.html
"Farol de LED 120W Bicolor 6500K Canbus - Compatível com H7, H11, 9012, H1 e H27",3256809503980282,H7 H4 H1 LED Lights for Car Headlight Bulb 1000000LM Mini Wire...,11.43,64.01,4.7,Estabelecida,5,https://www.aliexpress.us/item/3256809503980282.html
"Farol de LED 120W Bicolor 6500K Canbus - Compatível com H7, H11, 9012, H1 e H27",3256806910846616,2PCS/pair Mini Lights Auto H7 LED H4 Bulb H3 H8 H9 H11 9005 90...,1.33,7.45,4.9,Estabelecida,4,https://www.aliexpress.us/item/3256806910846616.html
"Farol de LED 120W Bicolor 6500K Canbus - Compatível com H7, H11, 9012, H1 e H27",3256811697563770,2PCS H7 LED 50000LM 120W Headlight 12V 3000K-6500K Three-color...,30.59,171.3,5.0,Estabelecida,5,https://www.aliexpress.us/item/3256811697563770.html
"Farol de LED 120W Bicolor 6500K Canbus - Compatível com H7, H11, 9012, H1 e H27",3256812122249591,Infitary H4 H7 LED Car Headlight Bulb 30000LM CSP3570 H1 H3 H1...,2.19,12.26,4.9,Estabelecida,1,https://www.aliexpress.us/item/3256812122249591.html
"Farol de LED 120W Bicolor 6500K Canbus - Compatível com H7, H11, 9012, H1 e H27",3256812474467742,YHKOMS YG3 Rest Test H7 H4 Led Lamp 3 Copper Tubes Led Lights ...,25.8,144.48,0.0,Nova,12,https://www.aliexpress.us/item/3256812474467742.html
"Farol de LED 120W Bicolor 6500K Canbus - Compatível com H7, H11, 9012, H1 e H27",3256806197727066,30000LM H7 H1 H4 LED H8 H11 9005 HB3 9006 HB4 9012 Hir2 9008 H...,4.19,23.46,4.6,Estabelecida,469,https://www.aliexpress.us/item/3256806197727066.html
"Farol de LED 120W Bicolor 6500K Canbus - Compatível com H7, H11, 9012, H1 e H27",3256808653229166,MAXGTRS H7 Led 130W 28000LM H4 LED Bulbs Canbus HeadLamp H11 H...,18.47,103.43,4.9,Estabelecida,800,https://www.aliexpress.us/item/3256808653229166.html
"Farol de LED 120W Bicolor 6500K Canbus - Compatível com H7, H11, 9012, H1 e H27",3256811545095446,H1 H4 H7 LED Headlights 1000W Super Bright 9003 HB2 Spotlight ...,8.93,50.01,4.8,Estabelecida,2,https://www.aliexpress.us/item/3256811545095446.html
"Farol de LED 120W Bicolor 6500K Canbus - Compatível com H7, H11, 9012, H1 e H27",3256807606501648,roadsun H7 LED Headlight H11 H1 H3 9005 9006 HB3 HB4 880 9007 ...,1.48,8.29,4.8,Estabelecida,309,https://www.aliexpress.us/item/3256807606501648.html
"Farol de LED 120W Bicolor 6500K Canbus - Compatível com H7, H11, 9012, H1 e H27",3256808217891715,Dualvision H4 LED Headlight 1500000LM 3570 CSP H7 H11 H1 H8 H3...,17.09,95.7,5.0,Estabelecida,5,https://www.aliexpress.us/item/3256808217891715.html
"Farol de LED 120W Bicolor 6500K Canbus - Compatível com H7, H11, 9012, H1 e H27",3256809374709422,XSTORM H7 LED Light Canbus Car Headlight With Fan 20000LM 120W...,1.73,9.69,4.7,Estabelecida,89,https://www.aliexpress.us/item/3256809374709422.html
"Farol de LED 120W Bicolor 6500K Canbus - Compatível com H7, H11, 9012, H1 e H27",3256807671472041,DAWNKNIGHT P7  PLUS 140W H7 Led Headlight Bulbs 6000K 4300K LE...,27.59,154.5,4.8,Estabelecida,2,https://www.aliexpress.us/item/3256807671472041.html
"Farol de LED 120W Bicolor 6500K Canbus - Compatível com H7, H11, 9012, H1 e H27",3256809267741651,Erruson 300W 300000LM 2Pcs H4 H7 LED Headlight H11 H1 H3 Car F...,0.99,5.54,4.7,Estabelecida,286,https://www.aliexpress.us/item/3256809267741651.html
"Farol de LED 120W Bicolor 6500K Canbus - Compatível com H7, H11, 9012, H1 e H27",3256811790763256,2X 12V 24V H7 LED Headlight H11 H4 H8 9005 HB3 9006 LED Bulb C...,0.99,5.54,5.0,Estabelecida,8,https://www.aliexpress.us/item/3256811790763256.html
"Farol de LED 120W Bicolor 6500K Canbus - Compatível com H7, H11, 9012, H1 e H27",3256809506226071,XSTORM H1 H3 H7 H11 LED Car Headlight Bulbs HB3 9005 HB4 9006 ...,13.12,73.47,4.6,Estabelecida,600,https://www.aliexpress.us/item/3256809506226071.html
"Farol de LED 120W Bicolor 6500K Canbus - Compatível com H7, H11, 9012, H1 e H27",3256811807934209,H7 H4 LED Projector Headlights 9003 HB2 Canbus Car Motorcycle ...,13.48,75.49,4.7,Estabelecida,459,https://www.aliexpress.us/item/3256811807934209.html
"Farol de LED 120W Bicolor 6500K Canbus - Compatível com H7, H11, 9012, H1 e H27",3256802930193200,BEVINSEE H7 H4 H1 LED Headlights CANBUS High Power 120W 22000L...,28.07,157.19,4.8,Estabelecida,1,https://www.aliexpress.us/item/3256802930193200.html
"Farol de LED 120W Bicolor 6500K Canbus - Compatível com H7, H11, 9012, H1 e H27",3256806817449575,3D 360 H7 LED Car Headlight Bulb Canbus H8 H9 H11 Fog Lights 9...,15.25,85.4,4.6,Estabelecida,500,https://www.aliexpress.us/item/3256806817449575.html
"Farol de LED 120W Bicolor 6500K Canbus - Compatível com H7, H11, 9012, H1 e H27",3256806908937620,Dream Chaser 20000LM Mini H7 LED Headlight Bulb Wireless 120W ...,16.33,91.45,4.7,Estabelecida,10,https://www.aliexpress.us/item/3256806908937620.html
"Farol de LED 120W Bicolor 6500K Canbus - Compatível com H7, H11, 9012, H1 e H27",3256812328106578,S&D H11 H8 LED Headlamp Bulbs Canbus No Flickering H7 Car High...,0.99,5.54,4.7,Estabelecida,124,https://www.aliexpress.us/item/3256812328106578.html
"Farol de LED 120W Bicolor 6500K Canbus - Compatível com H7, H11, 9012, H1 e H27",3256807450649424,2Pcs H1 H3 LED H7 Bulb Headlight Lamps Mini 30000LM 6500K CSP ...,0.99,5.54,4.6,Estabelecida,208,https://www.aliexpress.us/item/3256807450649424.html
"Farol de LED 120W Bicolor 6500K Canbus - Compatível com H7, H11, 9012, H1 e H27",3256807081691755,4000W Led Headlight H7 H4 H11 Led Headlights Bulb 6000000LM 3 ...,22.53,126.17,4.8,Estabelecida,900,https://www.aliexpress.us/item/3256807081691755.html
"Farol de LED 120W Bicolor 6500K Canbus - Compatível com H7, H11, 9012, H1 e H27",3256805445962327,Dualvision LED H11 Car Headlights LED H7 H4 H1 Hi/Lo Beam 9005...,10.12,56.67,5.0,Estabelecida,199,https://www.aliexpress.us/item/3256805445962327.html
"Farol de LED 120W Bicolor 6500K Canbus - Compatível com H7, H11, 9012, H1 e H27",3256804563842557,Domx  H4 Led Canbus H7 LED  Car Led Light H8 H9 H11 9005 HB3 9...,12.51,70.06,4.8,Estabelecida,451,https://www.aliexpress.us/item/3256804563842557.html
"Farol de LED 120W Bicolor 6500K Canbus - Compatível com H7, H11, 9012, H1 e H27",3256806995019958,2Pcs H7 H4 LED Headlight Bulb H11 H1 9005 HB3 HB4 9006 H8 Fog ...,0.99,5.54,4.5,Estabelecida,450,https://www.aliexpress.us/item/3256806995019958.html
"Farol de LED 120W Bicolor 6500K Canbus - Compatível com H7, H11, 9012, H1 e H27",3256807148147637,Dualvision H4 LED Headlight H7 H1 H11 H8 9005 HB3 9006 HB4 901...,12.36,69.22,4.8,Estabelecida,10,https://www.aliexpress.us/item/3256807148147637.html
TYSH Interruptor Inteligente Sem Fio Matter/Tuya WiFi Touch - 1 a 4 Botões com Alexa,3256808300570661,MOES WiFi Matter Switch Smart Tuya Light Button Neutral Wire R...,18.68,104.61,4.7,Estabelecida,1,https://www.aliexpress.us/item/3256808300570661.html
TYSH Interruptor Inteligente Sem Fio Matter/Tuya WiFi Touch - 1 a 4 Botões com Alexa,3256809740088543,Matter Smart Home Wifi LED Screen Display Switch Tuya Alexa Go...,112.07,627.59,0.0,Nova,6,https://www.aliexpress.us/item/3256809740088543.html
TYSH Interruptor Inteligente Sem Fio Matter/Tuya WiFi Touch - 1 a 4 Botões com Alexa,3256808439646040,"MOES Smart Light Switch EU WiFi Tuya Matter, Works with Alexa ...",16.9,94.64,4.6,Estabelecida,1,https://www.aliexpress.us/item/3256808439646040.html
TYSH Interruptor Inteligente Sem Fio Matter/Tuya WiFi Touch - 1 a 4 Botões com Alexa,3256812094420003,MOES Tuya Matter WiFi  Smart Light Glass Touch Switch Neutral ...,11.06,61.94,5.0,Estabelecida,15,https://www.aliexpress.us/item/3256812094420003.html
TYSH Interruptor Inteligente Sem Fio Matter/Tuya WiFi Touch - 1 a 4 Botões com Alexa,3256808147034768,MOES Tuya Matter WiFi Smart Light Button Switch App Control Ne...,28.56,159.94,5.0,Estabelecida,65,https://www.aliexpress.us/item/3256808147034768.html
TYSH Interruptor Inteligente Sem Fio Matter/Tuya WiFi Touch - 1 a 4 Botões com Alexa,3256808687547002,MANHOT Matter WiFi Smart Switch Neutral Wire Optional Switch S...,13.95,78.12,4.5,Estabelecida,75,https://www.aliexpress.us/item/3256808687547002.html
TYSH Interruptor Inteligente Sem Fio Matter/Tuya WiFi Touch - 1 a 4 Botões com Alexa,3256808020592092,MOES Matter Tuya WiFi Smart Light Switch Glass Touch Control F...,22.34,125.1,4.9,Estabelecida,139,https://www.aliexpress.us/item/3256808020592092.html
TYSH Interruptor Inteligente Sem Fio Matter/Tuya WiFi Touch - 1 a 4 Botões com Alexa,3256811461817212,Tuya ZigBee Smart Scene Switch 4Button Portable Wireless Lighw...,17.37,97.27,0.0,Nova,71,https://www.aliexpress.us/item/3256811461817212.html
TYSH Interruptor Inteligente Sem Fio Matter/Tuya WiFi Touch - 1 a 4 Botões com Alexa,3256811623824115,GIRIER Tuya Smart Dry Contact Switch Module WiFi DIY Breaker R...,2.52,14.11,5.0,Estabelecida,179,https://www.aliexpress.us/item/3256811623824115.html
TYSH Interruptor Inteligente Sem Fio Matter/Tuya WiFi Touch - 1 a 4 Botões com Alexa,3256808216710903,Zemismart Matter over WiFi Smart Curtain Switch with Touch Pan...,22.75,127.4,4.9,Estabelecida,76,https://www.aliexpress.us/item/3256808216710903.html
TYSH Interruptor Inteligente Sem Fio Matter/Tuya WiFi Touch - 1 a 4 Botões com Alexa,3256806807840718,New Tuya Bluetooth Smart Touch Fingerbot Plus USB Charge Versi...,28.59,160.1,4.9,Estabelecida,5,https://www.aliexpress.us/item/3256806807840718.html
TYSH Interruptor Inteligente Sem Fio Matter/Tuya WiFi Touch - 1 a 4 Botões com Alexa,3256806718433368,16A Wifi Mini Smart DIY Light Switch Works with Tuya Smart Lif...,0.99,5.54,4.9,Estabelecida,5,https://www.aliexpress.us/item/3256806718433368.html
TYSH Interruptor Inteligente Sem Fio Matter/Tuya WiFi Touch - 1 a 4 Botões com Alexa,3256807288997298,New Tuya ZigBee Smart Knob Switch DIY Wireless Scene Button Ro...,0.99,5.54,4.7,Estabelecida,10,https://www.aliexpress.us/item/3256807288997298.html
TYSH Interruptor Inteligente Sem Fio Matter/Tuya WiFi Touch - 1 a 4 Botões com Alexa,3256807222009001,Tuya Zigbee Smart Push Button Wireless Switch Include Battery ...,34.87,195.27,4.7,Estabelecida,3,https://www.aliexpress.us/item/3256807222009001.html
TYSH Interruptor Inteligente Sem Fio Matter/Tuya WiFi Touch - 1 a 4 Botões com Alexa,3256809546972144,ZigBee Scene Switch 4 Gang 12 Scenario Wireless Push Button Co...,1.13,6.33,4.8,Estabelecida,2,https://www.aliexpress.us/item/3256809546972144.html
TYSH Interruptor Inteligente Sem Fio Matter/Tuya WiFi Touch - 1 a 4 Botões com Alexa,3256808230695258,Zemismart DIY Name Switch Zigbee Smart Touch Light US Switches...,32.41,181.5,4.9,Estabelecida,245,https://www.aliexpress.us/item/3256808230695258.html
TYSH Interruptor Inteligente Sem Fio Matter/Tuya WiFi Touch - 1 a 4 Botões com Alexa,3256807107450810,Tuya WiFi US Smart Light Switch Wall Touch Switch  Neutral wir...,6.19,34.66,4.5,Estabelecida,5,https://www.aliexpress.us/item/3256807107450810.html
TYSH Interruptor Inteligente Sem Fio Matter/Tuya WiFi Touch - 1 a 4 Botões com Alexa,3256806779863230,Tuya Smart Life WiFi Curtains Blinds Switch Roller Shutter Ele...,10.75,60.2,4.9,Estabelecida,10,https://www.aliexpress.us/item/3256806779863230.html
TYSH Interruptor Inteligente Sem Fio Matter/Tuya WiFi Touch - 1 a 4 Botões com Alexa,2255800744433050,WiFi Smart Wall Light Switch Push Button Wireless APP Remote V...,19.71,110.38,5.0,Estabelecida,40,https://www.aliexpress.us/item/2255800744433050.html
TYSH Interruptor Inteligente Sem Fio Matter/Tuya WiFi Touch - 1 a 4 Botões com Alexa,3256808474001638,Manhot Matter WiFi Smart Wall Light Switch 1 2 3 4 Gangs with ...,16.37,91.67,4.9,Estabelecida,5,https://www.aliexpress.us/item/3256808474001638.html
TYSH Interruptor Inteligente Sem Fio Matter/Tuya WiFi Touch - 1 a 4 Botões com Alexa,3256807528729171,BSEED 40A Smart Wifi Water Heater Boiler Wall Touch Switch Air...,13.2,73.92,4.8,Estabelecida,500,https://www.aliexpress.us/item/3256807528729171.html
TYSH Interruptor Inteligente Sem Fio Matter/Tuya WiFi Touch - 1 a 4 Botões com Alexa,3256806579239534,Zigbee Smart Wireless Scene Button Switch Remoter Multi-scene ...,0.99,5.54,4.8,Estabelecida,3,https://www.aliexpress.us/item/3256806579239534.html
TYSH Interruptor Inteligente Sem Fio Matter/Tuya WiFi Touch - 1 a 4 Botões com Alexa,3256802979317497,WiFi Smart Touch Curtain Blinds Roller Shutter Engine Switch T...,15.32,85.79,4.9,Estabelecida,60,https://www.aliexpress.us/item/3256802979317497.html
TYSH Interruptor Inteligente Sem Fio Matter/Tuya WiFi Touch - 1 a 4 Botões com Alexa,3256805285956179,16A Tuya WiFi Smart Switch 2-way Control with Energy Monitor S...,13.94,78.06,4.8,Estabelecida,3,https://www.aliexpress.us/item/3256805285956179.html
TYSH Interruptor Inteligente Sem Fio Matter/Tuya WiFi Touch - 1 a 4 Botões com Alexa,3256810204370955,Zemismart Zigbee Smart DIY Name Switch Black Panel Touch Light...,27.94,156.46,4.9,Estabelecida,500,https://www.aliexpress.us/item/3256810204370955.html
TYSH Interruptor Inteligente Sem Fio Matter/Tuya WiFi Touch - 1 a 4 Botões com Alexa,3256804645683884,Tuya WiFi Smart On Off Light Switch 220V Power Button Wall Tou...,21.33,119.45,5.0,Estabelecida,213,https://www.aliexpress.us/item/3256804645683884.html
TYSH Interruptor Inteligente Sem Fio Matter/Tuya WiFi Touch - 1 a 4 Botões com Alexa,3256808040623961,Tuya ZigBee WiFi Smart Light Switch 1 2 3 4 gang 2500W Touch S...,10.5,58.8,4.7,Estabelecida,1,https://www.aliexpress.us/item/3256808040623961.html
TYSH Interruptor Inteligente Sem Fio Matter/Tuya WiFi Touch - 1 a 4 Botões com Alexa,3256811823747157,LoraTap Tuya Smart Life Roller Shutter Touch Panel Switch Moto...,15.7,87.92,5.0,Estabelecida,8,https://www.aliexpress.us/item/3256811823747157.html
TYSH Interruptor Inteligente Sem Fio Matter/Tuya WiFi Touch - 1 a 4 Botões com Alexa,3256806111142098,Tuya Smart WiFi Switch For Lighting RF 433MHz Wireless Switch ...,2.33,13.05,4.7,Estabelecida,10,https://www.aliexpress.us/item/3256806111142098.html
TYSH Interruptor Inteligente Sem Fio Matter/Tuya WiFi Touch - 1 a 4 Botões com Alexa,3256806671034980,16A works with Tuya WiFi Smart Switch Module 2-way Control Min...,0.33,1.85,4.8,Estabelecida,4,https://www.aliexpress.us/item/3256806671034980.html
TYSH Interruptor Inteligente Sem Fio Matter/Tuya WiFi Touch - 1 a 4 Botões com Alexa,3256805950235307,AVATTO Tuya WiFi Smart Touch Switch Brazil Stand 4/6 Gang Smar...,2.34,13.1,4.6,Estabelecida,454,https://www.aliexpress.us/item/3256805950235307.html
TYSH Interruptor Inteligente Sem Fio Matter/Tuya WiFi Touch - 1 a 4 Botões com Alexa,3256809902851649,Tuya WiFi Smart Switch 16A RF 433Mhz Wireless Remote Control P...,2.68,15.01,4.9,Estabelecida,10,https://www.aliexpress.us/item/3256809902851649.html
TYSH Interruptor Inteligente Sem Fio Matter/Tuya WiFi Touch - 1 a 4 Botões com Alexa,3256802827394798,ZigBee 3.0 Tuya Smart Scene Switch Push Button 1/2/3/4 Gang 3 ...,11.23,62.89,5.0,Estabelecida,243,https://www.aliexpress.us/item/3256802827394798.html
TYSH Interruptor Inteligente Sem Fio Matter/Tuya WiFi Touch - 1 a 4 Botões com Alexa,3256806988031013,MOES Mini Tuya WiFi/Zigbee Smart Switch/Dimmer Module DIY Modu...,2.37,13.27,4.8,Estabelecida,5,https://www.aliexpress.us/item/3256806988031013.html
TYSH Interruptor Inteligente Sem Fio Matter/Tuya WiFi Touch - 1 a 4 Botões com Alexa,3256804061735817,Tuya ZigBee 3.0 Smart Scene Switch Wireless Free Sticker Wall ...,2.78,15.57,4.7,Estabelecida,3,https://www.aliexpress.us/item/3256804061735817.html
