termo_busca,status,productId,title,priceCurrent,priceOriginal,rating,reviewsCount,ordersCount,storeName,productUrl
Campainha de Vídeo Inteligente Tuya WiFi com Armazenamento em Nuvem e Detecção Humana,OK,3256807675498268,Tuya APP Free Cloud Storage WiFi Doorbell Low Consumption Wake Up Doorbell  Visual Door Peephole Home Security Door Chime,US $28.89,US $41.86,,,,,https://www.aliexpress.us/item/3256807675498268.html
Campainha de Vídeo Inteligente Tuya WiFi com Armazenamento em Nuvem e Detecção Humana,OK,3256810358507281,Tuya APP Cloud Storage WiFi Doorbell Low Consumption Wake Up Doorbell Visual Door Peephole Home Security Door Chime,US $16.66,US $61.46,,,,,https://www.aliexpress.us/item/3256810358507281.html
Campainha de Vídeo Inteligente Tuya WiFi com Armazenamento em Nuvem e Detecção Humana,OK,3256810093501024,Tuya Smart WiFi Outdoor Wireless Doorbell With Camera Waterproof Visual Intercom  HD Night Vision Motion Detector Video Doorbell,US $12.16,US $47.27,,,,,https://www.aliexpress.us/item/3256810093501024.html
Campainha de Vídeo Inteligente Tuya WiFi com Armazenamento em Nuvem e Detecção Humana,OK,3256811914988728,"Wireless Wi-Fi Video Doorbell Camera with Two-Way Audio, AI Motion Detection, Night Vision, Cloud Storage, 2.4G Wi-Fi (Black)",US $0.99,US $26.90,,,,,https://www.aliexpress.us/item/3256811914988728.html
Campainha de Vídeo Inteligente Tuya WiFi com Armazenamento em Nuvem e Detecção Humana,OK,3256812410157383,Tuya APP Wireless WIFI Doorbell Free Cloud Storage  Visual Doorviewer  Long Time Standby Video Door Phone,US $17.21,US $22.35,,,,,https://www.aliexpress.us/item/3256812410157383.html
Campainha de Vídeo Inteligente Tuya WiFi com Armazenamento em Nuvem e Detecção Humana,OK,3256805058287803,720P Tuya APP WiFi Doorbell Low Consumption Battery Power Visual Door Peephole Video Eye Night PIR Home Security Doorviewer,US $33.07,US $41.86,,,,,https://www.aliexpress.us/item/3256805058287803.html
Campainha de Vídeo Inteligente Tuya WiFi com Armazenamento em Nuvem e Detecção Humana,OK,3256805259696883,Tuya APP  Wifi Call Intercom Video Smart Doorbell Camera Two-way Talk Million Hd Pixels Wireless Intelligent Doorbell 720p,US $26.79,US $41.86,,,,,https://www.aliexpress.us/item/3256805259696883.html
Campainha de Vídeo Inteligente Tuya WiFi com Armazenamento em Nuvem e Detecção Humana,OK,3256812251483779,Tuya WiFi Home Smart Video Doorbell Outdoor Bidirectional HD Door Eye Camera 1080P Support SD Card Cloud Storage Waterproof,US $13.77,US $55.04,,,,,https://www.aliexpress.us/item/3256812251483779.html
Campainha de Vídeo Inteligente Tuya WiFi com Armazenamento em Nuvem e Detecção Humana,OK,3256811990701926,Tuya Outdoor Wireless Doorbell Solar Rain Cover Waterproof WiFi Door Bell Camera Motion Detection Two-way Audio Video Intercom,US $19.35,US $60.70,,,,,https://www.aliexpress.us/item/3256811990701926.html
Campainha de Vídeo Inteligente Tuya WiFi com Armazenamento em Nuvem e Detecção Humana,OK,3256812300367906,Smart Video Doorbell Phone Security Camera Door Bell Ring Intercom WiFi Wireless Tuya Night Vision Surveillance Video Doorbell,US $17.61,US $59.61,,,,,https://www.aliexpress.us/item/3256812300367906.html
Campainha de Vídeo Inteligente Tuya WiFi com Armazenamento em Nuvem e Detecção Humana,OK,3256812222752639,"KAK Wifi Smart Door Bell Camera 4.3"" Video Door Peephole Door Viewer 170 Degree Motion Detection Tuya APP Alexa Google Assistant",US $51.81,US $216.58,,,,,https://www.aliexpress.us/item/3256812222752639.html
Campainha de Vídeo Inteligente Tuya WiFi com Armazenamento em Nuvem e Detecção Humana,OK,3256812439219558,Tuya WiFi Home Smart Video Doorbell Outdoor Bidirectional HD Door Eye Camera 1080P Support SD Card Cloud Storage Waterproof,US $15.39,US $58.65,,,,,https://www.aliexpress.us/item/3256812439219558.html
Campainha de Vídeo Inteligente Tuya WiFi com Armazenamento em Nuvem e Detecção Humana,OK,3256810343759831,Tuya WiFi Video Doorbell Wireless HD Camera IR Alarm Security Smart Home Door Bell WiFi Intercom for Home with Black or White,US $14.48,US $28.96,,,,,https://www.aliexpress.us/item/3256810343759831.html
Campainha de Vídeo Inteligente Tuya WiFi com Armazenamento em Nuvem e Detecção Humana,OK,3256805305999622,Tuya WiFi Video Doorbell Wireless HD Camera IR Alarm Security Smart Home Door Bell WiFi Intercom for Home,US $12.59,US $43.70,,,,,https://www.aliexpress.us/item/3256805305999622.html
Campainha de Vídeo Inteligente Tuya WiFi com Armazenamento em Nuvem e Detecção Humana,OK,3256812373801825,Tuya Wifi 7inch 4 Wires Video Doorbell HD Monitor RFID Metal IR Camera Visual Intercom Two-way Audio APP Unlock Video Door Phone,US $116.68,US $134.80,,,,,https://www.aliexpress.us/item/3256812373801825.html
Campainha de Vídeo Inteligente Tuya WiFi com Armazenamento em Nuvem e Detecção Humana,OK,3256806843395026,5G 2.4G WiFi Video Doorbell 1080P Wireless Bell Tuya APP Smart Intercom Camera IP65 Waterproof Ring Bell with 7000mAh Battery,US $50.98,US $129.11,,,,,https://www.aliexpress.us/item/3256806843395026.html
Campainha de Vídeo Inteligente Tuya WiFi com Armazenamento em Nuvem e Detecção Humana,OK,3256809532304057,Tuya WiFi Video Doorbell Wireless HD Camera IR Alarm Security Smart Home Door Bell WiFi Intercom for Home with Black or White,US $4.07,US $30.13,,,,,https://www.aliexpress.us/item/3256809532304057.html
Campainha de Vídeo Inteligente Tuya WiFi com Armazenamento em Nuvem e Detecção Humana,OK,3256809041074151,Tuya Smart Life 3MP 2.4G WIFI Video Doorbell Camera Outdoor Wireless Door Intercom System Battery Powered 5Inch Monitor Screen,US $98.12,US $196.25,,,,,https://www.aliexpress.us/item/3256809041074151.html
Campainha de Vídeo Inteligente Tuya WiFi com Armazenamento em Nuvem e Detecção Humana,OK,3256809391390512,Sectyme Digital Peephole Tuya Doorbell Camera PIR Human Detection Door Viewer Two-way intercom 5000mAh Battery,US $65.50,US $76.50,,,,,https://www.aliexpress.us/item/3256809391390512.html
Campainha de Vídeo Inteligente Tuya WiFi com Armazenamento em Nuvem e Detecção Humana,OK,3256810263627241,Wireless Wifi Doorbell Camera 1080P Video Intercom Doorbell Waterproof 4.3in IPS Screen Home Security Door Bell IR Night Vision,US $45.53,US $120.28,,,,,https://www.aliexpress.us/item/3256810263627241.html
Campainha de Vídeo Inteligente Tuya WiFi com Armazenamento em Nuvem e Detecção Humana,OK,3256809476434057,M9 Low-power Tuya Video Doorbell WiFi Wireless High-definition Intelligent Home Intercom Bell Easy To Use Low Energy Consumption,US $3.84,US $31.57,,,,,https://www.aliexpress.us/item/3256809476434057.html
Campainha de Vídeo Inteligente Tuya WiFi com Armazenamento em Nuvem e Detecção Humana,OK,3256809397979047,ANJIELO SMART Intercom Wireless Outdoor Videophone Wifi Free Video Home Intercom Doorbell Camera Wifi Apartment Call Tuya,US $241.12,,,,,,https://www.aliexpress.us/item/3256809397979047.html
Campainha de Vídeo Inteligente Tuya WiFi com Armazenamento em Nuvem e Detecção Humana,OK,3256809488475775,"ANJIELO Tuya Smart Metal Doorbell Video Intercom System, 10-Inch Touch Screen, 4-Inch 1-Lock Safety Protection",US $195.13,US $286.96,,,,,https://www.aliexpress.us/item/3256809488475775.html
Campainha de Vídeo Inteligente Tuya WiFi com Armazenamento em Nuvem e Detecção Humana,OK,3256809157354890,"Tuya 7-Inch 1080p Video Intercom System with Night Vision Camera, Remote Unlock Support, Smart Home app Integration for Outdoor",US $205.90,,,,,,https://www.aliexpress.us/item/3256809157354890.html
Campainha de Vídeo Inteligente Tuya WiFi com Armazenamento em Nuvem e Detecção Humana,OK,3256806659163349,Support Tuya app WiFi outdoor metal video intercom access control system villa apartment fingerprint keyboard without display,US $63.95,US $220.45,,,,,https://www.aliexpress.us/item/3256806659163349.html
Campainha de Vídeo Inteligente Tuya WiFi com Armazenamento em Nuvem e Detecção Humana,OK,3256807694202690,Tuya APP Free Cloud Storage WiFi Doorbell Low Consumption  Visual Door Peephole Video Eye Night Home Security Doorviewer,US $24.65,US $31.20,,,,,https://www.aliexpress.us/item/3256807694202690.html
Campainha de Vídeo Inteligente Tuya WiFi com Armazenamento em Nuvem e Detecção Humana,OK,3256807631885978,Tuya WiFi Video Doorbell Intercom 2K Remote Unlock 3MP Video Entry Bell Doorphone Wireless Intercom System for Home,US $184.97,US $260.52,,,,,https://www.aliexpress.us/item/3256807631885978.html
Campainha de Vídeo Inteligente Tuya WiFi com Armazenamento em Nuvem e Detecção Humana,OK,3256807891297588,Tuya Smart 3MP 140° Wide View Angle Mini Digital Peephole Eye Viewer WiFi IR PIR Detection Doorbell Door Camera Alexa Google,US $67.56,US $167.15,,,,,https://www.aliexpress.us/item/3256807891297588.html
Campainha de Vídeo Inteligente Tuya WiFi com Armazenamento em Nuvem e Detecção Humana,OK,3256812564018605,Tuya WiFi Smart Lock with Doorbell Camera IP66 Waterproof Face Recognition Video Intercom Fingerprint Password RFID App Remote,US $114.56,US $129.55,,,,,https://www.aliexpress.us/item/3256812564018605.html
Campainha de Vídeo Inteligente Tuya WiFi com Armazenamento em Nuvem e Detecção Humana,OK,3256808157107292,Tuya APP 2MP HD IP Video Intercom Wired Digital Face Recognition WiFi Doorbell Phone Indoor Monitor NFC Password IC Card Unlock,US $89.75,,,,,,https://www.aliexpress.us/item/3256808157107292.html
Campainha de Vídeo Inteligente Tuya WiFi com Armazenamento em Nuvem e Detecção Humana,OK,3256807393204360,Support Tuya App 2-Wire Analog 7 inch IP Video Intercom Kit Color Touch Screen Wifi Doorbell for RFID Access Control System,US $84.25,US $190.51,,,,,https://www.aliexpress.us/item/3256807393204360.html
Campainha de Vídeo Inteligente Tuya WiFi com Armazenamento em Nuvem e Detecção Humana,OK,3256809176086705,"Tuya WiFi Video Intercom with 7'' HD Display, Dual-Mode Night Vision & Waterproof Design, Video Door Bell for Villa/Gate",US $206.36,,,,,,https://www.aliexpress.us/item/3256809176086705.html
Campainha de Vídeo Inteligente Tuya WiFi com Armazenamento em Nuvem e Detecção Humana,OK,3256808768811214,Tuya  APP Free Cloud Storage WiFi Wakeup Doorbell Low Consumption  Visual Door Peephole Video Eye Night Home Security Doorviewer,US $19.20,US $24.30,,,,,https://www.aliexpress.us/item/3256808768811214.html
Campainha de Vídeo Inteligente Tuya WiFi com Armazenamento em Nuvem e Detecção Humana,OK,3256808887008075,Tuya Smart Home Smart Life Wifi Biometric Access Control Digital Access Control Video Doorbell Camera Intercom Security,US $28.73,US $31.92,,,,,https://www.aliexpress.us/item/3256808887008075.html
Campainha de Vídeo Inteligente Tuya WiFi com Armazenamento em Nuvem e Detecção Humana,OK,3256811800399893,5Inch Video Intercom Door Bell Face Recognition Wifi Support Tuya APP Access Control Employee Time Attendance Free Cloud API MQT,US $84.40,US $190.81,,,,,https://www.aliexpress.us/item/3256811800399893.html
Campainha de Vídeo Inteligente Tuya WiFi com Armazenamento em Nuvem e Detecção Humana,OK,3256812297795484,Tuya Smart Secuirty Home Video Door Phone 1080P Two Way Speaker Wireless Digital Peepholes Door Eye Doorbell 5inch LCD,US $82.16,US $98.99,,,,,https://www.aliexpress.us/item/3256812297795484.html
Campainha de Vídeo Inteligente Tuya WiFi com Armazenamento em Nuvem e Detecção Humana,OK,3256812095690911,"ANJIELO 10"" Touch Screen Tuya APP Video Intercom System 2MP WiFi POE Doorbell RFID Access Control for Villa Home Security",US $70.10,US $104.63,,,,,https://www.aliexpress.us/item/3256812095690911.html
Campainha de Vídeo Inteligente Tuya WiFi com Armazenamento em Nuvem e Detecção Humana,OK,3256808505273339,Tuya APP Low Comsunption Wake-up Doorbell WIFI Video Door Phone Peephole Viewer Door Camera,US $23.76,US $31.27,,,,,https://www.aliexpress.us/item/3256808505273339.html
Campainha de Vídeo Inteligente Tuya WiFi com Armazenamento em Nuvem e Detecção Humana,OK,3256808620253900,7Inch IPS Screen 2MP  Tuya Remote Control WIFI Door Phone Intercom Visual Doorbel Support AHD Camera Home Security Door Viewer,US $103.79,US $167.40,,,,,https://www.aliexpress.us/item/3256808620253900.html
Campainha de Vídeo Inteligente Tuya WiFi com Armazenamento em Nuvem e Detecção Humana,OK,3256808427504880,Tuya Smart 3MP Outdoor Wireless Door Peephole Video Eye Camera 2.4G WiFi Night Vision Home Security Door Camera with LCD Screen,US $76.08,US $185.55,,,,,https://www.aliexpress.us/item/3256808427504880.html
Campainha de Vídeo Inteligente Tuya WiFi com Armazenamento em Nuvem e Detecção Humana,OK,3256805528511219,"MOES Tuya Smart WiFi Video Doorbell Camera with 2-Way Audio Intercom, Night Vision & Wireless Door Product Home Security",US $102.14,US $152.45,,,,,https://www.aliexpress.us/item/3256805528511219.html
Campainha de Vídeo Inteligente Tuya WiFi com Armazenamento em Nuvem e Detecção Humana,OK,3256805430780002,4.3inch Tuya APP WiFi Doorbell Visual Door Peephole Video Door Phone Camera PIR Home Security Wireless Intercom For IOS Android,US $76.53,US $125.46,,,,,https://www.aliexpress.us/item/3256805430780002.html
Campainha de Vídeo Inteligente Tuya WiFi com Armazenamento em Nuvem e Detecção Humana,OK,3256808389543234,4.3inch Tuya APP WiFi Doorbell Visual Door Peephole Video Door Phone Camera Home Security Wireless Intercom For IOS Android,US $76.53,US $125.46,,,,,https://www.aliexpress.us/item/3256808389543234.html
Campainha de Vídeo Inteligente Tuya WiFi com Armazenamento em Nuvem e Detecção Humana,OK,3256807311798849,3MP Smart Life Outdoor Wireless House Door Peephole Video Eye Camera 2.4G Wifi Night Viewer Security Home Door Camera With LCD,US $68.47,US $167.00,,,,,https://www.aliexpress.us/item/3256807311798849.html
Campainha de Vídeo Inteligente Tuya WiFi com Armazenamento em Nuvem e Detecção Humana,OK,3256809391757908,4.3'' IPS Screen Smart life/Tuya APP 2.4G 3MP Wireless wifi Video Intercom Doorbell eye PIR High-definition Visual Monitoring,US $74.96,US $144.16,,,,,https://www.aliexpress.us/item/3256809391757908.html
Campainha de Vídeo Inteligente Tuya WiFi com Armazenamento em Nuvem e Detecção Humana,OK,3256809067803438,4.3 Inch WiFi Door Viewer Smart Tuya Video Doorbell Camera Peephole 2-Way Audio Mini Camera Motion Detection Night Vision,US $74.55,US $106.50,,,,,https://www.aliexpress.us/item/3256809067803438.html
Campainha de Vídeo Inteligente Tuya WiFi com Armazenamento em Nuvem e Detecção Humana,OK,3256808263691378,4.3 Inch Tuya Wide Angle Door Peephole Camera One Way Intercom Video Eye Motion Detection Wifi Doorbell Camera 5000mAh Battery,US $76.36,US $109.08,,,,,https://www.aliexpress.us/item/3256808263691378.html
Campainha de Vídeo Inteligente Tuya WiFi com Armazenamento em Nuvem e Detecção Humana,OK,3256806071630060,Tuya Smart 3MP WiFi Peephole Video Door Camera Security One-way Audio Night Vision 4.3' HD Video Door Camera,US $65.69,US $187.05,,,,,https://www.aliexpress.us/item/3256806071630060.html
Campainha de Vídeo Inteligente Tuya WiFi com Armazenamento em Nuvem e Detecção Humana,OK,3256811838608835,"HOMSECUR Tuya App 7"" WIFI Video Door Phone Intercom Doorbell Auto Recording For 3 Families",US $299.79,US $422.24,,,,,https://www.aliexpress.us/item/3256811838608835.html
Campainha de Vídeo Inteligente Tuya WiFi com Armazenamento em Nuvem e Detecção Humana,OK,3256808616944618,7Inch IPS Screen Tuya Remote Control WIFI Door Phone Intercom Visual Doorbell 120Degree Wide Angle Home Security Door Viewer,US $131.31,US $166.21,,,,,https://www.aliexpress.us/item/3256808616944618.html
Peças de Reposição Premium para BYD Seagull - Carro Elétrico Novo 2023-2025,OK,3256810570012149,Universal Car Phone Holder - Dashboard Windshield Desk Mount for GPS Navigation Secure Hanging Bracket,US $0.99,US $2.78,,,,,https://www.aliexpress.us/item/3256810570012149.html
Peças de Reposição Premium para BYD Seagull - Carro Elétrico Novo 2023-2025,OK,3256807271381687,2pc Car Seat Gap Filler Organizer Pu Waterproof Car Seat Gap Plug Strip with 2 Grooves Seat Gap Storage Auto Interior Accessorie,,,,,,,https://www.aliexpress.us/item/3256807271381687.html
Peças de Reposição Premium para BYD Seagull - Carro Elétrico Novo 2023-2025,OK,3256812336201565,SEAMETAL Under Seat Storage Box Universal Car Seat Bottom Organizer Box Removable Storage Box Gadget Case Universal Accessories,,,,,,,https://www.aliexpress.us/item/3256812336201565.html
Peças de Reposição Premium para BYD Seagull - Carro Elétrico Novo 2023-2025,OK,3256811620194356,2pcs Car Seat Belt Extender Safety Seatbelt Extender Seat Belt Padding Extension Buckle Plug Buckle Seatbelt Clip Car Accessor,US $0.99,US $12.66,,,,,https://www.aliexpress.us/item/3256811620194356.html
Peças de Reposição Premium para BYD Seagull - Carro Elétrico Novo 2023-2025,OK,3256806810836991,2pcs Universal Anti-Fog Anti-glare Rainproof Car Tuning Rearview Mirror Trim Film Cover Exterior Parts Car Glass Accessories,US $0.83,US $1.76,,,,,https://www.aliexpress.us/item/3256806810836991.html
Peças de Reposição Premium para BYD Seagull - Carro Elétrico Novo 2023-2025,OK,3256807234528933,Car Radio Shark Fin Car Shark Antenna Radio FM Signal Design for All Automobiles Aerials Auto Exterior Styling Replacement Parts,,,,,,,https://www.aliexpress.us/item/3256807234528933.html
Peças de Reposição Premium para BYD Seagull - Carro Elétrico Novo 2023-2025,OK,3256806819278542,Car Backseat Organizer with Touch Screen Tablet Holder Auto Storage Pockets Cover Car Seat Back Protectors Car Accessories,,,,,,,https://www.aliexpress.us/item/3256806819278542.html
Peças de Reposição Premium para BYD Seagull - Carro Elétrico Novo 2023-2025,OK,3256806851800223,Car Rearview Mirror Wiper Cleaning Tool Auto Glass Mist Cleaner Scraper Car Accessories Handle Telescopic Window Cleaning Brush,US $1.33,US $3.51,,,,,https://www.aliexpress.us/item/3256806851800223.html
Peças de Reposição Premium para BYD Seagull - Carro Elétrico Novo 2023-2025,OK,3256806504492011,Luminous Valve Caps Fluorescent Night Car Tire Valve Caps Motorcycle Bike Glowing Decor Wheel Nozzles Tyre Cap Car Accessories,,,,,,,https://www.aliexpress.us/item/3256806504492011.html
Peças de Reposição Premium para BYD Seagull - Carro Elétrico Novo 2023-2025,OK,3256808425442349,4PCS General Motors Door Lock Rubber Sleeve Protective Pad Door Shock Absorption Buffer Anti-collision Paste,US $1.33,US $3.35,,,,,https://www.aliexpress.us/item/3256808425442349.html
Peças de Reposição Premium para BYD Seagull - Carro Elétrico Novo 2023-2025,OK,3256811681256040,"1-Piece Mini Car Thermometer Battery-free Dashboard Thermometer, Easy Stick Mount, No Battery Required, Compact Car Interior",US $1.33,US $3.07,,,,,https://www.aliexpress.us/item/3256811681256040.html
Peças de Reposição Premium para BYD Seagull - Carro Elétrico Novo 2023-2025,OK,3256810572699283,Car Sewer Unclogger Cleaning Brush Car Sunroof Long Hose Drain Hole Drain Unclogger Car Pipe Tool Cleaner Auto Accessories,,,,,,,https://www.aliexpress.us/item/3256810572699283.html
Peças de Reposição Premium para BYD Seagull - Carro Elétrico Novo 2023-2025,OK,3256806130242186,1pcs Effortlessly Clean Your Car Wheels with this Tire Rim Cleaning Tool,US $0.33,US $7.13,,,,,https://www.aliexpress.us/item/3256806130242186.html
Peças de Reposição Premium para BYD Seagull - Carro Elétrico Novo 2023-2025,OK,3256806796472833,4PCS Reflective Car Door Sticker Safety Opening Warning Reflector Tape Decal Car Exterior Interior Reflector Sticker amagi,US $0.96,US $1.91,,,,,https://www.aliexpress.us/item/3256806796472833.html
Peças de Reposição Premium para BYD Seagull - Carro Elétrico Novo 2023-2025,OK,3256807801292010,Durable Car Ice Scraper Snow Removal Shovel Windshield Glass Defrost Removal Automotive Winter Stainless Steel Car Accessories,US $2.17,US $4.54,,,,,https://www.aliexpress.us/item/3256807801292010.html
Peças de Reposição Premium para BYD Seagull - Carro Elétrico Novo 2023-2025,OK,3256811347963432,"Cat Peeker Decal, Car Decal, Black Cat Peeker Sticker, Blank Button, Vinyl Decal, Car Stickers, Vinyl Stickers, Eject Sticker",,,,,,,https://www.aliexpress.us/item/3256811347963432.html
Peças de Reposição Premium para BYD Seagull - Carro Elétrico Novo 2023-2025,OK,3256808219728943,Car Plastic Restorer Back To Black Gloss Plastic Renovator Longlasting Coating Leather Restore Auto Polish Cleaning Products,US $3.39,US $7.42,,,,,https://www.aliexpress.us/item/3256808219728943.html
Peças de Reposição Premium para BYD Seagull - Carro Elétrico Novo 2023-2025,OK,3256805435399090,Cars Tire Air Pressure Monitor Alert 4Pcs/set Indicator Tire Valve Cap Gauge Car Accessories Car Tyre Pressure Gauge Caps Useful,,,,,,,https://www.aliexpress.us/item/3256805435399090.html
Peças de Reposição Premium para BYD Seagull - Carro Elétrico Novo 2023-2025,OK,3256812252261810,Disposable Transparent Car Cover Universal PEVA Dustproof Scratch Elastic Dust Cover Car Exterior Protection Accessories,US $2.33,US $8.18,,,,,https://www.aliexpress.us/item/3256812252261810.html
Peças de Reposição Premium para BYD Seagull - Carro Elétrico Novo 2023-2025,OK,3256808286408944,5M Car Door Edge Sealing Strip Transparent PVC Scratch Protector Strip Anti-collision Stickers Door Anti-scratch Car Accessories,US $0.33,US $8.04,,,,,https://www.aliexpress.us/item/3256808286408944.html
Peças de Reposição Premium para BYD Seagull - Carro Elétrico Novo 2023-2025,OK,3256806491718808,Universal Magnetic Window Shades 2pcs Set for Cars Heat Reduction Privacy Protection Auto Sunshade Car Accessory,US $3.59,US $7.35,,,,,https://www.aliexpress.us/item/3256806491718808.html
Peças de Reposição Premium para BYD Seagull - Carro Elétrico Novo 2023-2025,OK,3256808447769904,2Pcs Car Side Window Sun Shade Magnet Privacy Curtains UV Reflection Anti Glare UV Block Sunshade for Front/Back Window,,,,,,,https://www.aliexpress.us/item/3256808447769904.html
Peças de Reposição Premium para BYD Seagull - Carro Elétrico Novo 2023-2025,OK,3256807958600616,7 Color car Changing LED Cup Holder Lights Rear Windshield Decorative Ambient Lighting & Glowing colorful Coaster Pads,US $2.59,US $5.38,,,,,https://www.aliexpress.us/item/3256807958600616.html
Peças de Reposição Premium para BYD Seagull - Carro Elétrico Novo 2023-2025,OK,3256806552253855,18Pcs/set Car Luminous Door Window Lift Button Stickers Car Windows Control Panel Decals Car Interior Sticker Auto Accessories,,,,,,,https://www.aliexpress.us/item/3256806552253855.html
Peças de Reposição Premium para BYD Seagull - Carro Elétrico Novo 2023-2025,OK,3256809198077786,Universal suction-cup rear window sunshade for cars suitable for children's windows baby car sunblock curtain,US $1.33,US $7.18,,,,,https://www.aliexpress.us/item/3256809198077786.html
Peças de Reposição Premium para BYD Seagull - Carro Elétrico Novo 2023-2025,OK,3256810034539926,4PCS Crystal Car Tire Valve Caps Diamond Shining Dust-proof Wheel Valve Cover Vehicle Bling Car Charms Decor Auto Amagi,US $1.33,US $4.98,,,,,https://www.aliexpress.us/item/3256810034539926.html
Peças de Reposição Premium para BYD Seagull - Carro Elétrico Novo 2023-2025,OK,3256805442524558,2pcs Seat Belt Covers Car Accessories Accesorios Coche Car Shoulder Pad Seat Belt For Adults Youth Kids Accessories Interior,,,,,,,https://www.aliexpress.us/item/3256805442524558.html
Peças de Reposição Premium para BYD Seagull - Carro Elétrico Novo 2023-2025,OK,3256807048265832,Car Sunshade Windshield Umbrella Front Sun Shade Parasol Foldable Summer Protection Car Heat Insulation Car Accessories,US $0.99,US $11.20,,,,,https://www.aliexpress.us/item/3256807048265832.html
Peças de Reposição Premium para BYD Seagull - Carro Elétrico Novo 2023-2025,OK,3256806596843422,Car Sticker Turbocharged Turbo Metal Alloy 3D Badge Car Modification Accessories Rear Marked Side Marking Decorative Car-Sticker,US $0.33,US $3.77,,,,,https://www.aliexpress.us/item/3256806596843422.html
Peças de Reposição Premium para BYD Seagull - Carro Elétrico Novo 2023-2025,OK,3256806780953055,Car Windshield Sun Shade Anti-UV Interior Protector Folding Sunshade Cover Visor Auto Accessories Windscreen Parasol,US $3.19,US $7.88,,,,,https://www.aliexpress.us/item/3256806780953055.html
Peças de Reposição Premium para BYD Seagull - Carro Elétrico Novo 2023-2025,OK,3256809959906209,Car silicone water coaster wave-shaped water coaster original matching odorless car anti-slip mat special car new product,US $0.99,US $8.15,,,,,https://www.aliexpress.us/item/3256809959906209.html
Peças de Reposição Premium para BYD Seagull - Carro Elétrico Novo 2023-2025,OK,3256811827538144,Car Scratch Remover Paint Care Tools Auto Swirl Remover Scratches Repair Polishing Auto Body Grinding Compound Anti Scratch Wax,US $1.99,US $4.75,,,,,https://www.aliexpress.us/item/3256811827538144.html
Peças de Reposição Premium para BYD Seagull - Carro Elétrico Novo 2023-2025,OK,3256805776227786,5M Car Door Edge Rubber Scratch Protector Strips Car Styling Mouldings Protection Side Doors Moldings Adhesive Scratch Tools New,,,,,,,https://www.aliexpress.us/item/3256805776227786.html
Peças de Reposição Premium para BYD Seagull - Carro Elétrico Novo 2023-2025,OK,3256805840062583,Car Stickers Door Sill Protector Universal Car Door Edge Sticker Anti Scratch Car Bumper Protection Film Car-Styling Accessories,,,,,,,https://www.aliexpress.us/item/3256805840062583.html
Peças de Reposição Premium para BYD Seagull - Carro Elétrico Novo 2023-2025,OK,3256807067997105,4Pcs Car Door Protector Guard Strip Scratch Protector Car Rubber Bumper Stickers Auto Door Edge Protection Car Decoration,,,,,,,https://www.aliexpress.us/item/3256807067997105.html
Peças de Reposição Premium para BYD Seagull - Carro Elétrico Novo 2023-2025,OK,3256807442734234,2pcs Car Seat Gap Filler Organizer Waterproof Car Seat Gap Plug Strip with 2 Grooves Seat Gap Storage Auto Interior Accessories,,,,,,,https://www.aliexpress.us/item/3256807442734234.html
Peças de Reposição Premium para BYD Seagull - Carro Elétrico Novo 2023-2025,OK,3256808593772766,I Love You Drive Safe Car Mirror Stickers Affectionate Reminder Heartfelt Safety Reminder for Women Drivers Car Interior Sticker,,,,,,,https://www.aliexpress.us/item/3256808593772766.html
Peças de Reposição Premium para BYD Seagull - Carro Elétrico Novo 2023-2025,OK,3256806675513544,Universal Car Safety Belt Clips Slip-Resistant Seat Belt Buckle Simple Clamp Fixing Clip Strong Auto Seat Belt Clamp Fixing Clip,US $0.33,US $4.17,,,,,https://www.aliexpress.us/item/3256806675513544.html
Peças de Reposição Premium para BYD Seagull - Carro Elétrico Novo 2023-2025,OK,3256810141701937,Car Dashboard Cover Protective Pad Dash Board Sunshade Carpet Anti-UV Dashmat For BYD Seagull 2023 2024 2025 LHD RHD,US $3.18,US $20.79,,,,,https://www.aliexpress.us/item/3256810141701937.html
Peças de Reposição Premium para BYD Seagull - Carro Elétrico Novo 2023-2025,OK,3256810042384240,Automobile Fuel Tank Cap Sealing Strip Universal Charging Port Cover Seal Ring Waterproof Dustproof Car Accessories,US $1.59,US $3.87,,,,,https://www.aliexpress.us/item/3256810042384240.html
Peças de Reposição Premium para BYD Seagull - Carro Elétrico Novo 2023-2025,OK,3256807120263238,Car Door Rubber Pads Anti-collision Gasket Door Closing Shock Absorbing Dampers Sticker Rubber Buffer Blocks Car Accessories,US $0.33,US $4.43,,,,,https://www.aliexpress.us/item/3256807120263238.html
Peças de Reposição Premium para BYD Seagull - Carro Elétrico Novo 2023-2025,OK,3256810600779201,Car Door Shock Absorber Pads Silicone Elastic Damper Cushion Car Door Shock Absorber Cushion for Vehicles RV Truck Automotive,US $0.33,US $2.52,,,,,https://www.aliexpress.us/item/3256810600779201.html
Peças de Reposição Premium para BYD Seagull - Carro Elétrico Novo 2023-2025,OK,3256809273277770,4Pcs Car Door Edge Guard Flexible PVC Side Door Protector Waterproof Self Adhesive Anti-Collision Protection Strip Universal,,,,,,,https://www.aliexpress.us/item/3256809273277770.html
Peças de Reposição Premium para BYD Seagull - Carro Elétrico Novo 2023-2025,OK,3256807388668721,3-60pcs Car Air Freshener Natural Scented Tea Paper Auto Hanging Vanilla Perfume Fragrance Leaf Shape Car Accessories Interior,US $0.33,US $4.90,,,,,https://www.aliexpress.us/item/3256807388668721.html
Peças de Reposição Premium para BYD Seagull - Carro Elétrico Novo 2023-2025,OK,3256811762144447,SEAMETAL Car Camera Protective Cover–Rainproof/Dustproof Anti-Gravel Scratch with High Clarity & 360° View HD Transparent Cover,,,,,,,https://www.aliexpress.us/item/3256811762144447.html
Peças de Reposição Premium para BYD Seagull - Carro Elétrico Novo 2023-2025,OK,3256808480232088,Car Door Cup Holder Leather Automotive Drink Rack Storage Bin Auto Back Seat Cup Holder Organizer for Car Interior Accessories,US $2.33,US $5.47,,,,,https://www.aliexpress.us/item/3256808480232088.html
Peças de Reposição Premium para BYD Seagull - Carro Elétrico Novo 2023-2025,OK,3256809551849870,5-Layer Car Windshield Sun Shade Cover Foldable Thicken Front Window UV Refletive Sunshade Curtain Sun Protection Cover,US $5.19,US $10.78,,,,,https://www.aliexpress.us/item/3256809551849870.html
Peças de Reposição Premium para BYD Seagull - Carro Elétrico Novo 2023-2025,OK,3256808377395812,SEAMETAL Electrostatic Sun Visor for Car Side Window 4-Layer Sun Shade Curtains Anti-Glare UV-Blocker Auto Sun Protection Cover,US $1.33,US $7.95,,,,,https://www.aliexpress.us/item/3256808377395812.html
Peças de Reposição Premium para BYD Seagull - Carro Elétrico Novo 2023-2025,OK,3256807820589247,10-20pcs Car Door Silicone Anti Shock Pad Universal Trunk Sound Insulation Thickening Cushion Stickers Anti Scratch Gaskets,,,,,,,https://www.aliexpress.us/item/3256807820589247.html
Peças de Reposição Premium para BYD Seagull - Carro Elétrico Novo 2023-2025,OK,3256811910603305,Car Front and Rear Sun Visors Car Windshield Summer Sun Protection Heat Insulation Window Sunshade Car Interior Sun Visor,US $0.99,US $6.30,,,,,https://www.aliexpress.us/item/3256811910603305.html
CarlinKit Adaptador CarPlay Sem Fio Mini Ultra4 5GHz WiFi - Plug and Play Android Auto,OK,3256809091745244,MINI 5 Pro/Mini Ultra CarlinKit Wireless CarPlay Adapter Smart CarPlay Box  for Car Plug and Play WiFi Bluetooth Auto Connection,US $18.79,US $39.89,,,,,https://www.aliexpress.us/item/3256809091745244.html
CarlinKit Adaptador CarPlay Sem Fio Mini Ultra4 5GHz WiFi - Plug and Play Android Auto,OK,3256811947909813,CarlinKit Mini Ultra Wireless CarPlay Adapter Dual Mode Wired To Wireless Android Auto Box USB Dongle WiFi Seamless Connection,US $10.91,US $40.70,,,,,https://www.aliexpress.us/item/3256811947909813.html
CarlinKit Adaptador CarPlay Sem Fio Mini Ultra4 5GHz WiFi - Plug and Play Android Auto,OK,3256811424274000,CarlinKit Mini Ultra Android CarPlay auto Wireless Adapter for Car infotainment Upgrade BT Wifi 5.8GHz OTA Upgrade Plug ＆ Play,US $13.22,US $26.68,,,,,https://www.aliexpress.us/item/3256811424274000.html
CarlinKit Adaptador CarPlay Sem Fio Mini Ultra4 5GHz WiFi - Plug and Play Android Auto,OK,3256809740342358,2in1 Wireless CarPlay Dongle Wireless Android Auto Adapter AI Smart Box Car Intelligent Systems For Car With Wired CarPlay,US $7.27,US $31.71,,,,,https://www.aliexpress.us/item/3256809740342358.html
CarlinKit Adaptador CarPlay Sem Fio Mini Ultra4 5GHz WiFi - Plug and Play Android Auto,OK,3256809066178413,CarlinKit 5.0 MINI Ultra Wireless CarPlay Android Auto Adapter Auto Connection,US $18.79,US $56.07,,,,,https://www.aliexpress.us/item/3256809066178413.html
CarlinKit Adaptador CarPlay Sem Fio Mini Ultra4 5GHz WiFi - Plug and Play Android Auto,OK,3256808750052877,CarlinKit MINI Ultra Wireless CarPlay Adapter Android Auto Box Wired To Wireless USB Plug and Play 5.8Ghz Seamless Connection,US $14.19,US $84.75,,,,,https://www.aliexpress.us/item/3256808750052877.html
CarlinKit Adaptador CarPlay Sem Fio Mini Ultra4 5GHz WiFi - Plug and Play Android Auto,OK,3256808791843518,CarlinKit 5.0 Mini Ultra Wireless CarPlay Adapter Android Auto Wireless Dongle For VW Toyota Nissan Honda Ford Benz 99% OEM Cars,US $14.50,US $37.60,,,,,https://www.aliexpress.us/item/3256808791843518.html
CarlinKit Adaptador CarPlay Sem Fio Mini Ultra4 5GHz WiFi - Plug and Play Android Auto,OK,3256812291912906,OTTOCAST P3 PRO Ai Box Android 13 TV Box Wireless CarPlay Android Auto Adapter AI Voice Assistant For YouTube Netflix TikTok Etc,US $205.60,US $462.17,,,,,https://www.aliexpress.us/item/3256812291912906.html
CarlinKit Adaptador CarPlay Sem Fio Mini Ultra4 5GHz WiFi - Plug and Play Android Auto,OK,3256804763080423,Mini Ultra CarlinKit 5.0 Wireless Adapter Wireless CarPlay Android Auto For OEM Cars Plug & Play WiFi Bluetooth Auto Connection,US $24.85,US $46.20,,,,,https://www.aliexpress.us/item/3256804763080423.html
CarlinKit Adaptador CarPlay Sem Fio Mini Ultra4 5GHz WiFi - Plug and Play Android Auto,OK,3256811947359031,Mini Ultra CarlinKit 5.0 Wireless CarPlay Adapter Smart Android Auto Box For Cars Plug and Play WiFi Bluetooth Auto Connection,US $23.69,US $33.25,,,,,https://www.aliexpress.us/item/3256811947359031.html
CarlinKit Adaptador CarPlay Sem Fio Mini Ultra4 5GHz WiFi - Plug and Play Android Auto,OK,3256805701955843,Carlinkit Carplay Wireless Adapter Ai Box Car Multimedia Player Bluetooth Wifi Auto Connect Plug And Play Mini Car Play Wireless,US $19.06,US $112.13,,,,,https://www.aliexpress.us/item/3256805701955843.html
CarlinKit Adaptador CarPlay Sem Fio Mini Ultra4 5GHz WiFi - Plug and Play Android Auto,OK,3256809934129098,2in1 Wireless CarPlay Dongle Wireless Android Auto Adapter AI Smart Box Car Intelligent Systems For Car With Wired CarPlay,US $6.34,US $29.65,,,,,https://www.aliexpress.us/item/3256809934129098.html
CarlinKit Adaptador CarPlay Sem Fio Mini Ultra4 5GHz WiFi - Plug and Play Android Auto,OK,3256809954889284,Carlinkit Carplay Ai Box Wireless Carplay Adapter youtube netflix Carplay Multimedia Box 4+64GB,US $259.72,,,,,,https://www.aliexpress.us/item/3256809954889284.html
CarlinKit Adaptador CarPlay Sem Fio Mini Ultra4 5GHz WiFi - Plug and Play Android Auto,OK,3256812361827969,128G Carlinkit Android 15 Android Auto Wireless Adapter 5G CarPlay Tv Box Ultra4 CarPlay Ai Box 8-CoreSM6350 For Youtube Netflix,US $206.01,US $327.00,,,,,https://www.aliexpress.us/item/3256812361827969.html
CarlinKit Adaptador CarPlay Sem Fio Mini Ultra4 5GHz WiFi - Plug and Play Android Auto,OK,3256812044538689,CarlinKit 5.0 Mini Ultra 4 Wireless CarPlay Android Auto  Wireless Adapter Plug &Play WiFi Bluetooth Auto Connection OTA Upgrade,US $23.69,US $33.25,,,,,https://www.aliexpress.us/item/3256812044538689.html
CarlinKit Adaptador CarPlay Sem Fio Mini Ultra4 5GHz WiFi - Plug and Play Android Auto,OK,3256810403038861,Ottocast Play2video Pro AI Box Wireless Carplay Android Auto Adapter Netflix Dongle Video Playback 1080p Screen Mirror for Audi,US $75.29,US $75.39,,,,,https://www.aliexpress.us/item/3256810403038861.html
CarlinKit Adaptador CarPlay Sem Fio Mini Ultra4 5GHz WiFi - Plug and Play Android Auto,OK,3256810034005854,CarlinKit 5.0 Mini Ultra / Pro Wireless CarPlay & Android Auto Adapter For OEM Cars Upgrade WiFi BLE Wireless Auto-connect Phone,US $9.09,US $39.69,,,,,https://www.aliexpress.us/item/3256810034005854.html
CarlinKit Adaptador CarPlay Sem Fio Mini Ultra4 5GHz WiFi - Plug and Play Android Auto,OK,3256812110904258,CarlinKit New Arrival Mini Ultra4 Wireless CarPlay Adapter 5Ghz WiFi USB Plug Play Android Auto CarPlay Smart Carplay Dongle,US $26.16,US $28.44,,,,,https://www.aliexpress.us/item/3256812110904258.html
CarlinKit Adaptador CarPlay Sem Fio Mini Ultra4 5GHz WiFi - Plug and Play Android Auto,OK,3256809033785652,CarlinKit 5.0 Mini Ultra Wireless Adapter Wireless CarPlay Android Auto For OEM Car Plug and Play WiFi Bluetooth Auto Connection,US $18.99,US $70.72,,,,,https://www.aliexpress.us/item/3256809033785652.html
CarlinKit Adaptador CarPlay Sem Fio Mini Ultra4 5GHz WiFi - Plug and Play Android Auto,OK,3256809379684788,2025 New Adapter 2in1 Mini CarPlay Box Wired To Wireless CarPlay Android Auto Smart Box Bluetooth Connect Plug&Play For 98% Cars,US $9.39,US $36.42,,,,,https://www.aliexpress.us/item/3256809379684788.html
CarlinKit Adaptador CarPlay Sem Fio Mini Ultra4 5GHz WiFi - Plug and Play Android Auto,OK,3256808837266294,MINI 5 Pro/Mini Ultra CarlinKit Wireless CarPlay Adapter Smart CarPlay Box  for Car Plug and Play WiFi Bluetooth Auto Connection,US $15.99,US $36.21,,,,,https://www.aliexpress.us/item/3256808837266294.html
CarlinKit Adaptador CarPlay Sem Fio Mini Ultra4 5GHz WiFi - Plug and Play Android Auto,OK,3256812553389301,128G Carlinkit Android 15 Android Auto Wireless Adapter 5G CarPlay Tv Box Ultra4 CarPlay Ai Box 8-CoreSM6350 For Youtube Netflix,US $204.35,US $335.00,,,,,https://www.aliexpress.us/item/3256812553389301.html
CarlinKit Adaptador CarPlay Sem Fio Mini Ultra4 5GHz WiFi - Plug and Play Android Auto,OK,3256808835582261,Carlinkit Wireless Carplay Adapter Mini Ultra Android Auto Box USB Plug & Play Seamless Connection for OEM Car Wired to Wireless,US $17.75,US $71.00,,,,,https://www.aliexpress.us/item/3256808835582261.html
CarlinKit Adaptador CarPlay Sem Fio Mini Ultra4 5GHz WiFi - Plug and Play Android Auto,OK,3256810472949370,OTTOCAST Cabin Care Wireless CarPlay Adapter Baby Camera 1080P HD 150° Wide Angle View Night Vision Real Time Backseat Monitor,US $96.63,US $210.28,,,,,https://www.aliexpress.us/item/3256810472949370.html
CarlinKit Adaptador CarPlay Sem Fio Mini Ultra4 5GHz WiFi - Plug and Play Android Auto,OK,3256812190447186,128G Carlinkit Android 15 Android Auto Wireless Adapter 5G CarPlay Tv Box Ultra4 CarPlay Ai Box 8-CoreSM6350 For Youtube Netflix,US $206.20,US $327.30,,,,,https://www.aliexpress.us/item/3256812190447186.html
CarlinKit Adaptador CarPlay Sem Fio Mini Ultra4 5GHz WiFi - Plug and Play Android Auto,OK,3256808757669364,Smallest CarlinKit Wireless CarPlay Adapter MINI Ultra Android Auto Box USB Dongle Plug and Play for OEM Car Seamless Connection,US $19.39,US $43.81,,,,,https://www.aliexpress.us/item/3256808757669364.html
CarlinKit Adaptador CarPlay Sem Fio Mini Ultra4 5GHz WiFi - Plug and Play Android Auto,OK,3256811494360076,CarlinKit 5.0 & 4.0 2-In-1 Wireless Adapter Wireless CarPlay & Android Auto 2.4G&5Ghz WiFi Bluetooth Auto Connect Plug and Play,US $27.03,US $82.69,,,,,https://www.aliexpress.us/item/3256811494360076.html
CarlinKit Adaptador CarPlay Sem Fio Mini Ultra4 5GHz WiFi - Plug and Play Android Auto,OK,3256809624986529,OTTOCAST Play2Video Ultra Carplay Ai Box Wireless Android Auto Adapter Built in Youtube Netflix For VW Benz Ford 99% of Cars,US $69.89,US $139.81,,,,,https://www.aliexpress.us/item/3256809624986529.html
CarlinKit Adaptador CarPlay Sem Fio Mini Ultra4 5GHz WiFi - Plug and Play Android Auto,OK,3256808836320154,Carlinkit Wireless Carplay Adapter Mini Ultra Android Auto Box USB Dongle Plug & Play Seamless Connection for OEM Car Dual Mode,US $16.22,US $50.48,,,,,https://www.aliexpress.us/item/3256808836320154.html
CarlinKit Adaptador CarPlay Sem Fio Mini Ultra4 5GHz WiFi - Plug and Play Android Auto,OK,3256806780020613,CarlinKit Android Auto USB Dongle Wireless CarPlay Adapter For Android Car Support Spotify Waze Map Phone Mirrorlink Car Radio,US $35.08,US $89.52,,,,,https://www.aliexpress.us/item/3256806780020613.html
CarlinKit Adaptador CarPlay Sem Fio Mini Ultra4 5GHz WiFi - Plug and Play Android Auto,OK,3256804894867187,CarlinKit 4.0 CarPlay Wireless Adapter Android Auto Dongle Car Play Mini Box for Benz Audi Mazda Kia Toyota VW OEM Wired Car,US $25.42,US $104.60,,,,,https://www.aliexpress.us/item/3256804894867187.html
CarlinKit Adaptador CarPlay Sem Fio Mini Ultra4 5GHz WiFi - Plug and Play Android Auto,OK,3256810204426573,OTTOCAST Play2Video Express Wireless CarPlay Android Auto Adapter for Youtube Netflix for Volvo Chevrolet VW CarAccessorie,US $36.71,US $87.41,,,,,https://www.aliexpress.us/item/3256810204426573.html
CarlinKit Adaptador CarPlay Sem Fio Mini Ultra4 5GHz WiFi - Plug and Play Android Auto,OK,3256808791408226,Mini Ultra CarlinKit 5.0 Wired To Wireless Adapter Wireless Android Auto Wireless CarPlay USB Dongle For iPhone Android Phone,US $8.46,US $32.89,,,,,https://www.aliexpress.us/item/3256808791408226.html
CarlinKit Adaptador CarPlay Sem Fio Mini Ultra4 5GHz WiFi - Plug and Play Android Auto,OK,3256811874879406,CarlinKit Wireless CarPlay Adapter Mini Ultra 2air Android Auto Box Plug and Play Wired To Wireless USB Dongle WiFi Auto Connect,US $10.91,US $40.70,,,,,https://www.aliexpress.us/item/3256811874879406.html
CarlinKit Adaptador CarPlay Sem Fio Mini Ultra4 5GHz WiFi - Plug and Play Android Auto,OK,2251832797611426,Carlinkit Wireless CarPlay USB Dongle Android Auto Adapter for Android Car Head Unit Multimedia Player Mirrorlink Autokit Box,US $33.38,US $87.79,,,,,https://www.aliexpress.us/item/2251832797611426.html
CarlinKit Adaptador CarPlay Sem Fio Mini Ultra4 5GHz WiFi - Plug and Play Android Auto,OK,3256806617072337,2026 HEYINCAR 2in1 Wireless Android Auto Adapter Carplay Smart Dongle Plug and Play For Kia Volvo Audi MG Opel VW Hyundai Jeep,US $10.29,US $18.43,,,,,https://www.aliexpress.us/item/3256806617072337.html
CarlinKit Adaptador CarPlay Sem Fio Mini Ultra4 5GHz WiFi - Plug and Play Android Auto,OK,3256807187952984,CarlinKit MINI 5 Wireless CarPlay Adapter Smart CarPlay Box USB Dongle for OEM Car Plug and Play WiFi Bluetooth Auto Connection,US $8.90,US $51.29,,,,,https://www.aliexpress.us/item/3256807187952984.html
CarlinKit Adaptador CarPlay Sem Fio Mini Ultra4 5GHz WiFi - Plug and Play Android Auto,OK,3256809743792602,Mini Ultra 3 CarlinKit Wireless Android Auto & CarPlay Adapter 2.4Ghz&5Ghz WiFi BLE Auto Connect OTA Upgrade Mini Smart Car Box,US $12.58,US $41.66,,,,,https://www.aliexpress.us/item/3256809743792602.html
CarlinKit Adaptador CarPlay Sem Fio Mini Ultra4 5GHz WiFi - Plug and Play Android Auto,OK,3256809048094888,CarlinKit 5.0 Mini Ultra Wireless Adapter Wireless CarPlay Android Auto For OEM Car Plug and Play WiFi Bluetooth Auto Connection,US $16.39,US $36.59,,,,,https://www.aliexpress.us/item/3256809048094888.html
CarlinKit Adaptador CarPlay Sem Fio Mini Ultra4 5GHz WiFi - Plug and Play Android Auto,OK,3256806823751820,XUDA 2025  Wireless CarPlay Android Auto Wireless Adapter Smart Mini Box Plug And Play WiFi Fast Connect Universal For Nissan,US $15.33,US $32.85,,,,,https://www.aliexpress.us/item/3256806823751820.html
CarlinKit Adaptador CarPlay Sem Fio Mini Ultra4 5GHz WiFi - Plug and Play Android Auto,OK,3256811445732845,CarlinKit 4K CarPlay AI Box Auto Wireless CarPlay Adapter Android13.0 Quad-core Chip Supports OTA Online Upgrades With HDMI GPS,US $90.54,US $216.75,,,,,https://www.aliexpress.us/item/3256811445732845.html
CarlinKit Adaptador CarPlay Sem Fio Mini Ultra4 5GHz WiFi - Plug and Play Android Auto,OK,3256803980541883,CarlinKit Wireless CarPlay Dongle Android Auto Wireless USB Adapter for Android Car Multimedia Mirrorlink Waze Spotify Autokit,US $37.70,US $48.53,,,,,https://www.aliexpress.us/item/3256803980541883.html
CarlinKit Adaptador CarPlay Sem Fio Mini Ultra4 5GHz WiFi - Plug and Play Android Auto,OK,3256809726565194,CarlinKit 5.0 Mini Ultra &Mini 5 Pro Wireless CarPlay Android Auto Adapter For OEM Car Plug &Play WiFi Bluetooth Auto Connection,US $14.44,US $40.45,,,,,https://www.aliexpress.us/item/3256809726565194.html
CarlinKit Adaptador CarPlay Sem Fio Mini Ultra4 5GHz WiFi - Plug and Play Android Auto,OK,3256811387596495,Ottocast Mini Air Wireless CarPlay Android Auto AirPlay Adapter 3 in 1 Plug and Play Wireless Mirroring For Youtube Tiktok IPTV,US $32.70,US $66.95,,,,,https://www.aliexpress.us/item/3256811387596495.html
CarlinKit Adaptador CarPlay Sem Fio Mini Ultra4 5GHz WiFi - Plug and Play Android Auto,OK,3256807277465685,2026 CarlinKit MINI SE CarPlay Wireless Adapter Car Play Dongle WiFi Fast Connect Plug and Play for Benz Mazda Audi VW Kia Volvo,US $19.84,US $53.67,,,,,https://www.aliexpress.us/item/3256807277465685.html
CarlinKit Adaptador CarPlay Sem Fio Mini Ultra4 5GHz WiFi - Plug and Play Android Auto,OK,3256805634737200,CarlinKit 5.0 & 4.0 Wireless CarPlay Adapter Android Auto Dongle Smart Car Play Box for iOS & Android Multi-Device Supported,US $18.84,US $57.42,,,,,https://www.aliexpress.us/item/3256805634737200.html
CarlinKit Adaptador CarPlay Sem Fio Mini Ultra4 5GHz WiFi - Plug and Play Android Auto,OK,3256809274127195,CarlinKit MINI 5 Wireless CarPlay Adapter for iPhone Convert Wired to Wireless CarPlay Plug &Play Easy Setup Stable Fast Connect,US $12.25,US $40.97,,,,,https://www.aliexpress.us/item/3256809274127195.html
CarlinKit Adaptador CarPlay Sem Fio Mini Ultra4 5GHz WiFi - Plug and Play Android Auto,OK,3256810419350396,Mini Ultra 3 CarlinKit 5.0 Wireless Adapter Wireless CarPlay Android Auto For OEM Car Plug & Play WiFi Bluetooth Auto Connection,US $8.26,US $45.15,,,,,https://www.aliexpress.us/item/3256810419350396.html
CarlinKit Adaptador CarPlay Sem Fio Mini Ultra4 5GHz WiFi - Plug and Play Android Auto,OK,3256812044632866,2026 Mini Ultra 4 Original 5.0 Wireless Android Auto CarPlay 2-In-1 Smart Car Box Wireless Auto Connect OTA Upgrade Easy Setup,US $15.99,US $43.38,,,,,https://www.aliexpress.us/item/3256812044632866.html
CarlinKit Adaptador CarPlay Sem Fio Mini Ultra4 5GHz WiFi - Plug and Play Android Auto,OK,3256811614907105,Carlinkit 2026 Wireless CarPlay Adapter Android Auto Dongle Plug & Play Wifi 5.8G BT5.4 OTA Upgrade for Car Infotainment Upgrade,US $10.93,US $37.34,,,,,https://www.aliexpress.us/item/3256811614907105.html
K1A Adaptador CarPlay Sem Fio Mini USB - Apple CarPlay e Android Auto Evoluído,OK,3256811986510563,"(2026 Upgraded) Wireless CarPlay Adapter for Apple iPhone＆Android, Small Size,Plug and Play,Fast and Stable Connection Wireless",US $16.99,US $36.31,,,,,https://www.aliexpress.us/item/3256811986510563.html
K1A Adaptador CarPlay Sem Fio Mini USB - Apple CarPlay e Android Auto Evoluído,OK,3256810386395957,XUDA Wireless CarPlay Adapter 2026 Upgrade Wired CarPlay to Wireless Mini USB Design for Cars with Built-in Wired Apple CarPlay,US $9.33,US $26.61,,,,,https://www.aliexpress.us/item/3256810386395957.html
K1A Adaptador CarPlay Sem Fio Mini USB - Apple CarPlay e Android Auto Evoluído,OK,3256812533118239,Wireless CarPlay Android Auto Adapter Wired to Wireless Upgrade Plug and Play Fast Stable Connection Mini Portable Car Adapter,US $7.31,US $32.51,,,,,https://www.aliexpress.us/item/3256812533118239.html
K1A Adaptador CarPlay Sem Fio Mini USB - Apple CarPlay e Android Auto Evoluído,OK,3256809740342358,2in1 Wireless CarPlay Dongle Wireless Android Auto Adapter AI Smart Box Car Intelligent Systems For Car With Wired CarPlay,US $7.27,US $31.71,,,,,https://www.aliexpress.us/item/3256809740342358.html
K1A Adaptador CarPlay Sem Fio Mini USB - Apple CarPlay e Android Auto Evoluído,OK,3256810577684658,2026 Wireless CarPlay Adapter 2-in-1 Wired to Wireless Dongle for Apple & Android phone Plug and Play Universal Car Accessory,US $10.79,US $26.46,,,,,https://www.aliexpress.us/item/3256810577684658.html
K1A Adaptador CarPlay Sem Fio Mini USB - Apple CarPlay e Android Auto Evoluído,OK,3256810467177539,NEWEST Wireless CarPlay Adapter 2-in-1 Wired to Wireless Dongle for Apple & Android Auto Plug and Play Universal Car Accessory,US $9.33,US $25.31,,,,,https://www.aliexpress.us/item/3256810467177539.html
K1A Adaptador CarPlay Sem Fio Mini USB - Apple CarPlay e Android Auto Evoluído,OK,3256812536715819,2026 Wireless Carplay Adapter 4in1 Android Auto Connect Airplay Mirror Link Screen USB Plug Play for Apple and Android CarPlay,US $24.04,US $52.47,,,,,https://www.aliexpress.us/item/3256812536715819.html
K1A Adaptador CarPlay Sem Fio Mini USB - Apple CarPlay e Android Auto Evoluído,OK,3256809379684788,2025 New Adapter 2in1 Mini CarPlay Box Wired To Wireless CarPlay Android Auto Smart Box Bluetooth Connect Plug&Play For 98% Cars,US $9.39,US $36.42,,,,,https://www.aliexpress.us/item/3256809379684788.html
K1A Adaptador CarPlay Sem Fio Mini USB - Apple CarPlay e Android Auto Evoluído,OK,3256806781147699,2026 Wireless CarPlay Adapter 2-in-1 Wired to Wireless Dongle for Apple & Android Auto Plug and Play Universal Car Accessory,US $8.94,US $31.88,,,,,https://www.aliexpress.us/item/3256806781147699.html
K1A Adaptador CarPlay Sem Fio Mini USB - Apple CarPlay e Android Auto Evoluído,OK,3256809902740364,2026 NEW Wired to Wireless CarPlay and Android Auto 2 in 1 Mini Adapter 5GHz WiFi5 for 99% Original Wired CarPlay/Auto Cars,US $8.33,US $25.18,,,,,https://www.aliexpress.us/item/3256809902740364.html
K1A Adaptador CarPlay Sem Fio Mini USB - Apple CarPlay e Android Auto Evoluído,OK,3256812576284415,"New Upgraded Wireless CarPlay Adapter for Apple iPhone & Android Small Size, Plug and Play, Fast and Stable Connection Wireless",US $4.20,US $31.11,,,,,https://www.aliexpress.us/item/3256812576284415.html
K1A Adaptador CarPlay Sem Fio Mini USB - Apple CarPlay e Android Auto Evoluído,OK,3256809934129098,2in1 Wireless CarPlay Dongle Wireless Android Auto Adapter AI Smart Box Car Intelligent Systems For Car With Wired CarPlay,US $6.34,US $29.65,,,,,https://www.aliexpress.us/item/3256809934129098.html
K1A Adaptador CarPlay Sem Fio Mini USB - Apple CarPlay e Android Auto Evoluído,OK,3256812529874805,2 in 1 Wireless CarPlay & Android Auto Adapter Mini Wired to Wireless Converter Plug and Play Fast Stable Auto Reconnect,US $7.67,US $33.34,,,,,https://www.aliexpress.us/item/3256812529874805.html
K1A Adaptador CarPlay Sem Fio Mini USB - Apple CarPlay e Android Auto Evoluído,OK,3256812504544668,New Mini wired to wireless CarPlay & Android Auto 2in1 adapter is suitable for 99% of original cars with wired carplay/auto,US $6.31,US $29.58,,,,,https://www.aliexpress.us/item/3256812504544668.html
K1A Adaptador CarPlay Sem Fio Mini USB - Apple CarPlay e Android Auto Evoluído,OK,3256812560566183,"Wireless CarPlay Adapter for Apple iPhone & Android, 2-in-1 Adapter Convert Wired to Wireless Dongle",US $7.89,US $33.84,,,,,https://www.aliexpress.us/item/3256812560566183.html
K1A Adaptador CarPlay Sem Fio Mini USB - Apple CarPlay e Android Auto Evoluído,OK,3256812291912906,OTTOCAST P3 PRO Ai Box Android 13 TV Box Wireless CarPlay Android Auto Adapter AI Voice Assistant For YouTube Netflix TikTok Etc,US $205.60,US $462.17,,,,,https://www.aliexpress.us/item/3256812291912906.html
K1A Adaptador CarPlay Sem Fio Mini USB - Apple CarPlay e Android Auto Evoluído,OK,3256812530393196,4-in-1 Wireless Carplay Adapter Android Auto Connect Airplay Mirror Link Screen Plug and Play Bluetooth for Apple and Android,US $24.01,US $52.42,,,,,https://www.aliexpress.us/item/3256812530393196.html
K1A Adaptador CarPlay Sem Fio Mini USB - Apple CarPlay e Android Auto Evoluído,OK,3256812548569353,Upgraded  Wireless CarPlay Adapter for Apple IPhone Android Small Size Plug and Play Fast and Stable Connection Wireless,US $14.85,US $20.48,,,,,https://www.aliexpress.us/item/3256812548569353.html
K1A Adaptador CarPlay Sem Fio Mini USB - Apple CarPlay e Android Auto Evoluído,OK,3256812297298061,Universal Wired To Wireless CarPlay Android Auto Adapter USB Plug-and-Play Stable Signal Auto Pair Work For Most Original,US $19.05,US $26.05,,,,,https://www.aliexpress.us/item/3256812297298061.html
K1A Adaptador CarPlay Sem Fio Mini USB - Apple CarPlay e Android Auto Evoluído,OK,3256809926442990,"Wireless CarPlay & Android Auto Dongle, Fast Auto-Connect, Compact Plug & Play for iPhone/Android, USB/USB-C, No Delay",US $13.33,US $30.03,,,,,https://www.aliexpress.us/item/3256809926442990.html
K1A Adaptador CarPlay Sem Fio Mini USB - Apple CarPlay e Android Auto Evoluído,OK,3256809739735371,2025 New Wireless Android Auto Adapter Wired to Wireless Carplay Smart Box USB Plug and Play Online Upgrade WiFi Auto Connection,US $10.67,US $29.94,,,,,https://www.aliexpress.us/item/3256809739735371.html
K1A Adaptador CarPlay Sem Fio Mini USB - Apple CarPlay e Android Auto Evoluído,OK,3256812510617310,"CarPlay Wireless Adapter for iPhone,2024 Upgrade 2 in 1 and Android Auto-Connect, Thermal Vent Design,Dongle for Factory Wired",US $7.86,US $30.96,,,,,https://www.aliexpress.us/item/3256812510617310.html
K1A Adaptador CarPlay Sem Fio Mini USB - Apple CarPlay e Android Auto Evoluído,OK,3256812292276710,2026 Kowankit Wireless CarPlay Adapter Android Auto 2 in 1 Dongle Smart BT 5G WiFi Plug & Play For Toyota Hyundai Ford VW Nissan,US $9.98,US $36.91,,,,,https://www.aliexpress.us/item/3256812292276710.html
K1A Adaptador CarPlay Sem Fio Mini USB - Apple CarPlay e Android Auto Evoluído,OK,3256810472949370,OTTOCAST Cabin Care Wireless CarPlay Adapter Baby Camera 1080P HD 150° Wide Angle View Night Vision Real Time Backseat Monitor,US $96.63,US $210.28,,,,,https://www.aliexpress.us/item/3256810472949370.html
K1A Adaptador CarPlay Sem Fio Mini USB - Apple CarPlay e Android Auto Evoluído,OK,3256812432781378,Wireless CarPlay Adapter for Apple IPhone＆Android Small Size Wireless CarPlay Plug and Play Fast and Stable Connection Wireless,US $18.71,US $52.46,,,,,https://www.aliexpress.us/item/3256812432781378.html
K1A Adaptador CarPlay Sem Fio Mini USB - Apple CarPlay e Android Auto Evoluído,OK,3256812092624270,Skilldrive 2026 mini 2 in 1 Wireless CarPlay Apapter Type C Port CarPlay Android Auto USB Converts Wired to Wireless Plug & Play,US $8.71,US $34.92,,,,,https://www.aliexpress.us/item/3256812092624270.html
K1A Adaptador CarPlay Sem Fio Mini USB - Apple CarPlay e Android Auto Evoluído,OK,3256811748951414,"2026 Wireless CarPlay & Android Auto Adapter 2-in-1 – Convert Wired to Wireless, Fast Auto-Connect, Zero-Lag 5.8GHz WiFi, Plug &",US $8.40,US $32.09,,,,,https://www.aliexpress.us/item/3256811748951414.html
K1A Adaptador CarPlay Sem Fio Mini USB - Apple CarPlay e Android Auto Evoluído,OK,3256810403038861,Ottocast Play2video Pro AI Box Wireless Carplay Android Auto Adapter Netflix Dongle Video Playback 1080p Screen Mirror for Audi,US $75.29,US $75.39,,,,,https://www.aliexpress.us/item/3256810403038861.html
K1A Adaptador CarPlay Sem Fio Mini USB - Apple CarPlay e Android Auto Evoluído,OK,3256812530442836,4-in-1 Wireless Carplay Adapter Android Auto Connect Airplay Mirror Link Screen Plug and Play Bluetooth for Apple and Android,US $23.89,US $52.16,,,,,https://www.aliexpress.us/item/3256812530442836.html
K1A Adaptador CarPlay Sem Fio Mini USB - Apple CarPlay e Android Auto Evoluído,OK,3256811676673411,"(2026 Upgraded) Wireless CarPlay Adapter for Apple iPhone＆Android, Small Size,Plug and Play,Fast and Stable Connection Wireless",US $12.59,US $31.49,,,,,https://www.aliexpress.us/item/3256811676673411.html
K1A Adaptador CarPlay Sem Fio Mini USB - Apple CarPlay e Android Auto Evoluído,OK,3256812605002839,"VCARLINKPLAY 2-in-1 Wireless CarPlay&Android Auto Adapter - Plug and Play CarPlay Converter, Fast Automatic Connection, Gifts",US $8.12,US $32.86,,,,,https://www.aliexpress.us/item/3256812605002839.html
K1A Adaptador CarPlay Sem Fio Mini USB - Apple CarPlay e Android Auto Evoluído,OK,3256810343332678,Ottocast Play2video Pro Wireless CarPlay Adapter AI Box Android Auto Netflix YouTube Video Playback 1080p Screen Mirror for Audi,US $69.98,US $140.17,,,,,https://www.aliexpress.us/item/3256810343332678.html
K1A Adaptador CarPlay Sem Fio Mini USB - Apple CarPlay e Android Auto Evoluído,OK,3256809935995669,XUDA Wireless CarPlay Adapter 2026 Upgrade Wired CarPlay to Wireless Mini USB Design for Cars with Built-in Wired Apple CarPlay,US $10.57,US $29.74,,,,,https://www.aliexpress.us/item/3256809935995669.html
K1A Adaptador CarPlay Sem Fio Mini USB - Apple CarPlay e Android Auto Evoluído,OK,3256812583556341,"Wireless CarPlay & Android Auto USB-C Adapter, 2-in-1 Adapter for iPhone iOS 10+ & Android 11+, Auto-Reconnect for 800+ Car",US $15.04,US $40.76,,,,,https://www.aliexpress.us/item/3256812583556341.html
K1A Adaptador CarPlay Sem Fio Mini USB - Apple CarPlay e Android Auto Evoluído,OK,3256812344629080,(2026 Upgraded) Wireless CarPlay Adapter for Apple iPhone & Android Small Size Plug and Play Fast and Stable Connection Wireless,US $8.87,US $35.26,,,,,https://www.aliexpress.us/item/3256812344629080.html
K1A Adaptador CarPlay Sem Fio Mini USB - Apple CarPlay e Android Auto Evoluído,OK,3256812402349174,ANYFAR New Upgrade Apple CarPlay Android Auto USB Hub Adapter for Mazda 2 3 6 CX3 CX5 CX8 CX9 MX5 Miata TK78669U0C Mazda Retrofit Kit,US $36.50,US $109.15,,,,,https://www.aliexpress.us/item/3256812402349174.html
K1A Adaptador CarPlay Sem Fio Mini USB - Apple CarPlay e Android Auto Evoluído,OK,3256812487562915,"2-in-1 Wireless CarPlay & Android Auto Adapter, Plug & Play CarPlay Dongle Converts Wired to Wireless, Fast Auto-Connect",US $7.59,US $32.43,,,,,https://www.aliexpress.us/item/3256812487562915.html
K1A Adaptador CarPlay Sem Fio Mini USB - Apple CarPlay e Android Auto Evoluído,OK,3256811641269980,"2026 Trending Wireless CarPlay Adapter for Apple iPhone & Android, 2-in-1 Adapter Convert Wired to Wireless Dongle",US $6.16,US $32.10,,,,,https://www.aliexpress.us/item/3256811641269980.html
K1A Adaptador CarPlay Sem Fio Mini USB - Apple CarPlay e Android Auto Evoluído,OK,3256812576180639,"2IN1 Upgraded Wireless CarPlay Adapter for Apple iPhone & Android Small Size, Plug and Play, Fast and Stable Connection Wireless",US $6.74,US $31.23,,,,,https://www.aliexpress.us/item/3256812576180639.html
K1A Adaptador CarPlay Sem Fio Mini USB - Apple CarPlay e Android Auto Evoluído,OK,3256808034574732,Ottocast Cabin Care Wireless CarPlay Adapter Baby Car Camera 1080P HD 150° Wide-angle Night Vision Backseat Monitor for 98% Car,US $86.16,US $169.39,,,,,https://www.aliexpress.us/item/3256808034574732.html
K1A Adaptador CarPlay Sem Fio Mini USB - Apple CarPlay e Android Auto Evoluído,OK,3256812599290161,"(2026 Upgraded) Wireless CarPlay Adapter for Apple IPhone＆Android, Small Size,Plug and Play,Fast and Stable Connection Wireless",US $16.95,US $40.06,,,,,https://www.aliexpress.us/item/3256812599290161.html
K1A Adaptador CarPlay Sem Fio Mini USB - Apple CarPlay e Android Auto Evoluído,OK,3256812562281208,"2 in 1 wireless carplay adapter for iOS 10+ & Android Auto, Plug and Play,Fast Auto-Connect,5GHz WiFi, Bluetooth 5.3",US $9.67,US $40.66,,,,,https://www.aliexpress.us/item/3256812562281208.html
K1A Adaptador CarPlay Sem Fio Mini USB - Apple CarPlay e Android Auto Evoluído,OK,3256812439209720,"STAWHO 1Set Wireless CarPlay Adapter for Apple iPhone & Android, 2-in-1 Adapter Convert Wired to Wireless Dongle",US $9.03,US $33.40,,,,,https://www.aliexpress.us/item/3256812439209720.html
K1A Adaptador CarPlay Sem Fio Mini USB - Apple CarPlay e Android Auto Evoluído,OK,3256809139072705,HEYINCAR Carbitlink to Wireless CarPlay Android Auto Adapter For Changan Deepal Tiggo Hongqi Chery Jetour Geely GWM Dongfeng GAC,US $91.03,US $144.65,,,,,https://www.aliexpress.us/item/3256809139072705.html
K1A Adaptador CarPlay Sem Fio Mini USB - Apple CarPlay e Android Auto Evoluído,OK,3256811778413756,"2026 Wireless CarPlay Adapter for Apple, Convert Wired to CarPlay Wireless Adapter, USB-C/Type-C Design, Plug & Play, Car Play D",US $8.31,US $31.90,,,,,https://www.aliexpress.us/item/3256811778413756.html
K1A Adaptador CarPlay Sem Fio Mini USB - Apple CarPlay e Android Auto Evoluído,OK,3256812529418518,2026 Upgrade 4in1 Wireless Carplay Mirror Link Adapter Instant Wired to Wireless Conversion Plug & Play for Wired Carplay,US $24.02,US $52.44,,,,,https://www.aliexpress.us/item/3256812529418518.html
K1A Adaptador CarPlay Sem Fio Mini USB - Apple CarPlay e Android Auto Evoluído,OK,3256812179845817,"2-in-1 Wireless CarPlay & Android Auto Adapter, Universal Fit for Most Cars, Wireless Connection, Plug & Play IOS/Android",US $7.59,US $32.43,,,,,https://www.aliexpress.us/item/3256812179845817.html
K1A Adaptador CarPlay Sem Fio Mini USB - Apple CarPlay e Android Auto Evoluído,OK,3256801686249346,"Mazda CarPlay and Android Auto USB Media Hub Retrofit Kit, Support Mazda 3/6/CX5/CX3/CX9/MX5-TK78 66 9U0C K1414 C922 V6 605A",US $101.51,US $108.51,,,,,https://www.aliexpress.us/item/3256801686249346.html
K1A Adaptador CarPlay Sem Fio Mini USB - Apple CarPlay e Android Auto Evoluído,OK,3256812530785085,Wireless Carplay 4-in-1 Adapter Android Auto Connect Airplay Mirror Link Screen Plug and Play Bluetooth for Apple and Android,US $18.80,US $52.50,,,,,https://www.aliexpress.us/item/3256812530785085.html
K1A Adaptador CarPlay Sem Fio Mini USB - Apple CarPlay e Android Auto Evoluído,OK,3256812536427666,4in1 Android Auto Connect Airplay Wireless Carplay Adapter Mirror Link Screen USB Plug Play for Apple and Android CarPlay,US $22.99,US $52.47,,,,,https://www.aliexpress.us/item/3256812536427666.html
Termostato Inteligente WiFi Tuya com Display LED para Aquecimento de Piso - Controle por App,OK,3256810404586024,GIRIER Tuya WiFi Thermostat TFT Screen Smart Temperature Controller for Water/Gas Boiler Electric Floor Heating Works with Alexa,US $80.17,US $174.34,,,,,https://www.aliexpress.us/item/3256810404586024.html
Termostato Inteligente WiFi Tuya com Display LED para Aquecimento de Piso - Controle por App,OK,3256805012656796,Smart Temperature Remote Controller M3H Tuya WiFi Thermostat 3A 16A LCD Display Touch Screen for Water/Electric Floor/Gas Boiler,US $19.01,US $56.54,,,,,https://www.aliexpress.us/item/3256805012656796.html
Termostato Inteligente WiFi Tuya com Display LED para Aquecimento de Piso - Controle por App,OK,3256807066168085,WiFi Smart Thermostat 5+2 Programmable 3A Water Heating Tuya Voice Control Thermostat DIY Install LCD Display Smart Temperature,US $12.73,US $41.11,,,,,https://www.aliexpress.us/item/3256807066168085.html
Termostato Inteligente WiFi Tuya com Display LED para Aquecimento de Piso - Controle por App,OK,3256807526085550,Tuya Thermostat WiFi Electric/Water/Gas Boiler Warm Floor Heating Temperature Controller Smart Thermoregulator Alexa Google,US $44.10,US $111.10,,,,,https://www.aliexpress.us/item/3256807526085550.html
Termostato Inteligente WiFi Tuya com Display LED para Aquecimento de Piso - Controle por App,OK,3256810253013849,Smart Thermostat Tuya WiFi for Water/Electric Floor Heating Gas Boiler Remote Temperature Controller Alexa Google Yandex Voice,US $26.77,US $67.54,,,,,https://www.aliexpress.us/item/3256810253013849.html
Termostato Inteligente WiFi Tuya com Display LED para Aquecimento de Piso - Controle por App,OK,3256811683676594,Minco Heat NEW LED ScreenAC90-240V 3A/16A WiFi Tuya Smart Thermostat Work with Underfloor Heating/Water /Gas Boiler Thermostat,US $31.66,US $49.63,,,,,https://www.aliexpress.us/item/3256811683676594.html
Termostato Inteligente WiFi Tuya com Display LED para Aquecimento de Piso - Controle por App,OK,3256806347103599,Tuya WiFi Smart Thermostat Electric Floor Heating TRV Water Gas Boiler Temperature Voice Remote Controller for Google Home Alexa,US $17.92,US $24.92,,,,,https://www.aliexpress.us/item/3256806347103599.html
Termostato Inteligente WiFi Tuya com Display LED para Aquecimento de Piso - Controle por App,OK,3256805772874473,Tuya Smart Floor Heating Wifi Thermostat For Water Room Temperature Remote Controller Google Home\Aleax,US $18.85,US $41.20,,,,,https://www.aliexpress.us/item/3256805772874473.html
Termostato Inteligente WiFi Tuya com Display LED para Aquecimento de Piso - Controle por App,OK,3256805375137041,BSEED Wifi Electric Thermostat Floor Heating Room Temperature Controller LED Screen Touch Light Switches Tuya Smart Life Control,US $32.44,US $70.73,,,,,https://www.aliexpress.us/item/3256805375137041.html
Termostato Inteligente WiFi Tuya com Display LED para Aquecimento de Piso - Controle por App,OK,3256804994908940,MOES WiFi Water/Electric Floor Heating Thermostat Zigbee Water Gas Boiler Temperature Control Tuya/Smart APP Alexa Google Voice,US $29.93,US $78.57,,,,,https://www.aliexpress.us/item/3256804994908940.html
Termostato Inteligente WiFi Tuya com Display LED para Aquecimento de Piso - Controle por App,OK,3256809462844611,WiFi Heating Thermostat Tuya Smart RF433 wireless boiler/water floor heating controller App/Voice control alexa energy-saving,US $51.27,US $116.55,,,,,https://www.aliexpress.us/item/3256809462844611.html
Termostato Inteligente WiFi Tuya com Display LED para Aquecimento de Piso - Controle por App,OK,3256807528373720,RF Wireless Thermostat Smart WiFi Floor Heating For Gas Boiler Battery Powered Tuya Temperature Controller Receiver Alice Google,US $45.48,US $119.28,,,,,https://www.aliexpress.us/item/3256807528373720.html
Termostato Inteligente WiFi Tuya com Display LED para Aquecimento de Piso - Controle por App,OK,3256805666580067,Tuya WiFi Smart Thermostat Electric Floor Heating TRV Water Gas Boiler Temperature Voice Remote Controller for Google Home Alexa,US $16.33,US $23.33,,,,,https://www.aliexpress.us/item/3256805666580067.html
Termostato Inteligente WiFi Tuya com Display LED para Aquecimento de Piso - Controle por App,OK,3256806113948100,"Tuya WiFi Smart Thermostat with Power Monitoring, Voice Control for Film Infrared Electric Warm Floor Heating System, 16A",US $42.94,US $87.84,,,,,https://www.aliexpress.us/item/3256806113948100.html
Termostato Inteligente WiFi Tuya com Display LED para Aquecimento de Piso - Controle por App,OK,3256801688003130,Beok Tuya Smart Life Wifi Thermostat for Electric/Water Warm Floor Heating Home Temperature Controller Yandex Alice Alexa Google,US $49.18,US $89.60,,,,,https://www.aliexpress.us/item/3256801688003130.html
Termostato Inteligente WiFi Tuya com Display LED para Aquecimento de Piso - Controle por App,OK,3256802848213790,TUYA Wi-Fi Smart Large Colorful Screen Room Programmable Air Thermostat WIFI for Switch Heating Cooler Bridge Voice Alexa,US $67.88,US $125.88,,,,,https://www.aliexpress.us/item/3256802848213790.html
Termostato Inteligente WiFi Tuya com Display LED para Aquecimento de Piso - Controle por App,OK,3256804323029786,New M3H Tuya Smart WiFi Floor Heating Thermostat 100~240V Programmable White Black Voice Control Backlight Adjustable,US $23.83,US $35.72,,,,,https://www.aliexpress.us/item/3256804323029786.html
Termostato Inteligente WiFi Tuya com Display LED para Aquecimento de Piso - Controle por App,OK,3256804383785063,Warm Floor WiFi Thermostat for Electric/Boiler/Water Underfloor Heating Controller Tuya Smart Home Thermoregulator Alice Alexa,US $34.68,US $43.48,,,,,https://www.aliexpress.us/item/3256804383785063.html
Termostato Inteligente WiFi Tuya com Display LED para Aquecimento de Piso - Controle por App,OK,3256811711473735,Tuya 3A/16A Smart WIFI Floor Heating Thermostat for PTC Heating Film Mat TRV Water Gas Boiler Temperature Remote Controller,US $23.19,US $24.26,,,,,https://www.aliexpress.us/item/3256811711473735.html
Termostato Inteligente WiFi Tuya com Display LED para Aquecimento de Piso - Controle por App,OK,3256804800124689,16A Tuya Wifi Smart Thermostat  Temperature Controller Electric Warm Floor Heating Room Thermostat Works with Google Home Alexa,US $60.97,US $132.76,,,,,https://www.aliexpress.us/item/3256804800124689.html
Termostato Inteligente WiFi Tuya com Display LED para Aquecimento de Piso - Controle por App,OK,3256806817637888,Smart Thermostat Tuya WiFi for Water/Electric Floor Heating Gas Boiler Remote Temperature Controller Alexa Google Yandex Voice,US $26.79,US $70.39,,,,,https://www.aliexpress.us/item/3256806817637888.html
Termostato Inteligente WiFi Tuya com Display LED para Aquecimento de Piso - Controle por App,OK,3256804040365637,MOES Thermostat WiFi Wireless Room Temperature Controller of Water/Electric Floor Heating Gas Boiler Humidity Tuya Alexa Google,US $36.39,US $57.92,,,,,https://www.aliexpress.us/item/3256804040365637.html
Termostato Inteligente WiFi Tuya com Display LED para Aquecimento de Piso - Controle por App,OK,3256806363554283,Tuya Smart Thermostats Programmable For Gas Boiler /Water Valves/Electric Floor With Wifi Remote Control  Works With Goolge,US $57.07,US $114.35,,,,,https://www.aliexpress.us/item/3256806363554283.html
Termostato Inteligente WiFi Tuya com Display LED para Aquecimento de Piso - Controle por App,OK,3256808988524337,Smart WiFi Thermostat Zigbee Tuya Water Gas Boiler Power Battery Powered Wireless Temperature Controller Alexa Google Home Alice,US $18.05,US $54.45,,,,,https://www.aliexpress.us/item/3256808988524337.html
Termostato Inteligente WiFi Tuya com Display LED para Aquecimento de Piso - Controle por App,OK,3256809415273528,Tuya WiFi Smart Thermostat Water/Gas Boiler Electric Floor Water Heating Temperature Controller APP voice control Goole Home,US $18.88,US $53.91,,,,,https://www.aliexpress.us/item/3256809415273528.html
Termostato Inteligente WiFi Tuya com Display LED para Aquecimento de Piso - Controle por App,OK,3256804775781075,Tuya WiFi Smart Thermostat Controller White or Black for Water Electric Floor Gas Boiler Heating Works with Google Home Alexa,US $25.76,US $39.78,,,,,https://www.aliexpress.us/item/3256804775781075.html
Termostato Inteligente WiFi Tuya com Display LED para Aquecimento de Piso - Controle por App,OK,3256805464365460,Tuya ZigBee Digital Display Smart Temperature Controller Hvac Thermostat 3 Speed Heating Cooling for Air Conditioning Controller,US $35.98,US $78.43,,,,,https://www.aliexpress.us/item/3256805464365460.html
Termostato Inteligente WiFi Tuya com Display LED para Aquecimento de Piso - Controle por App,OK,3256805834241329,Tuya Smart Home Thermostat Water Electric Warm Floor Heating Gas Boiler WiFi Temperature Remote Controller with Google Alexa,US $14.73,US $51.74,,,,,https://www.aliexpress.us/item/3256805834241329.html
Termostato Inteligente WiFi Tuya com Display LED para Aquecimento de Piso - Controle por App,OK,3256806817462030,Smart Thermostat Tuya WiFi for Water/Electric Floor Heating Gas Boiler Remote Temperature Controller Alexa Google Yandex Voice,US $28.13,US $71.70,,,,,https://www.aliexpress.us/item/3256806817462030.html
Termostato Inteligente WiFi Tuya com Display LED para Aquecimento de Piso - Controle por App,OK,3256804206041560,MINCO HEAT Tuya WiFi Smart Touch Screen Thermostat Electric Floor Heating Water/Gas Boiler Temperature Controller  Alexa Yandex,US $23.84,US $38.61,,,,,https://www.aliexpress.us/item/3256804206041560.html
Termostato Inteligente WiFi Tuya com Display LED para Aquecimento de Piso - Controle por App,OK,3256811715119124,Tuya Smart WiFi Thermostat Water/Gas Boiler Electric Floor Water Heating Temperature Controller for Google Alexa Yandex Alice,US $15.57,US $45.13,,,,,https://www.aliexpress.us/item/3256811715119124.html
Termostato Inteligente WiFi Tuya com Display LED para Aquecimento de Piso - Controle por App,OK,3256811657486325,Beok Wifi Smart Knob Thermostat for Electric Floor/Water and Gas Boiler Heating Tuya Temperature Controller，Support Googe Alexa,US $44.90,US $70.31,,,,,https://www.aliexpress.us/item/3256811657486325.html
Termostato Inteligente WiFi Tuya com Display LED para Aquecimento de Piso - Controle por App,OK,3256804033537050,MOES WiFi Water/Electric Floor Heating Thermostat Zigbee Water Gas Boiler Temperature Control Tuya/Smart APP Alexa Google Voice,US $36.97,US $57.92,,,,,https://www.aliexpress.us/item/3256804033537050.html
Termostato Inteligente WiFi Tuya com Display LED para Aquecimento de Piso - Controle por App,OK,3256806554610520,MINCO HEAT Temperature Controller Tuya WiFi Thermostat 3A 16A LCD Display Touch Screen for Water/Electric Floor/Gas Boiler,US $37.46,US $88.92,,,,,https://www.aliexpress.us/item/3256806554610520.html
Termostato Inteligente WiFi Tuya com Display LED para Aquecimento de Piso - Controle por App,OK,3256804522123629,Wifi Heating Thermostat Warm Floor Gas Boiler Digital Temperature Controller 220V Tuya Smart Life Alexa Google Home Assistant,US $35.89,US $63.15,,,,,https://www.aliexpress.us/item/3256804522123629.html
Termostato Inteligente WiFi Tuya com Display LED para Aquecimento de Piso - Controle por App,OK,3256812576761811,WiFi ZigBee Smart Thermostat Temperature Controller Water Electric floor Heating Water/Gas Boiler Works Tuya Alexa Google Home,US $54.51,US $54.61,,,,,https://www.aliexpress.us/item/3256812576761811.html
Termostato Inteligente WiFi Tuya com Display LED para Aquecimento de Piso - Controle por App,OK,3256804208936299,Beok Tuya Smart Home Thermoregulator WIFI Warm Floor Thermostat for Electric Heating Temperature Controller Gas Boiler Yandex,US $36.39,US $49.98,,,,,https://www.aliexpress.us/item/3256804208936299.html
Termostato Inteligente WiFi Tuya com Display LED para Aquecimento de Piso - Controle por App,OK,3256804201488431,Beok Tuya Thermostat Wifi Gas Boiler Warm Floor Heating Temperature Controller Smart Thermoregulator Work With Alice Google Home,US $32.31,US $49.11,,,,,https://www.aliexpress.us/item/3256804201488431.html
Termostato Inteligente WiFi Tuya com Display LED para Aquecimento de Piso - Controle por App,OK,3256806985066552,MOES Zigbee Thermostat Room Temperature Controller of Water/Electric Floor Heating Gas Boiler Humidity Tuya Work with Alex 5A16A,US $26.25,US $66.50,,,,,https://www.aliexpress.us/item/3256806985066552.html
Termostato Inteligente WiFi Tuya com Display LED para Aquecimento de Piso - Controle por App,OK,2255801104282259,MOES Zigbee Thermostat Temperature Controller for Water/Electric floor Heating Water/Gas Boiler Work With Alexa Google Home,US $28.25,US $44.30,,,,,https://www.aliexpress.us/item/2255801104282259.html
Termostato Inteligente WiFi Tuya com Display LED para Aquecimento de Piso - Controle por App,OK,3256805660506194,MOES Tuya WiFi IR Thermostat AC Controller Remote Control Temperature and Humidity Sensor Smart Life Voice Control Alexa Google,US $17.65,US $50.30,,,,,https://www.aliexpress.us/item/3256805660506194.html
Termostato Inteligente WiFi Tuya com Display LED para Aquecimento de Piso - Controle por App,OK,3256808473862986,Tuya WiFi Temperature Controller Socket EOP20 Smart Thermostat Switch Heating Cooling Thermometer Regulator for Incubation,US $43.32,US $104.83,,,,,https://www.aliexpress.us/item/3256808473862986.html
Termostato Inteligente WiFi Tuya com Display LED para Aquecimento de Piso - Controle por App,OK,3256809923222205,Smart WiFi Thermostat Zigbee Tuya Water Gas Boiler Power Battery Powered Wireless Temperature Controller Alexa Google Home Alice,US $17.85,US $52.87,,,,,https://www.aliexpress.us/item/3256809923222205.html
Termostato Inteligente WiFi Tuya com Display LED para Aquecimento de Piso - Controle por App,OK,3256805411484171,"Qiumi Smart Wifi  thermostat display weather, UV index, humidity, for water / floor heating electric water / Gas boiler",US $69.75,US $70.45,,,,,https://www.aliexpress.us/item/3256805411484171.html
Termostato Inteligente WiFi Tuya com Display LED para Aquecimento de Piso - Controle por App,OK,3256809440929313,Tuya Smart RF433 WiFi Thermostat & Socket Receiver Wireless Smart Life Temperature Control Water Gas Boiler heating Alexa Google,US $43.59,US $112.43,,,,,https://www.aliexpress.us/item/3256809440929313.html
Termostato Inteligente WiFi Tuya com Display LED para Aquecimento de Piso - Controle por App,OK,3256806119739288,AVATTO ZigBee Thermostat Radiator Actuator Smart TRV Thermostatic Valve Temperature Controller Support Tuya Alexa Google Home,US $42.33,US $112.11,,,,,https://www.aliexpress.us/item/3256806119739288.html
Termostato Inteligente WiFi Tuya com Display LED para Aquecimento de Piso - Controle por App,OK,3256808337221404,Tuya Wi-Fi Smart Thermostat Socket Outlet Plug Remote Temperature Controller Timer Switch Heating Cooling 3M NTC Sensor 16A,US $18.88,US $33.61,,,,,https://www.aliexpress.us/item/3256808337221404.html
Termostato Inteligente WiFi Tuya com Display LED para Aquecimento de Piso - Controle por App,OK,3256808307988826,Tuya Smart Temperature Wifi Switch 10A 2000W Intelligent Monitoring Thermostat Compatible with  Alexa Google Home,US $3.33,US $10.33,,,,,https://www.aliexpress.us/item/3256808307988826.html
Termostato Inteligente WiFi Tuya com Display LED para Aquecimento de Piso - Controle por App,OK,3256805637343775,Wifi Temperature Sensor Tuya eWelink Smart Wifi Rf433 Intelligent Thermostat Temperature Switch 16A Works With Alexa Google Home,US $10.25,US $53.90,,,,,https://www.aliexpress.us/item/3256805637343775.html
Termostato Inteligente WiFi Tuya com Display LED para Aquecimento de Piso - Controle por App,OK,2255801036966124,2 4 Pipe WiFi Smart Central Air Conditioner Thermostat 3 Speed Fan Coil Unit Wireless Voice Tuya Temperature Controller Alexa,US $71.95,US $78.95,,,,,https://www.aliexpress.us/item/2255801036966124.html
Interruptor Touch Inteligente 3.5 Polegadas com Sensor Radar e Controle de Cortina - Tuya,OK,3256803116554894,Small Spot Light 1W Mini LED Spotlight 12V Dimmable 15mm Cutout Recessed Downlight IP65 Ceiling Lamp Showcase Display Lighting,,,,,,,https://www.aliexpress.us/item/3256803116554894.html
Interruptor Touch Inteligente 3.5 Polegadas com Sensor Radar e Controle de Cortina - Tuya,OK,3256808746443287,Modern Simple LED Decor Ceiling Light Nordic Luxury Indoor Ceiling Lamp Living Room Aisle Bedroom Creative Metal Ceiling Light,US $5.23,US $26.02,,,,,https://www.aliexpress.us/item/3256808746443287.html
Interruptor Touch Inteligente 3.5 Polegadas com Sensor Radar e Controle de Cortina - Tuya,OK,3256805986887544,IRALAN Ultra-thin Round LED Ceiling Light Bedroom Light Neutral White Cool White Warm White 48W 36W 24W 18W LED Ceiling Light,US $1.35,US $25.31,,,,,https://www.aliexpress.us/item/3256805986887544.html
Interruptor Touch Inteligente 3.5 Polegadas com Sensor Radar e Controle de Cortina - Tuya,OK,3256806843909457,LED Ceiling Light with Motion Sensor Human Infrared Sensing Light Staircase Garage Corridor Warehouse Indoor Lighting Fixtures,US $7.71,US $8.10,,,,,https://www.aliexpress.us/item/3256806843909457.html
Interruptor Touch Inteligente 3.5 Polegadas com Sensor Radar e Controle de Cortina - Tuya,OK,3256806667047267,2.2CM Ultra Thin Ceiling Light LED Panel Light 6W 9W 13W 18W 24W Indoor Decorative Small Power Energy Saving No Flicker Bedroom,US $0.99,US $16.03,,,,,https://www.aliexpress.us/item/3256806667047267.html
Painel de Controle Smart Home Tuya 3.5'' com Zigbee para Dispositivos Inteligentes,OK,3256809856964874,Home 4 Zone Audio Inwall Amplifier 7 Inch Android 11 Alexa Voice Tuya Smart Home Control Panel 8x30W Channel WiFi Wall Amplifier,US $323.43,US $618.25,,,,,https://www.aliexpress.us/item/3256809856964874.html
Painel de Controle Smart Home Tuya 3.5'' com Zigbee para Dispositivos Inteligentes,OK,3256809588651911,TUYA Zigbee Smart Central Control Panel Wall Switch Touch Screen 4 Group Switch Scene Mode 4-way Relay 4 Button AC110-250V Input,US $83.48,US $173.91,,,,,https://www.aliexpress.us/item/3256809588651911.html
Painel de Controle Smart Home Tuya 3.5'' com Zigbee para Dispositivos Inteligentes,OK,3256809067455380,Tuya Wifi Smart Touch Screen Center Control Panel Voice Control Alexa Built-in ZigBee Gateway Built-in For Intelligent Scenes 4,US $110.93,US $269.66,,,,,https://www.aliexpress.us/item/3256809067455380.html
Painel de Controle Smart Home Tuya 3.5'' com Zigbee para Dispositivos Inteligentes,OK,3256811846345446,Tuya Zigbee IR Smart Home Remote Control Universal Infrared Air Conditioner Controller Works with Alexa And Google Home,US $0.99,US $27.56,,,,,https://www.aliexpress.us/item/3256811846345446.html
Painel de Controle Smart Home Tuya 3.5'' com Zigbee para Dispositivos Inteligentes,OK,3256812560725351,MOES Tuya WiFi Smart Desktop Center Control Panel Zigbee Bluetooth Mesh Hub IR Control HiFi Speaker Alexa Built-in Voice Control,US $359.19,US $513.13,,,,,https://www.aliexpress.us/item/3256812560725351.html
Painel de Controle Smart Home Tuya 3.5'' com Zigbee para Dispositivos Inteligentes,OK,3256810366281529,Smart Audio System WIFI Tuya Home Control Panel Built in ZIGBEE Gateway IR Bluetooth Wall Amplifier Ceiling Speaker Music Player,US $194.11,US $402.48,,,,,https://www.aliexpress.us/item/3256810366281529.html
Painel de Controle Smart Home Tuya 3.5'' com Zigbee para Dispositivos Inteligentes,OK,3256811421097826,Tuya Smart Home Zigbee Multifunctional 4-Inch Smart Screen Super Smart Panel Lcd Full Screen European Standard Switch Ac100-220v,US $80.02,US $242.49,,,,,https://www.aliexpress.us/item/3256811421097826.html
Painel de Controle Smart Home Tuya 3.5'' com Zigbee para Dispositivos Inteligentes,OK,3256809496235355,Zigbee Smart Push Button Wireless Switch Include Battery Remote Control Automation Scenario Switch work with eWelink APP,US $4.33,US $10.29,,,,,https://www.aliexpress.us/item/3256809496235355.html
Painel de Controle Smart Home Tuya 3.5'' com Zigbee para Dispositivos Inteligentes,OK,3256812561144581,MOES Tuya WiFi Smart Desktop Center Control Panel Zigbee Bluetooth Mesh Hub IR Control HiFi Speaker Alexa Built-in Voice Control,US $359.19,US $513.13,,,,,https://www.aliexpress.us/item/3256812561144581.html
Painel de Controle Smart Home Tuya 3.5'' com Zigbee para Dispositivos Inteligentes,OK,3256808901464428,M8 Pro Zigbee Smart Switch Panel 4 Gang Tuya Intelligent Wall Electric Light Switch Voice App Control Works Alexa for Home Hotel,US $69.79,US $77.54,,,,,https://www.aliexpress.us/item/3256808901464428.html
Painel de Controle Smart Home Tuya 3.5'' com Zigbee para Dispositivos Inteligentes,OK,3256812401001187,RiooCubee Tuya Smart Life ZigBee Glass Panel Switch Roller Shutter Blinds Running Time Setting Voice Control Google Home Alexa,US $25.15,US $26.40,,,,,https://www.aliexpress.us/item/3256812401001187.html
Painel de Controle Smart Home Tuya 3.5'' com Zigbee para Dispositivos Inteligentes,OK,3256810021370122,Smart Life WIFI 6 Way  Relay Switching Module 16A  Zigbee Power Remote Control Device 110V-240V Smart Switch Module,US $32.13,US $94.55,,,,,https://www.aliexpress.us/item/3256810021370122.html
Painel de Controle Smart Home Tuya 3.5'' com Zigbee para Dispositivos Inteligentes,OK,3256811561581314,Tuya Smart Home Zigbee Fluoride Machine VRF Central Air Conditioning Gateway Air Conditioner Control Panel,US $90.00,US $236.84,,,,,https://www.aliexpress.us/item/3256811561581314.html
Painel de Controle Smart Home Tuya 3.5'' com Zigbee para Dispositivos Inteligentes,OK,3256809780129970,Tuya T3E Pro Smart Control Panel Switch Touch Screen Panel Switch Zigbee Intelligent Home Wall Push Light Switch Black ABS,US $90.10,US $163.83,,,,,https://www.aliexpress.us/item/3256809780129970.html
Painel de Controle Smart Home Tuya 3.5'' com Zigbee para Dispositivos Inteligentes,OK,3256812561806104,MOES Tuya WiFi 5-inch Smart Touch Screen US Center Control Panel Voice Control Alexa ZigBee Gateway Built-in Scene Control,US $220.57,US $490.15,,,,,https://www.aliexpress.us/item/3256812561806104.html
Painel de Controle Smart Home Tuya 3.5'' com Zigbee para Dispositivos Inteligentes,OK,3256806721790557,MOES Tuya Wifi Smart 5-inch Touch Screen US Center Control Panel Voice Control Alexa And ZigBee Gateway Built-in Scene Control,US $173.17,US $407.99,,,,,https://www.aliexpress.us/item/3256806721790557.html
Painel de Controle Smart Home Tuya 3.5'' com Zigbee para Dispositivos Inteligentes,OK,3256811736954957,7 Inch Android 11 2 Zone Audio Inwall Amplifier Alexa Voice Tuya Home Smart Home Control Panel 8x30W Channel WiFi Wall Amplifie,US $289.94,US $517.75,,,,,https://www.aliexpress.us/item/3256811736954957.html
Painel de Controle Smart Home Tuya 3.5'' com Zigbee para Dispositivos Inteligentes,OK,3256808253583348,TUYA Smart Home Control Panel Wall Mounted Audio Amplifier Bluetooth ZIGBEE Gateway Android11 Sound System with IR Alexa Support,US $218.70,US $240.25,,,,,https://www.aliexpress.us/item/3256808253583348.html
Painel de Controle Smart Home Tuya 3.5'' com Zigbee para Dispositivos Inteligentes,OK,3256810542333371,Zemismart 1234 Gang Horizontal Install Smart Zigbee Switch Black Panel Wall Light Switch Tuya Smart Life APP Alexa Google Home,US $26.40,US $37.92,,,,,https://www.aliexpress.us/item/3256810542333371.html
Painel de Controle Smart Home Tuya 3.5'' com Zigbee para Dispositivos Inteligentes,OK,3256808498706007,BSEED Zigbee Button Switch 1/2/3/4Gang 2Way Smart EU Socket Plastic Panel Smart Click Switch Tuya Smart Life Alexa Voice Control,US $22.14,US $35.14,,,,,https://www.aliexpress.us/item/3256808498706007.html
Painel de Controle Smart Home Tuya 3.5'' com Zigbee para Dispositivos Inteligentes,OK,3256810220837955,Zigbee DIY Name Switch with Display Screen US Black Touch Panel Light Switch Works with Tuya Smart App Alexa Google Home Voice,US $26.77,US $38.37,,,,,https://www.aliexpress.us/item/3256810220837955.html
Painel de Controle Smart Home Tuya 3.5'' com Zigbee para Dispositivos Inteligentes,OK,3256810211872991,Zigbee Smart Switch Glass Panel Tuya Smart Home App Remote Control With Timer Function Voice Control Intelligent Button Switch,US $33.65,US $88.56,,,,,https://www.aliexpress.us/item/3256810211872991.html
Painel de Controle Smart Home Tuya 3.5'' com Zigbee para Dispositivos Inteligentes,OK,3256811875967415,10.1 Inch Android 14 RK3576S Smart Home Control Panel Zigbee Matter Thread POE Wall Mount Touch Tablet With RS485 I/O Port PC,US $294.06,US $350.07,,,,,https://www.aliexpress.us/item/3256811875967415.html
Painel de Controle Smart Home Tuya 3.5'' com Zigbee para Dispositivos Inteligentes,OK,3256810013556334,"‌Tuya Smart ZIGBEE PCIE Control Card - Remote PC Power On/Off via App, Schedule & Timer, Alexa/Google Assistant Compatible",US $7.85,US $20.04,,,,,https://www.aliexpress.us/item/3256810013556334.html
Painel de Controle Smart Home Tuya 3.5'' com Zigbee para Dispositivos Inteligentes,OK,3256808277271445,IN STOCK Tuya Smart Home Control Panel 3.5 Inches WiFi MOES Zigbee Wall Switches Home Automation LCD Screen IR Remote Controller,US $102.33,US $146.19,,,,,https://www.aliexpress.us/item/3256808277271445.html
Painel de Controle Smart Home Tuya 3.5'' com Zigbee para Dispositivos Inteligentes,OK,3256807432793230,Tuya Smart Home Control Panel WiFi 3.5-inch Tuya Zigbee Wall Switches Home Automation LCD Screen IR Remote Controlle,US $101.86,US $128.94,,,,,https://www.aliexpress.us/item/3256807432793230.html
Painel de Controle Smart Home Tuya 3.5'' com Zigbee para Dispositivos Inteligentes,OK,3256812208096294,MOES Tuya Star Feather Series Zigbee Smart Curtain Switch Anti-Glare Touch Panel Flowing Backlight Work with Alexa Google Home,US $24.16,US $75.17,,,,,https://www.aliexpress.us/item/3256812208096294.html
Painel de Controle Smart Home Tuya 3.5'' com Zigbee para Dispositivos Inteligentes,OK,3256804023026135,MoesHouse Tuya ZigBee Smart IR Remote Control Universal Infrared Remote Controller for Smart Home Works with Alexa Google Home,US $25.19,US $37.60,,,,,https://www.aliexpress.us/item/3256804023026135.html
Painel de Controle Smart Home Tuya 3.5'' com Zigbee para Dispositivos Inteligentes,OK,3256809043042294,MOES Tuya ZigBee Smart Curtain Switch 2.5D Support RF433 Arc Glass Touch Panel App Remote Control Work With Alexa Google Home,US $15.16,US $54.42,,,,,https://www.aliexpress.us/item/3256809043042294.html
Painel de Controle Smart Home Tuya 3.5'' com Zigbee para Dispositivos Inteligentes,OK,3256810524749502,1/2PCS Zigbee Smart Home Suitable Universal Wireless Remote Control Wall Panel RF Transmitter For EWelink Tuya 433MHz,US $0.99,US $9.18,,,,,https://www.aliexpress.us/item/3256810524749502.html
Painel de Controle Smart Home Tuya 3.5'' com Zigbee para Dispositivos Inteligentes,OK,3256810283281197,Tuya zigbee Smart Touch Light Wall Switch 8Gang Power Monitor Glass Panel Timer Remote Control Work with Alexa Google Home Alice,US $30.73,US $41.15,,,,,https://www.aliexpress.us/item/3256810283281197.html
Painel de Controle Smart Home Tuya 3.5'' com Zigbee para Dispositivos Inteligentes,OK,3256812230702505,BSEED Zigbee Smart Switch Parts 1/2/3Gang Light Switch 2Way Function Modules Smart Home Tuya Alexa Control Without Glass Panel,US $9.60,US $20.47,,,,,https://www.aliexpress.us/item/3256812230702505.html
Painel de Controle Smart Home Tuya 3.5'' com Zigbee para Dispositivos Inteligentes,OK,3256807965268963,Tuya Zigbee Smart Scene Switch Lighting Smart Control Scene Control Switch Panel Smart Socket Smart Switch 485 86 Box,US $25.15,US $49.32,,,,,https://www.aliexpress.us/item/3256807965268963.html
Painel de Controle Smart Home Tuya 3.5'' com Zigbee para Dispositivos Inteligentes,OK,3256807991347404,Tuya Zigbee Knob Smart Dimming Switch Panel App Control Voice Control Linkage 4 Gang Relay Smart Home Light Switch,US $39.19,US $78.38,,,,,https://www.aliexpress.us/item/3256807991347404.html
Painel de Controle Smart Home Tuya 3.5'' com Zigbee para Dispositivos Inteligentes,OK,3256811709997724,DC12V-24V Zigbee 3.0 RGBCCT LED Controller Dimmer 2.4G RF 4-Zone Touch Wall Panel Remote Smart Tuya for 5050 2835 COB LED Strip,US $15.26,US $26.43,,,,,https://www.aliexpress.us/item/3256811709997724.html
Painel de Controle Smart Home Tuya 3.5'' com Zigbee para Dispositivos Inteligentes,OK,3256801436204038,Melery Smart Zigbee Wall Light Switch Lamps Interruptor Glass Touch Panel 2/3 Way Wireless Remote Control Tuya Alexa Google Home,US $17.62,US $22.59,,,,,https://www.aliexpress.us/item/3256801436204038.html
Painel de Controle Smart Home Tuya 3.5'' com Zigbee para Dispositivos Inteligentes,OK,3256807206924824,Melery 4x4 Brazil Zigbee Light Switch Touch Sensor Panel Tuya Smart Life Neutral Wire 4/6/8 Gang Remote by Alexa Dot Google Home,US $24.62,US $31.98,,,,,https://www.aliexpress.us/item/3256807206924824.html
Painel de Controle Smart Home Tuya 3.5'' com Zigbee para Dispositivos Inteligentes,OK,3256807995584191,Tuya EU Smart Wifi/Zigbee Dimmer Light Switch Dimming Panel Wall Smart Switch 220-240V Works with Alexa Google Home APP Control,US $37.38,US $54.18,,,,,https://www.aliexpress.us/item/3256807995584191.html
Painel de Controle Smart Home Tuya 3.5'' com Zigbee para Dispositivos Inteligentes,OK,3256810099967685,1234 Gang US Smart Zigbee Switch with Sensitive Touch Panel Work with Tuya Smart Life APP Remote Control Alexa Google Home Voice,US $29.41,US $60.03,,,,,https://www.aliexpress.us/item/3256810099967685.html
Painel de Controle Smart Home Tuya 3.5'' com Zigbee para Dispositivos Inteligentes,OK,3256806825091947,"Mumubiz Tuya Zigbee Switch With Temperature Humidity Sensor ,Smart 16A 3000W Thermostat TH16 Data Monitoring Alexa Compatible",US $21.85,US $32.88,,,,,https://www.aliexpress.us/item/3256806825091947.html
Painel de Controle Smart Home Tuya 3.5'' com Zigbee para Dispositivos Inteligentes,OK,3256804369891824,Moes ZigBee Wall Socket WIFI Smart Glass Panel Outlet Power Monitor tuya Wireless Control Timer Alexa Google Home voice UK EU FR,US $19.79,US $29.53,,,,,https://www.aliexpress.us/item/3256804369891824.html
Painel de Controle Smart Home Tuya 3.5'' com Zigbee para Dispositivos Inteligentes,OK,3256808169838240,MOES Tuya ZigBee Smart Curtain Switch 2.5D Support RF433 Arc Glass Touch Panel App Remote Control Work With Alexa Google Home,US $9.69,US $40.22,,,,,https://www.aliexpress.us/item/3256808169838240.html
Painel de Controle Smart Home Tuya 3.5'' com Zigbee para Dispositivos Inteligentes,OK,3256808412623788,Suitable For EWelink Tuya Zigbee Smart Home 433MHz Universal Wireless Remote Control Wall Panel RF Transmitter,US $0.99,US $10.49,,,,,https://www.aliexpress.us/item/3256808412623788.html
Painel de Controle Smart Home Tuya 3.5'' com Zigbee para Dispositivos Inteligentes,OK,3256805106902851,BSEED 1/2/3Gang Zigbee Smart Switches Function Base Tuya Smart Life App Control Touch Glass Panel With Metal Plate DIY Parts,US $8.00,US $18.19,,,,,https://www.aliexpress.us/item/3256805106902851.html
Painel de Controle Smart Home Tuya 3.5'' com Zigbee para Dispositivos Inteligentes,OK,3256812674629276,Zigbee/Wifi FCU Thermostat Scenes Switch Panel Fan Coil Unit Air Conditioner Temperature Controller Tuya Smart life App Remote,US $72.01,US $141.20,,,,,https://www.aliexpress.us/item/3256812674629276.html
Painel de Controle Smart Home Tuya 3.5'' com Zigbee para Dispositivos Inteligentes,OK,3256808599080354,Tuya Zigbee Smart DIY Motorized Roller Blinds/Shades Drive Solar Panel Motor Smart Life Voice Control Alexa Google Home Alice,US $42.90,US $115.91,,,,,https://www.aliexpress.us/item/3256808599080354.html
Painel de Controle Smart Home Tuya 3.5'' com Zigbee para Dispositivos Inteligentes,OK,3256810595888113,Tuya Zigbee Gateway Bluetooth Smart Control Panel Smart Life Control Smart Home Automation Compatible With Alexa,US $0.99,US $8.90,,,,,https://www.aliexpress.us/item/3256810595888113.html
Painel de Controle Smart Home Tuya 3.5'' com Zigbee para Dispositivos Inteligentes,OK,3256802616693156,Shelly EM Gen4 Zigbee Domotica WiFi Smart Energy Matter Contactor Control Internal Memory Measurement And Configurable Alarm,US $107.68,US $141.69,,,,,https://www.aliexpress.us/item/3256802616693156.html
Painel de Controle Smart Home Tuya 3.5'' com Zigbee para Dispositivos Inteligentes,OK,3256806990206095,10Gang WiFi or Zigbee Smart Touch Light Wall Switch Glass Panel Tuya App Whole House Control Compatible with Alexa Google Home,US $25.38,US $66.34,,,,,https://www.aliexpress.us/item/3256806990206095.html
Painel de Controle Smart Home Tuya 3.5'' com Zigbee para Dispositivos Inteligentes,OK,3256806572878857,Tuya Wireless Knob Dimmer Scene Switch Button ZigBee Smart Home Automation Scenario Linkage Remoter Panel Alexa Voice Opening,US $9.32,US $19.74,,,,,https://www.aliexpress.us/item/3256806572878857.html
"Fechadura Inteligente Tuya com WiFi, Digital, Impressão Digital, Cartão RFID e Senha",OK,3256810492725359,Tuya APP Smart Life APP Control Voice Intercom Smart Lock 3D Face Recognition Fingerprint Password Smart  Door Lock With Camera,US $120.14,US $364.06,,,,,https://www.aliexpress.us/item/3256810492725359.html
"Fechadura Inteligente Tuya com WiFi, Digital, Impressão Digital, Cartão RFID e Senha",OK,3256812117930811,TUYA WiFi Smart Door Lock Waterproof Keyless Digital Electronic Lock Fingerprint APP Password RFID Card Aluminum Sliding Lock,US $65.12,US $144.24,,,,,https://www.aliexpress.us/item/3256812117930811.html
"Fechadura Inteligente Tuya com WiFi, Digital, Impressão Digital, Cartão RFID e Senha",OK,3256812122092114,YRHAND Tuya wifi 8 language Fingerprint IP66 Waterproof Outdoor Gate Passcode Rfid Card Keyless Smart Rim Lock﻿ ﻿For home,US $61.33,US $136.66,,,,,https://www.aliexpress.us/item/3256812122092114.html
"Fechadura Inteligente Tuya com WiFi, Digital, Impressão Digital, Cartão RFID e Senha",OK,3256812098606269,IP66 Waterproof 2026 New Generation TUYA APP Fingerprint Password Digital RFID Card Cylinder Smart Door Lock 60-90 90-120,US $85.16,US $98.70,,,,,https://www.aliexpress.us/item/3256812098606269.html
"Fechadura Inteligente Tuya com WiFi, Digital, Impressão Digital, Cartão RFID e Senha",OK,3256808858870791,Tuya WIFI Double Side Fingerprint Lock Waterproof Outdoor Gate Passcode Rfid Card Keyless Smart Door Lock,US $58.52,US $131.03,,,,,https://www.aliexpress.us/item/3256808858870791.html
"Fechadura Inteligente Tuya com WiFi, Digital, Impressão Digital, Cartão RFID e Senha",OK,3256807005242424,Waterproof Outdoor Smart  Lock Wifi Alexa Tuya APP Aluminium Alloy Material Fingerprint Password Smart Door Lock With Camera,US $190.25,US $594.52,,,,,https://www.aliexpress.us/item/3256807005242424.html
"Fechadura Inteligente Tuya com WiFi, Digital, Impressão Digital, Cartão RFID e Senha",OK,3256810465986201,WIFI Support Tuya App Fingerprint Access Controller Keypad Metal Waterproof RFID Card Standalone Door Access Control System,US $36.71,US $87.42,,,,,https://www.aliexpress.us/item/3256810465986201.html
"Fechadura Inteligente Tuya com WiFi, Digital, Impressão Digital, Cartão RFID e Senha",OK,3256807665009631,V1 Pro+ Version Adjustable TUYA APP Smart Life Fingerprint Password Digital RFID Card Cylinder Smart Door Lock for Home,US $72.24,US $85.30,,,,,https://www.aliexpress.us/item/3256807665009631.html
"Fechadura Inteligente Tuya com WiFi, Digital, Impressão Digital, Cartão RFID e Senha",OK,3256807619127120,WiFi Tuya Fingerprint Access Controller Outdoor Waterproof Standalone RFID Keypad System 125KHz 13.56MHz WG26 Smart APP Unlock,US $27.21,US $68.41,,,,,https://www.aliexpress.us/item/3256807619127120.html
"Fechadura Inteligente Tuya com WiFi, Digital, Impressão Digital, Cartão RFID e Senha",OK,3256808851960796,Tuya WiFi App Waterproof Smart Door Lock Aluminum Biometric Lock Fingerprint Door Handle Digital Keyless Lock for Glass Sliding,US $143.47,US $313.48,,,,,https://www.aliexpress.us/item/3256808851960796.html
"Fechadura Inteligente Tuya com WiFi, Digital, Impressão Digital, Cartão RFID e Senha",OK,3256812230918360,Digital Door Lock Tuya APP WiFi Remote Control Smart Fingerprint Password RFID IC Card Lock Dead Bolt For Home Wooden Metal Door,US $32.93,US $81.49,,,,,https://www.aliexpress.us/item/3256812230918360.html
"Fechadura Inteligente Tuya com WiFi, Digital, Impressão Digital, Cartão RFID e Senha",OK,3256810420910238,Viladepot Smart Lock Fingerprint Door Lock TYPE-C Interface App Control Passcode Unlock Electronic Touchscreen Keypad Handle,US $33.67,US $107.74,,,,,https://www.aliexpress.us/item/3256810420910238.html
"Fechadura Inteligente Tuya com WiFi, Digital, Impressão Digital, Cartão RFID e Senha",OK,3256806479576833,Wifi Tuya APP Face Recognition Smart Door Lock With Camera Video Call Voice Intercom Digital Door Lock Automatic Door Lock,US $142.62,US $467.57,,,,,https://www.aliexpress.us/item/3256806479576833.html
"Fechadura Inteligente Tuya com WiFi, Digital, Impressão Digital, Cartão RFID e Senha",OK,3256812017979073,TuyaWiFi Smart Fingerprint Access Control IP68 Waterproof Metal Case RFID Card Backlight Keypad Remote Unlock Gate System Device,US $41.23,US $50.05,,,,,https://www.aliexpress.us/item/3256812017979073.html
"Fechadura Inteligente Tuya com WiFi, Digital, Impressão Digital, Cartão RFID e Senha",OK,3256807395267428,HX5 Smart Door Lock 3D Face Recognition Smart Home Door Lock WiFi Digital Electronic Lock Wifi Camera Rfid Card Works With tuya,US $167.18,US $580.61,,,,,https://www.aliexpress.us/item/3256807395267428.html
"Fechadura Inteligente Tuya com WiFi, Digital, Impressão Digital, Cartão RFID e Senha",OK,3256808166795499,FUERS Tuya Smart Fingerprint Door Lock Handle With Fingerprint Password Bluetooth Key Swipe Card Remote Unlock Four Ways To Open,US $45.12,US $125.61,,,,,https://www.aliexpress.us/item/3256808166795499.html
"Fechadura Inteligente Tuya com WiFi, Digital, Impressão Digital, Cartão RFID e Senha",OK,3256808308438585,Tuya Smart Biometric Fingerprint Recognition Time Attendance System 1000 User WIFI WG26 Access Control Reader App Remote Control,US $35.94,US $74.03,,,,,https://www.aliexpress.us/item/3256808308438585.html
"Fechadura Inteligente Tuya com WiFi, Digital, Impressão Digital, Cartão RFID e Senha",OK,3256808966985288,Waterproof Tuya Wifi Slim Smart Lock with Camera for Sliding Aluminum Home Door Biometric Fingerprint Password Electronic Lock,US $206.48,US $217.33,,,,,https://www.aliexpress.us/item/3256808966985288.html
"Fechadura Inteligente Tuya com WiFi, Digital, Impressão Digital, Cartão RFID e Senha",OK,3256810573162922,Tuya Smart Outdoor Waterproof Door Lock with Face Recognition Video Intercom RFID Card Password Electronic Lock for Iron Door,US $81.67,US $177.35,,,,,https://www.aliexpress.us/item/3256810573162922.html
"Fechadura Inteligente Tuya com WiFi, Digital, Impressão Digital, Cartão RFID e Senha",OK,3256809177694510,Fingerprint Lock Waterproof Wifi Remote Control Bluetooth TTLock App Card Digital Code Keyless Electronic Smart Door Lock,US $71.74,US $167.54,,,,,https://www.aliexpress.us/item/3256809177694510.html
"Fechadura Inteligente Tuya com WiFi, Digital, Impressão Digital, Cartão RFID e Senha",OK,3256807152906414,Double Hook Smart Glass Door Lock Glass Sliding Door Tuya App Biometric Fingerprint Lock Bluetooth IC Card Electronic Digital,US $40.88,US $69.46,,,,,https://www.aliexpress.us/item/3256807152906414.html
"Fechadura Inteligente Tuya com WiFi, Digital, Impressão Digital, Cartão RFID e Senha",OK,3256812158243699,Wifi Fingerprint Access Control Keypad Outdoor Waterproof Remote Door Opener 13.56Mhz NFC RFID Card App Password Work With Tuya,US $20.30,US $54.60,,,,,https://www.aliexpress.us/item/3256812158243699.html
"Fechadura Inteligente Tuya com WiFi, Digital, Impressão Digital, Cartão RFID e Senha",OK,3256810088250375,Tuya Smart Door Lock Wifi Electronic with Biometric Fingerprint/IC Card/Password/Key Unlock/Remote Control/USB Emergency Charge,US $94.45,US $220.55,,,,,https://www.aliexpress.us/item/3256810088250375.html
"Fechadura Inteligente Tuya com WiFi, Digital, Impressão Digital, Cartão RFID e Senha",OK,3256807283176416,Waterproof Sliding Door Smart Lock TTLock App Alexa Fingerprint Digital Code RFID Card Anti-Lock Aluminum Glass Electronic Lock,US $102.18,US $341.18,,,,,https://www.aliexpress.us/item/3256807283176416.html
"Fechadura Inteligente Tuya com WiFi, Digital, Impressão Digital, Cartão RFID e Senha",OK,3256810418883064,WIFI Support Tuya App Narrow Waterproof Facial Recognition Fingerprint Lock RFID Card Code Keyless Video Call Electronic Lock,US $116.43,US $246.86,,,,,https://www.aliexpress.us/item/3256810418883064.html
"Fechadura Inteligente Tuya com WiFi, Digital, Impressão Digital, Cartão RFID e Senha",OK,3256807251655999,Support Tuya App Metal Wifi Fingerprint RFID Access Control Keypad Rainproof Digital Panel Wiegand Card Reader Door Lock System,US $40.58,US $144.18,,,,,https://www.aliexpress.us/item/3256807251655999.html
"Fechadura Inteligente Tuya com WiFi, Digital, Impressão Digital, Cartão RFID e Senha",OK,3256807853293231,Support Tuya App Smart Fingerprint Lock Bluetooth Smart Sliding Glass Door Biometric Electronic Door Card Hook Lock Remote Unloc,US $59.04,US $194.23,,,,,https://www.aliexpress.us/item/3256807853293231.html
"Fechadura Inteligente Tuya com WiFi, Digital, Impressão Digital, Cartão RFID e Senha",OK,3256807629858257,V1 Pro+ Version Adjustable TUYA or TTLock APP Fingerprint Password Digital RFID Card Cylinder Smart Door Lock for Home Hotel,US $77.51,US $127.23,,,,,https://www.aliexpress.us/item/3256807629858257.html
"Fechadura Inteligente Tuya com WiFi, Digital, Impressão Digital, Cartão RFID e Senha",OK,3256807543577124,RAYKUBE DS01 4-language Tuya Smart Fingerprint Deadbolt Lock with Latch/Door Sensor Auto Lock Key/Password/Card/ Tuya APP Unlock,US $56.60,US $198.75,,,,,https://www.aliexpress.us/item/3256807543577124.html
"Fechadura Inteligente Tuya com WiFi, Digital, Impressão Digital, Cartão RFID e Senha",OK,3256812484778108,TTLock / Tuya WiFi Smart Fingerprint Door Lock Biometric Digital Lock with RFID Card Password for Hotel Home,US $66.37,US $152.85,,,,,https://www.aliexpress.us/item/3256812484778108.html
"Fechadura Inteligente Tuya com WiFi, Digital, Impressão Digital, Cartão RFID e Senha",OK,3256809120753769,WiFi Remote Fingerprint Access Controller Outdoor Waterproof IP67 Standalone RFID Keypad System 125KHz Support Tuya App,US $22.28,US $58.57,,,,,https://www.aliexpress.us/item/3256809120753769.html
"Fechadura Inteligente Tuya com WiFi, Digital, Impressão Digital, Cartão RFID e Senha",OK,3256810531924075,Outdoor Waterproof 3D Face Recognition Palm Scan Fingerprint Gate Lock Tuya Wifi App Password Digital Rechargeable Smart Lock,US $84.38,US $198.66,,,,,https://www.aliexpress.us/item/3256810531924075.html
"Fechadura Inteligente Tuya com WiFi, Digital, Impressão Digital, Cartão RFID e Senha",OK,3256811685970707,KAK Tuya APP Fingerprint Cylinder Smart Door Lock Electronic Digital Password Code Lock Keyless Remote Control Lock Hardware,US $28.73,US $68.71,,,,,https://www.aliexpress.us/item/3256811685970707.html
"Fechadura Inteligente Tuya com WiFi, Digital, Impressão Digital, Cartão RFID e Senha",OK,3256810265357068,Tuya Smart Door Lock Fingerprint Recognition lock Smart Life Control Home Accessories Smart Home Automation Security Protection,US $28.21,US $73.35,,,,,https://www.aliexpress.us/item/3256810265357068.html
"Fechadura Inteligente Tuya com WiFi, Digital, Impressão Digital, Cartão RFID e Senha",OK,3256808968049646,Tuya TTlock Smart Digital Door Lock WIFI Fingerprint Password APP RFID Unlock Multiple Unlocking For Front Door Bedroom Home,US $95.75,US $102.75,,,,,https://www.aliexpress.us/item/3256808968049646.html
"Fechadura Inteligente Tuya com WiFi, Digital, Impressão Digital, Cartão RFID e Senha",OK,3256807665156629,V1 Pro+ Version Adjustable TTLock TTHotel APP Fingerprint Password Digital RFID Card Cylinder Smart Door Lock for Home for Hotel,US $66.74,US $109.58,,,,,https://www.aliexpress.us/item/3256807665156629.html
"Fechadura Inteligente Tuya com WiFi, Digital, Impressão Digital, Cartão RFID e Senha",OK,3256811341543261,Tuya WiFi Double Side Fingerprint Door Lock IP66 Waterproof Passcode RFID Card Remote App Smart Lock For Outdoor Courtyard Gate,US $55.15,US $135.11,,,,,https://www.aliexpress.us/item/3256811341543261.html
"Fechadura Inteligente Tuya com WiFi, Digital, Impressão Digital, Cartão RFID e Senha",OK,3256811990260417,SmarDeer IP65 Waterproof Sliding Door Smart Lock，Tuya WiFi Broken Bridge Aluminum Sliding Door  Fingerprint Lock,US $76.27,US $184.22,,,,,https://www.aliexpress.us/item/3256811990260417.html
"Fechadura Inteligente Tuya com WiFi, Digital, Impressão Digital, Cartão RFID e Senha",OK,3256812390189890,WAFU 026 Wireless Smart Door Lock Waterproof Tuya APP Metal Fingerprint Card Password Access Anti-theft Invisible Remote Control,US $86.05,US $197.98,,,,,https://www.aliexpress.us/item/3256812390189890.html
"Fechadura Inteligente Tuya com WiFi, Digital, Impressão Digital, Cartão RFID e Senha",OK,3256807700612387,Euro TTLock APP Fingerprint or Code Password Digital RFID Card Cylinder Smart Door Lock Electronic with Alexa Google Home,US $71.49,US $237.85,,,,,https://www.aliexpress.us/item/3256807700612387.html
"Fechadura Inteligente Tuya com WiFi, Digital, Impressão Digital, Cartão RFID e Senha",OK,3256808970541442,Tuya Bluetooth Biometric Glass Door Smart Lock Fingerprint Password Card Electronic Digital Lock Office Business Departments,US $42.29,US $107.16,,,,,https://www.aliexpress.us/item/3256808970541442.html
"Fechadura Inteligente Tuya com WiFi, Digital, Impressão Digital, Cartão RFID e Senha",OK,3256807751629046,Tuya Smart Door Lock Bluetooth Fingerprint Recognition Electronic Lock Smart Life Home Automation System Supports Hotel Office,US $27.18,US $68.36,,,,,https://www.aliexpress.us/item/3256807751629046.html
"Fechadura Inteligente Tuya com WiFi, Digital, Impressão Digital, Cartão RFID e Senha",OK,3256812530503253,Outdoor Waterproof Tuya Smart Fingerprint Gate Lock with Face Recognition Doorbell Video Intercom RFID Card Digital Code Entry,US $85.52,US $205.60,,,,,https://www.aliexpress.us/item/3256812530503253.html
"Fechadura Inteligente Tuya com WiFi, Digital, Impressão Digital, Cartão RFID e Senha",OK,3256808910295754,Tuya Smart Lock for Hotels Apartments & Offices - Bluetooth APP Fingerprint Password Smart Key Unlocking,US $27.29,US $44.90,,,,,https://www.aliexpress.us/item/3256808910295754.html
"Fechadura Inteligente Tuya com WiFi, Digital, Impressão Digital, Cartão RFID e Senha",OK,3256812158455485,Waterproof Outdoor Smart Door Lock Tuya WiFi Fingerprint Password IC Card TTLock APP Alexa Google Home Entry Electronic Rim Lock,US $82.57,US $199.03,,,,,https://www.aliexpress.us/item/3256812158455485.html
"Fechadura Inteligente Tuya com WiFi, Digital, Impressão Digital, Cartão RFID e Senha",OK,3256809223797946,Support Tuya App BLE Smart Fingerprint Door Lock Digital Electronic Lock with Password/Key/IC Card/ Smartlife/ Tuya APP Unlock,US $36.84,US $87.67,,,,,https://www.aliexpress.us/item/3256809223797946.html
"Fechadura Inteligente Tuya com WiFi, Digital, Impressão Digital, Cartão RFID e Senha",OK,3256808504197013,Tuya Bluetooth Smart Wood Cabinet Fingerprint Lock App Remote Control Monitor Keyless Card Unlock Door Locker Furniture Drawer,US $10.46,US $21.29,,,,,https://www.aliexpress.us/item/3256808504197013.html
"Fechadura Inteligente Tuya com WiFi, Digital, Impressão Digital, Cartão RFID e Senha",OK,3256805507740174,3D Face Recognition Unlock Digital Door Lock With Camera FIngerprint Password Unlock Keyless Electronic Door Lock,US $111.21,US $182.48,,,,,https://www.aliexpress.us/item/3256805507740174.html
"Fechadura Inteligente Tuya com WiFi, Digital, Impressão Digital, Cartão RFID e Senha",OK,3256809233693103,RAYKUBE B005 Tuya BLE Digital Electronic Smart Deadbolt Fingerprint Door Lock With Doorbell 9-Lock Language Password/Card Unlock,US $78.97,US $179.09,,,,,https://www.aliexpress.us/item/3256809233693103.html
"Fechadura Inteligente Tuya com WiFi, Digital, Impressão Digital, Cartão RFID e Senha",OK,3256805610064546,Waterproof Tuya App Wifi Access Control Keypad Fingerprint Smart Home Security Protection Digital Eletric RFID Door Lock System,US $40.51,US $51.41,,,,,https://www.aliexpress.us/item/3256805610064546.html
Terminal POS Biométrico Z108P 2025 - Leitura de Veia Palmar com NFC e 4G,OK,3256801921312718,Baby Shower Gifts Baby Pacifier Rhinestone Pacifier Clips Princess Bling BPA Free Silicone Infant Nipple Newborn Baby Soother,US $1.78,US $1.88,,,,,https://www.aliexpress.us/item/3256801921312718.html
Terminal POS Biométrico Z108P 2025 - Leitura de Veia Palmar com NFC e 4G,OK,3256801472413143,Fashion Unisex Square Glasses Plain Glasses Full Frame Glasses for Men and Women Radiation Protection Optical Glasses,,,,,,,https://www.aliexpress.us/item/3256801472413143.html
Terminal POS Biométrico Z108P 2025 - Leitura de Veia Palmar com NFC e 4G,OK,3256802423592206,Headphones 3.5mm Wired Gaming Headset Earphones Music For PS4 Play Station 4 Game PC Chat computer With Microphone,US $6.33,US $7.24,,,,,https://www.aliexpress.us/item/3256802423592206.html
Terminal POS Biométrico Z108P 2025 - Leitura de Veia Palmar com NFC e 4G,OK,3256803044040820,Mode Hip Hop Katoen Baseball Cap Bts Creatieve Piercing Ring Caps Punk Volwassen Casual Solid Verstelbare Unisex Hoed Snapback,US $0.99,US $6.66,,,,,https://www.aliexpress.us/item/3256803044040820.html
Terminal POS Biométrico Z108P 2025 - Leitura de Veia Palmar com NFC e 4G,OK,3256802978941682,Self Adhesive Crystal Rhinestone Sticker Diamond Ribbon DIY Sticker Rhinestones Arts Crafts Car Phone Decoration Dropshipping,,,,,,,https://www.aliexpress.us/item/3256802978941682.html
Terminal POS Biométrico Z108P 2025 - Leitura de Veia Palmar com NFC e 4G,OK,2255800656233342,JCD In Bulk Plastic Clear Crystal Protective Hard Shell Skin Case Cover For 3DS New 3DS XL LL NDSL NDSI XL LL Console,US $0.99,US $5.88,,,,,https://www.aliexpress.us/item/2255800656233342.html
Terminal POS Biométrico Z108P 2025 - Leitura de Veia Palmar com NFC e 4G,OK,2251832622424663,A mini hair iron pink corrugated plate electric curling iron curl modelling tools,US $0.99,US $4.87,,,,,https://www.aliexpress.us/item/2251832622424663.html
Terminal POS Biométrico Z108P 2025 - Leitura de Veia Palmar com NFC e 4G,OK,3256801653731999,Baby Boy Jumpsuits 3 Pieces Newborn Clothes Set Toddler Girl Bodysuit Kiddiezoom Clothing 100%Cotton Soft Infant Rompers 0-12M,US $0.99,US $7.25,,,,,https://www.aliexpress.us/item/3256801653731999.html
Terminal POS Biométrico Z108P 2025 - Leitura de Veia Palmar com NFC e 4G,OK,2251832721984175,Doggy Walk Pencil Fishing Lure 11cm 13cm Long Casting Popper Splashing Top Water Floating Lifeliked Action Hard Bait,,,,,,,https://www.aliexpress.us/item/2251832721984175.html
Terminal POS Biométrico Z108P 2025 - Leitura de Veia Palmar com NFC e 4G,OK,3256802932832246,Cooling Skull Cap Helmet Lining Breathable Sweat Wicking Cycling Sports Running Hat Comfortable Outdoor Hiking Cap Quick Dry Cap,,,,,,,https://www.aliexpress.us/item/3256802932832246.html
Termostato WiFi Tuya 2026 com Controle de Temperatura e Umidade - Knob LED e Voz,OK,3256805985528148,Thermostat WiFi Wireless Room Temperature Controller of Water/Electric Floor Heating Gas Boiler Humidity Tuya Work with Alexa,US $33.93,US $80.25,,,,,https://www.aliexpress.us/item/3256805985528148.html
Termostato WiFi Tuya 2026 com Controle de Temperatura e Umidade - Knob LED e Voz,OK,3256807596019783,Smart WiFi Thermostat for Water/Electric Floor Heating Gas Boiler Room Temperature Controller Humidity Tuya Google Home Alexa,US $27.97,US $77.70,,,,,https://www.aliexpress.us/item/3256807596019783.html
Termostato WiFi Tuya 2026 com Controle de Temperatura e Umidade - Knob LED e Voz,OK,3256804503557668,Tuya WiFi IR Thermostat AC Controller LCD Touch Screen Remote Temperature Humidity Sensor Alexa Google Home Assistant Yandex,US $28.34,US $59.25,,,,,https://www.aliexpress.us/item/3256804503557668.html
Termostato WiFi Tuya 2026 com Controle de Temperatura e Umidade - Knob LED e Voz,OK,3256807168571307,Tuya WiFi Temperature Humidity Sensor Smart Life Remote Monitor For Smart Home Work with Alexa Google Assistant,US $17.44,US $74.05,,,,,https://www.aliexpress.us/item/3256807168571307.html
Termostato WiFi Tuya 2026 com Controle de Temperatura e Umidade - Knob LED e Voz,OK,3256808884735697,KONLEN Tuya WIFI Temperature Thermometer Humidity Hygrometer Detector Alarm Sensor Smart Life App Home Thermostat Controller,US $28.47,US $77.10,,,,,https://www.aliexpress.us/item/3256808884735697.html
Termostato WiFi Tuya 2026 com Controle de Temperatura e Umidade - Knob LED e Voz,OK,3256804064445583,Thermostat WiFi Wireless Room Temperature Controller of Water/Electric Floor Heating Gas Boiler Humidity Tuya Work with Alexa,US $38.65,US $50.32,,,,,https://www.aliexpress.us/item/3256804064445583.html
Termostato WiFi Tuya 2026 com Controle de Temperatura e Umidade - Knob LED e Voz,OK,3256804064514335,Thermostat WiFi Wireless Room Temperature Controller of Water/Electric Floor Heating Gas Boiler Humidity Tuya Work with Alexa,US $41.46,US $53.85,,,,,https://www.aliexpress.us/item/3256804064514335.html
Termostato WiFi Tuya 2026 com Controle de Temperatura e Umidade - Knob LED e Voz,OK,3256809498169767,Tuya Zigbee Temperature and Humidity Sensor Intelligent Home Hygrometer work with Smart Life Alexa Google Assistant,US $2.33,US $11.81,,,,,https://www.aliexpress.us/item/3256809498169767.html
Termostato WiFi Tuya 2026 com Controle de Temperatura e Umidade - Knob LED e Voz,OK,3256810573081078,2026 New Tuya WiFi Humidity Temperature Sensor with External Probe Thermometer for Smart Home APP Monitoring for Refrigerator,US $1.45,US $16.91,,,,,https://www.aliexpress.us/item/3256810573081078.html
Termostato WiFi Tuya 2026 com Controle de Temperatura e Umidade - Knob LED e Voz,OK,3256812550556516,Tuya WiFi Soil Temperature and Humidity Sensor Real-Time Monitoring Smart Life Thermohygrometer Home Automation System,US $3.33,US $14.14,,,,,https://www.aliexpress.us/item/3256812550556516.html
Termostato WiFi Tuya 2026 com Controle de Temperatura e Umidade - Knob LED e Voz,OK,3256807158783081,Zigbee/WIFI Tuya Smart Temperature Humidity Sensor Thermometer Hygrometer APP Remote Alarm Zigbee2Mqtt Google Assistant Alice,US $3.19,US $6.48,,,,,https://www.aliexpress.us/item/3256807158783081.html
Termostato WiFi Tuya 2026 com Controle de Temperatura e Umidade - Knob LED e Voz,OK,3256809449421812,Zigbee 3.0 Temperature Humidity Sensor APP Remote Control Thermometer via Tuya Smart Life For Smart Home Work With Yandex Alexa,US $2.33,US $12.47,,,,,https://www.aliexpress.us/item/3256809449421812.html
Termostato WiFi Tuya 2026 com Controle de Temperatura e Umidade - Knob LED e Voz,OK,3256810404586024,GIRIER Tuya WiFi Thermostat TFT Screen Smart Temperature Controller for Water/Gas Boiler Electric Floor Heating Works with Alexa,US $80.17,US $174.34,,,,,https://www.aliexpress.us/item/3256810404586024.html
Termostato WiFi Tuya 2026 com Controle de Temperatura e Umidade - Knob LED e Voz,OK,3256806985066552,MOES Zigbee Thermostat Room Temperature Controller of Water/Electric Floor Heating Gas Boiler Humidity Tuya Work with Alex 5A16A,US $26.25,US $66.50,,,,,https://www.aliexpress.us/item/3256806985066552.html
Termostato WiFi Tuya 2026 com Controle de Temperatura e Umidade - Knob LED e Voz,OK,3256812144190378,Tuya WiFi Temperature Humidity Sensor Smart Life Backlight Hygrometer Thermometer Sensor Support Alexa Google Home Assistant,US $5.91,US $26.35,,,,,https://www.aliexpress.us/item/3256812144190378.html
Termostato WiFi Tuya 2026 com Controle de Temperatura e Umidade - Knob LED e Voz,OK,3256805012656796,Smart Temperature Remote Controller M3H Tuya WiFi Thermostat 3A 16A LCD Display Touch Screen for Water/Electric Floor/Gas Boiler,US $19.01,US $56.54,,,,,https://www.aliexpress.us/item/3256805012656796.html
Termostato WiFi Tuya 2026 com Controle de Temperatura e Umidade - Knob LED e Voz,OK,3256811575334753,Tuya WiFi Temperature Humidity Sensor with Backlight Screen Display Smart Life Hygrometer Thermometer Support Alexa Google Home,US $11.92,US $40.26,,,,,https://www.aliexpress.us/item/3256811575334753.html
Termostato WiFi Tuya 2026 com Controle de Temperatura e Umidade - Knob LED e Voz,OK,3256810480045629,AVATTO Tuya WiFi Smart Thermostat Electric Floor Heating Water Gas Boiler Temperature Control Works With Alexa Google Home Alice,US $32.61,US $80.83,,,,,https://www.aliexpress.us/item/3256810480045629.html
Termostato WiFi Tuya 2026 com Controle de Temperatura e Umidade - Knob LED e Voz,OK,3256807398712758,Tuya WiFi Temperature and Humidity Smart Home Thermometer Hygrometer APP Remote Alarm Work with Alexa Google Home,US $2.33,US $18.49,,,,,https://www.aliexpress.us/item/3256807398712758.html
Termostato WiFi Tuya 2026 com Controle de Temperatura e Umidade - Knob LED e Voz,OK,3256805464365460,Tuya ZigBee Digital Display Smart Temperature Controller Hvac Thermostat 3 Speed Heating Cooling for Air Conditioning Controller,US $35.98,US $78.43,,,,,https://www.aliexpress.us/item/3256805464365460.html
Termostato WiFi Tuya 2026 com Controle de Temperatura e Umidade - Knob LED e Voz,OK,3256805834241329,Tuya Smart Home Thermostat Water Electric Warm Floor Heating Gas Boiler WiFi Temperature Remote Controller with Google Alexa,US $14.73,US $51.74,,,,,https://www.aliexpress.us/item/3256805834241329.html
Termostato WiFi Tuya 2026 com Controle de Temperatura e Umidade - Knob LED e Voz,OK,3256810573196843,Tuya WiFi Weather Station Smart Thermohygrometer Kit WiFi Gateway&Outdoor IP65 Waterproof 433mhz Thermohygrometer with App Alert,US $16.49,US $49.97,,,,,https://www.aliexpress.us/item/3256810573196843.html
Termostato WiFi Tuya 2026 com Controle de Temperatura e Umidade - Knob LED e Voz,OK,3256810400365075,Tuya WiFi Smart Thermostat Temperature Controller for Water Gas Boiler Floor Heating Remote Voice Control via Alexa Google Home,US $5.62,US $13.32,,,,,https://www.aliexpress.us/item/3256810400365075.html
Termostato WiFi Tuya 2026 com Controle de Temperatura e Umidade - Knob LED e Voz,OK,3256805772874473,Tuya Smart Floor Heating Wifi Thermostat For Water Room Temperature Remote Controller Google Home\Aleax,US $18.85,US $41.20,,,,,https://www.aliexpress.us/item/3256805772874473.html
Termostato WiFi Tuya 2026 com Controle de Temperatura e Umidade - Knob LED e Voz,OK,3256810497569579,MOES WiFi Smart Thermostat Plug Tuya Digital Temperature Controller for Heating & Cooling Smart Life App,US $31.16,US $84.79,,,,,https://www.aliexpress.us/item/3256810497569579.html
Termostato WiFi Tuya 2026 com Controle de Temperatura e Umidade - Knob LED e Voz,OK,3256811459387226,WiFi Smart Knob Thermostat Floor Heating Water Gas Boiler Home Room Programmable Temperature Controller Tuya Alexa Google Home,US $25.94,US $73.20,,,,,https://www.aliexpress.us/item/3256811459387226.html
Termostato WiFi Tuya 2026 com Controle de Temperatura e Umidade - Knob LED e Voz,OK,3256806824021761,"AVATTO WiFi Smart Thermostat Electric Heating Water Gas Boiler Temperature Remote Controller Work with Tuya,Alexa,Google Home",US $17.45,US $52.02,,,,,https://www.aliexpress.us/item/3256806824021761.html
Termostato WiFi Tuya 2026 com Controle de Temperatura e Umidade - Knob LED e Voz,OK,3256807009055805,Qiumi Smart Wifi Color Knob Thermostat Air Conditioning Temperature Controller Works with Alexa Google Home,US $50.14,US $54.61,,,,,https://www.aliexpress.us/item/3256807009055805.html
Termostato WiFi Tuya 2026 com Controle de Temperatura e Umidade - Knob LED e Voz,OK,3256807904414749,110V 220V Tuya Smart WiFi 4 Channel Relay With Temperature Humidity Sensor Passive Dry Contact Switch Alexa Alice Compatible,US $21.36,US $28.52,,,,,https://www.aliexpress.us/item/3256807904414749.html
Termostato WiFi Tuya 2026 com Controle de Temperatura e Umidade - Knob LED e Voz,OK,3256809998565073,Tuya 2.4GWIFI Temperature & Humidity Sensor for Smart Home var SmartLife Thermometer Hygrometer Support Alexa Google Assistant,US $0.99,US $15.69,,,,,https://www.aliexpress.us/item/3256809998565073.html
Termostato WiFi Tuya 2026 com Controle de Temperatura e Umidade - Knob LED e Voz,OK,3256807852474797,MOES Matter WiFi Smart Thermostat Temperature Controller Tuya Water Boiler Electric Heating With Alexa Google Apple Smartthings,US $41.57,US $103.34,,,,,https://www.aliexpress.us/item/3256807852474797.html
Termostato WiFi Tuya 2026 com Controle de Temperatura e Umidade - Knob LED e Voz,OK,3256804800124689,16A Tuya Wifi Smart Thermostat  Temperature Controller Electric Warm Floor Heating Room Thermostat Works with Google Home Alexa,US $60.97,US $132.76,,,,,https://www.aliexpress.us/item/3256804800124689.html
Termostato WiFi Tuya 2026 com Controle de Temperatura e Umidade - Knob LED e Voz,OK,3256811670951315,Tuya Zigbee or WiFi Smart Temperature Humidity Sensor Indoor Hygrometer Controller Monitoring Work with Smart Speaker Alexa Goog,US $0.99,US $15.49,,,,,https://www.aliexpress.us/item/3256811670951315.html
Termostato WiFi Tuya 2026 com Controle de Temperatura e Umidade - Knob LED e Voz,OK,3256806442203572,Tuya WiFi Smart Temperature And Humidity Sensor Battery Powered ZigBee Smart Home Security Work With Alexa Google Home,US $2.13,US $19.84,,,,,https://www.aliexpress.us/item/3256806442203572.html
Termostato WiFi Tuya 2026 com Controle de Temperatura e Umidade - Knob LED e Voz,OK,3256811356491562,WiFi LCD Indoor Digital Electronic Temperature and Humidity Sensor  For Tuya Smart Life APP Remote Viewing Temperature Monitor,US $1.26,US $17.57,,,,,https://www.aliexpress.us/item/3256811356491562.html
Termostato WiFi Tuya 2026 com Controle de Temperatura e Umidade - Knob LED e Voz,OK,3256802848213790,TUYA Wi-Fi Smart Large Colorful Screen Room Programmable Air Thermostat WIFI for Switch Heating Cooler Bridge Voice Alexa,US $67.88,US $125.88,,,,,https://www.aliexpress.us/item/3256802848213790.html
Termostato WiFi Tuya 2026 com Controle de Temperatura e Umidade - Knob LED e Voz,OK,3256809923222205,Smart WiFi Thermostat Zigbee Tuya Water Gas Boiler Power Battery Powered Wireless Temperature Controller Alexa Google Home Alice,US $17.85,US $52.87,,,,,https://www.aliexpress.us/item/3256809923222205.html
Termostato WiFi Tuya 2026 com Controle de Temperatura e Umidade - Knob LED e Voz,OK,3256808639808163,Tuya Zigbee3.0 Temperature and Humidity Sensor Thermometer Hygrometer APP Remote Alarm Works with Smart Life Alexa Google Alice,US $0.99,US $5.64,,,,,https://www.aliexpress.us/item/3256808639808163.html
Termostato WiFi Tuya 2026 com Controle de Temperatura e Umidade - Knob LED e Voz,OK,3256808701212089,Smart Home 2.4G WIFI Temperature And Humidity Sensor Tuya APP Remote Control SmartLife Work With Alexa Google Assistant,US $0.99,US $12.76,,,,,https://www.aliexpress.us/item/3256808701212089.html
Termostato WiFi Tuya 2026 com Controle de Temperatura e Umidade - Knob LED e Voz,OK,3256808091729906,MOES Tuya WiFi Smart Thermostat Programmable Temperature Controller Water Boiler Electric Heating Work With Alexa Google Home,US $41.61,US $65.01,,,,,https://www.aliexpress.us/item/3256808091729906.html
Termostato WiFi Tuya 2026 com Controle de Temperatura e Umidade - Knob LED e Voz,OK,3256809645476762,Tuya Zigbee 3.0 WiFi Temperature Humidity Sensor Smart Thermometer Hygrometer APP Remote Control Work with Yandex Alexa,US $3.33,US $13.86,,,,,https://www.aliexpress.us/item/3256809645476762.html
Termostato WiFi Tuya 2026 com Controle de Temperatura e Umidade - Knob LED e Voz,OK,3256806589583218,Tuya WIFI Temperature Sensor Thermometer Controller Freezer Fridge Heating Thermostat Smart Life Aquarium Incubator Temp Logger,US $38.55,US $99.01,,,,,https://www.aliexpress.us/item/3256806589583218.html
Termostato WiFi Tuya 2026 com Controle de Temperatura e Umidade - Knob LED e Voz,OK,3256810086832621,Manhot WIFI Smart Thermostat For Water/Electric Floor Heating Gas Boiler Remote Temperature Controller Work Tuya Alexa Google,US $21.40,US $57.97,,,,,https://www.aliexpress.us/item/3256810086832621.html
Termostato WiFi Tuya 2026 com Controle de Temperatura e Umidade - Knob LED e Voz,OK,3256811657486325,Beok Wifi Smart Knob Thermostat for Electric Floor/Water and Gas Boiler Heating Tuya Temperature Controller，Support Googe Alexa,US $44.90,US $70.31,,,,,https://www.aliexpress.us/item/3256811657486325.html
Termostato WiFi Tuya 2026 com Controle de Temperatura e Umidade - Knob LED e Voz,OK,3256809457655166,"Dry Contact Zigbee Tuya Intelligent Switch With Temperature Humidity Sensor,Real-time Monitoring,Thermostat,Alexa Compatible",US $13.47,US $41.77,,,,,https://www.aliexpress.us/item/3256809457655166.html
Termostato WiFi Tuya 2026 com Controle de Temperatura e Umidade - Knob LED e Voz,OK,3256804994908940,MOES WiFi Water/Electric Floor Heating Thermostat Zigbee Water Gas Boiler Temperature Control Tuya/Smart APP Alexa Google Voice,US $29.93,US $78.57,,,,,https://www.aliexpress.us/item/3256804994908940.html
Termostato WiFi Tuya 2026 com Controle de Temperatura e Umidade - Knob LED e Voz,OK,3256810297030961,Tuya Smart WiFi Thermostat 3/16/25A Electric Gas Boiler Water Heating Temperature Controller Home Intelligent Heating Accessory,US $34.64,US $94.63,,,,,https://www.aliexpress.us/item/3256810297030961.html
Termostato WiFi Tuya 2026 com Controle de Temperatura e Umidade - Knob LED e Voz,OK,3256808308185360,STC-3028 LED Digital Thermostat Temperature Humidity Controller 220V 12V Thermo Hygrometer Thermometer Adjustable Cooler Heater,US $16.63,US $23.90,,,,,https://www.aliexpress.us/item/3256808308185360.html
Termostato WiFi Tuya 2026 com Controle de Temperatura e Umidade - Knob LED e Voz,OK,3256807751675838,AVATTO WiFi Smart Thermostat，RF Wireless Receiver Temperature Controller ，For Water Gas Boiler Support Tuya Alexa Google Home,US $45.15,US $110.95,,,,,https://www.aliexpress.us/item/3256807751675838.html
Termostato WiFi Tuya 2026 com Controle de Temperatura e Umidade - Knob LED e Voz,OK,3256809626078521,Smart ZigBee Temperature Humidity Sensor Tuya Thermometer Digital LCD Display work with Smart Life Alexa Google Assistant,US $0.99,US $12.71,,,,,https://www.aliexpress.us/item/3256809626078521.html
Host de Música Ambiente Smart Home 7 Polegadas Touch 2025 - Gateway Zigbee Tuya 8 Canais,OK,3256809139862985,Home 7 inch touch screen 2zone audio volume wall power amplifier WIFI Bluetooths sound control panel Android music player system,US $135.79,US $153.84,,,,,https://www.aliexpress.us/item/3256809139862985.html
Host de Música Ambiente Smart Home 7 Polegadas Touch 2025 - Gateway Zigbee Tuya 8 Canais,OK,3256811917032202,2026 New Designed 7 inch Smart Home Background Music Player Touch Screen Host  Built-in Tuya Smart Zigbee Gateway Wall Amplifier,US $287.55,US $612.03,,,,,https://www.aliexpress.us/item/3256811917032202.html
Host de Música Ambiente Smart Home 7 Polegadas Touch 2025 - Gateway Zigbee Tuya 8 Canais,OK,3256807013141614,Smart Home Theater Bluetooth WIFI Wall Amplifier 7inch Touch Screen Background Music Audio Stereo Panel Mount Amp Android system,US $245.95,US $505.89,,,,,https://www.aliexpress.us/item/3256807013141614.html
Host de Música Ambiente Smart Home 7 Polegadas Touch 2025 - Gateway Zigbee Tuya 8 Canais,OK,3256812145233893,MOES Tuya Smart Home Control Panel Max 10.1inch Touch Screen with Bluetooth Zigbee Gateway Built-in Building Intercom Compatible,US $523.73,"US $1,069.05",,,,,https://www.aliexpress.us/item/3256812145233893.html
Host de Música Ambiente Smart Home 7 Polegadas Touch 2025 - Gateway Zigbee Tuya 8 Canais,OK,3256812547206831,7 Inch 8*30W Wall Mount Background Music Host Android WiFi Intelligent Touch Screen Home Central Automation Panel,"US $1,873.64",,,,,,https://www.aliexpress.us/item/3256812547206831.html
Host de Música Ambiente Smart Home 7 Polegadas Touch 2025 - Gateway Zigbee Tuya 8 Canais,OK,3256811823960440,Wall Amplifier 7-inch Two-zone Playback Touch Screen Intelligent Background Music System Support Google Play,US $266.91,US $278.14,,,,,https://www.aliexpress.us/item/3256811823960440.html
Host de Música Ambiente Smart Home 7 Polegadas Touch 2025 - Gateway Zigbee Tuya 8 Canais,OK,3256811922941129,7 Inch Tuya Smart home control panel WIFI ZIGBEE gateway 2zone audio in wall amplifier android11 Bluetooth sound music system,US $335.55,US $335.65,,,,,https://www.aliexpress.us/item/3256811922941129.html
Host de Música Ambiente Smart Home 7 Polegadas Touch 2025 - Gateway Zigbee Tuya 8 Canais,OK,3256812304602142,Tuya Smart Home Control Panel Max 10.1-inch Touch Screen Bluetooth Zigbee Gateway Built-in Building Intercom Compatible,US $514.41,"US $1,071.89",,,,,https://www.aliexpress.us/item/3256812304602142.html
Host de Música Ambiente Smart Home 7 Polegadas Touch 2025 - Gateway Zigbee Tuya 8 Canais,OK,3256806548188776,Sansui F51 7-Inch High Definition Screen Wireless Speakers Multi-purpose BT Retro FM Radio MP4 Card Video Player E-book Reading,US $53.64,US $60.64,,,,,https://www.aliexpress.us/item/3256806548188776.html
Host de Música Ambiente Smart Home 7 Polegadas Touch 2025 - Gateway Zigbee Tuya 8 Canais,OK,3256812287337936,"For Fiat 500C 2007-2015 7inch Android Horizontal Screen with Multimedia Player, GPS Navigation, Wireless CarPlay",US $106.76,US $410.99,,,,,https://www.aliexpress.us/item/3256812287337936.html
Host de Música Ambiente Smart Home 7 Polegadas Touch 2025 - Gateway Zigbee Tuya 8 Canais,OK,3256812547286388,7 Inch Two-Zone Wall Mount Smart Home System Android Touch Screen Music Host Multi-scene Automation Controller,"US $1,413.29",,,,,,https://www.aliexpress.us/item/3256812547286388.html
Host de Música Ambiente Smart Home 7 Polegadas Touch 2025 - Gateway Zigbee Tuya 8 Canais,OK,3256803413172419,"Android Radio 7"" 2 DIN, Wireless CarPlay/Android Auto, DAB+ RDS BT GPS, 2GB RAM 32GB Storage for VW PQ35 Golf 5/6 Jetta Touran",US $120.75,US $147.15,,,,,https://www.aliexpress.us/item/3256803413172419.html
Host de Música Ambiente Smart Home 7 Polegadas Touch 2025 - Gateway Zigbee Tuya 8 Canais,OK,3256810441941339,7 Inch Android 11 Wall Screen Panel WiFi Zigbee Hub Tuya Smart Home KTV Control with 2 Wireless Mic Built in Microphone Receiver,US $343.45,US $817.73,,,,,https://www.aliexpress.us/item/3256810441941339.html
Host de Música Ambiente Smart Home 7 Polegadas Touch 2025 - Gateway Zigbee Tuya 8 Canais,OK,3256806572618404,SANSUI Portable FM/MW/SW Radio 7-inch HD LED Display Radio Wireless Bluetooth Speakers Dual TF Card Slot MP4 Video Music Player,US $50.24,US $71.91,,,,,https://www.aliexpress.us/item/3256806572618404.html
Host de Música Ambiente Smart Home 7 Polegadas Touch 2025 - Gateway Zigbee Tuya 8 Canais,OK,3256808220105423,7 inchs Birthday Video Book Card 4GB Lcd Invitation Gift Music Greeting Card Upload  Videos Photos Wedding Invite Digital frame,US $27.59,US $62.97,,,,,https://www.aliexpress.us/item/3256808220105423.html
Host de Música Ambiente Smart Home 7 Polegadas Touch 2025 - Gateway Zigbee Tuya 8 Canais,OK,3256805033161068,PRITOM 7 Inch Tablet PC 32 GB Android 13 with Quad Core Processor HD IPS Display Dual Camera WiFi with PU Protective Case,US $45.66,US $109.71,,,,,https://www.aliexpress.us/item/3256805033161068.html
Host de Música Ambiente Smart Home 7 Polegadas Touch 2025 - Gateway Zigbee Tuya 8 Canais,OK,3256808933043029,"Universal 7"" Single 1Din Touch Screen Stereo Bluetooth Car Radio For iOS/Android Carplay GPS With Handle Remote Control Camera",US $29.17,US $98.88,,,,,https://www.aliexpress.us/item/3256808933043029.html
Host de Música Ambiente Smart Home 7 Polegadas Touch 2025 - Gateway Zigbee Tuya 8 Canais,OK,3256809197576193,HIPPCRON 7 Inch Car Multimedia Player HD Display for CarPlay Android Auto Car Radio Portable Touch Screen Wireless With Camera,US $27.71,US $69.43,,,,,https://www.aliexpress.us/item/3256809197576193.html
Host de Música Ambiente Smart Home 7 Polegadas Touch 2025 - Gateway Zigbee Tuya 8 Canais,OK,3256806541539301,PRITOM Tablet for Kids 7 Inch Android 13 32 GB WiFi Bluetooth Dual Camera Educational Software Installed with Proof Case,US $44.23,US $108.99,,,,,https://www.aliexpress.us/item/3256806541539301.html
Host de Música Ambiente Smart Home 7 Polegadas Touch 2025 - Gateway Zigbee Tuya 8 Canais,OK,3256812466907674,"BQCC 7"" MP5 Car Radio Suppor CarPlay Android Auto Fit Toyota COROLLA VIOS CROWN CAMRY HIACE PREVIA RAV4 Vehicle Audio Player",US $54.26,US $136.14,,,,,https://www.aliexpress.us/item/3256812466907674.html
Host de Música Ambiente Smart Home 7 Polegadas Touch 2025 - Gateway Zigbee Tuya 8 Canais,OK,3256806274590553,7 Inch HD Digital Photo Frame 800x480 LED Smart Electronic Photo Album LCD Photo Frame MP3 MP4 Music Player with Remote Control,US $38.22,US $137.03,,,,,https://www.aliexpress.us/item/3256806274590553.html
Host de Música Ambiente Smart Home 7 Polegadas Touch 2025 - Gateway Zigbee Tuya 8 Canais,OK,3256807002320635,Tuya Smart Home WiFi Wireless Control LED Neon Strip Light DC5V USB USB Waterproof Flexible Tape Support Alexa Echo Google Home,US $9.25,US $34.57,,,,,https://www.aliexpress.us/item/3256807002320635.html
Host de Música Ambiente Smart Home 7 Polegadas Touch 2025 - Gateway Zigbee Tuya 8 Canais,OK,3256809532737863,No WiFi 7 Inch Baby Monitor 2-Way Audio Night Vision 4X Zoom  Wireless Kids Protection Surveillance Video Camera 5000mAh Battery,US $96.88,US $221.03,,,,,https://www.aliexpress.us/item/3256809532737863.html
Host de Música Ambiente Smart Home 7 Polegadas Touch 2025 - Gateway Zigbee Tuya 8 Canais,OK,3256809496803399,KERUI Tuya WiFi+4G Home Alarm System with 7 inch Large Touch Screen Panel Alarm Set FSK / ASK for House Security Protection G70,US $388.15,US $844.03,,,,,https://www.aliexpress.us/item/3256809496803399.html
Host de Música Ambiente Smart Home 7 Polegadas Touch 2025 - Gateway Zigbee Tuya 8 Canais,OK,3256807025148242,Subwoofer Caixa De Som Bluetooth Speaker Portable Sound Box Music Wireless Woofer Bass Computer PC TV Radio FM 10W Powerful Big,US $14.87,US $50.87,,,,,https://www.aliexpress.us/item/3256807025148242.html
Host de Música Ambiente Smart Home 7 Polegadas Touch 2025 - Gateway Zigbee Tuya 8 Canais,OK,3256807243258699,Staniot LoRa Version 7 inch Security Alarm System WiFi 4G Tuya Smart Home Burglar Kit 500m Transmission Distance Built-in Siren,US $49.78,US $58.98,,,,,https://www.aliexpress.us/item/3256807243258699.html
Host de Música Ambiente Smart Home 7 Polegadas Touch 2025 - Gateway Zigbee Tuya 8 Canais,OK,3256812166038874,2din Android Auto Multimedia Car Radio Wireless CarPlay GPS Navigation for Toyota Hyundai Nissan Kia FIAT VW 7 9 10 inch IPS,US $45.68,US $112.10,,,,,https://www.aliexpress.us/item/3256812166038874.html
Host de Música Ambiente Smart Home 7 Polegadas Touch 2025 - Gateway Zigbee Tuya 8 Canais,OK,3256812527562542,Heal The World Michael Jackson Album Cover Unisex Short Sleeve Men's Women's Tshirts Tee Suitable for Both Men and Women,US $1.61,US $18.32,,,,,https://www.aliexpress.us/item/3256812527562542.html
Host de Música Ambiente Smart Home 7 Polegadas Touch 2025 - Gateway Zigbee Tuya 8 Canais,OK,3256806808357105,GRANDnavi Android13 Car Radio GPS For VW Volkswagen Skoda Octavia Golf 5 6 Touran Passat B6 Polo Jetta 2Din Multimedia Player,US $146.98,US $327.63,,,,,https://www.aliexpress.us/item/3256806808357105.html
Host de Música Ambiente Smart Home 7 Polegadas Touch 2025 - Gateway Zigbee Tuya 8 Canais,OK,3256806956978738,TG117 Portable Bluetooth Speaker Outdoor Wireless Woofer Free Call /FM/TF Card/USB Flash Drive Connect Mobile Phone/Tablet/TV,US $8.71,US $26.03,,,,,https://www.aliexpress.us/item/3256806956978738.html
Host de Música Ambiente Smart Home 7 Polegadas Touch 2025 - Gateway Zigbee Tuya 8 Canais,OK,3256807948183348,Android 13 CarPlay TV Box Wireless CarPlay Android Auto Adapter Car Multimedia Smart AI Box Support Netflix YouTube Play Store,US $12.51,US $19.51,,,,,https://www.aliexpress.us/item/3256807948183348.html
Host de Música Ambiente Smart Home 7 Polegadas Touch 2025 - Gateway Zigbee Tuya 8 Canais,OK,3256806857594026,LIGE 2026 Smart Watch Women Men Ladies Gift Sport Fitness Men Watches Heart Rate Monitor Waterproof Smartwatch For Android IOS,US $16.19,US $51.88,,,,,https://www.aliexpress.us/item/3256806857594026.html
Host de Música Ambiente Smart Home 7 Polegadas Touch 2025 - Gateway Zigbee Tuya 8 Canais,OK,3256809856964874,Home 4 Zone Audio Inwall Amplifier 7 Inch Android 11 Alexa Voice Tuya Smart Home Control Panel 8x30W Channel WiFi Wall Amplifier,US $326.85,US $618.25,,,,,https://www.aliexpress.us/item/3256809856964874.html
Host de Música Ambiente Smart Home 7 Polegadas Touch 2025 - Gateway Zigbee Tuya 8 Canais,OK,3256810554564042,7 Inch Carplay For Hyundai IX35 Tucson 2 LM 2009 - 2015 Stereo Head Unit Android Car Radio Player GPS Touch Screen 8 Core Wifi,US $106.74,US $232.25,,,,,https://www.aliexpress.us/item/3256810554564042.html
Host de Música Ambiente Smart Home 7 Polegadas Touch 2025 - Gateway Zigbee Tuya 8 Canais,OK,3256807742054616,IPS 7 Inch Portable WIFI Wireless Carplay Android Auto Car Radio Multmedia Video Player Reversing Camera for Apple Or Android,US $38.64,US $103.74,,,,,https://www.aliexpress.us/item/3256807742054616.html
Host de Música Ambiente Smart Home 7 Polegadas Touch 2025 - Gateway Zigbee Tuya 8 Canais,OK,3256810555733277,New 4G PGD Smart Watch Dual Camera 64GB/16GB Memory GPS WiFi IP68 Waterproof Telephone SIM Card Smartwatch Support Download APP,US $52.07,US $135.03,,,,,https://www.aliexpress.us/item/3256810555733277.html
Host de Música Ambiente Smart Home 7 Polegadas Touch 2025 - Gateway Zigbee Tuya 8 Canais,OK,3256806824216848,7 Inch Portable Display IPS LCD Capacitive Touch Screen 1024x600 Monitor Optional Speakers for Raspberry Pi Laptop PC,US $31.56,US $60.89,,,,,https://www.aliexpress.us/item/3256806824216848.html
Host de Música Ambiente Smart Home 7 Polegadas Touch 2025 - Gateway Zigbee Tuya 8 Canais,OK,3256809762648687,ESP32-S3 7 Inch 1024x600 IPS Screen Touch Display LX7 Dual-Core 16MB Flash WiFi BT5 Development Board for ESP32 GUI LVGL HMI,US $44.00,US $51.00,,,,,https://www.aliexpress.us/item/3256809762648687.html
Host de Música Ambiente Smart Home 7 Polegadas Touch 2025 - Gateway Zigbee Tuya 8 Canais,OK,3256807894924627,M02 Bluetooth Speaker Optimus Prime Mini Wireless Speakers Stereo Transformers LED Flashing Light BT Boombox FM Mp3 Audience,US $11.21,US $18.98,,,,,https://www.aliexpress.us/item/3256807894924627.html
Host de Música Ambiente Smart Home 7 Polegadas Touch 2025 - Gateway Zigbee Tuya 8 Canais,OK,3256810555407572,Linux Interface Box for Lexus IS 2005 -2019 Wireless CarPlay Decoder Android Auto GPS Navigation Original Car Radio Screen,US $283.80,US $483.00,,,,,https://www.aliexpress.us/item/3256810555407572.html
Host de Música Ambiente Smart Home 7 Polegadas Touch 2025 - Gateway Zigbee Tuya 8 Canais,OK,2255800910370305,Bluetooth Magic Keyboard Case For iPad Pro Air 3 10.5 7 8 9 Generation 10.2 Tablet Case Arabic Spanish French Italian Keyboard,US $54.88,US $101.81,,,,,https://www.aliexpress.us/item/2255800910370305.html
Host de Música Ambiente Smart Home 7 Polegadas Touch 2025 - Gateway Zigbee Tuya 8 Canais,OK,3256812602731730,"BQCC 7"" 2Din Multifunctional Car MP5 Player For Jeep Wrangler Dodge Chrysler Wireless CarPlay BT RDS FM AM 7 Color Ambient Light",US $83.21,US $180.41,,,,,https://www.aliexpress.us/item/3256812602731730.html
Host de Música Ambiente Smart Home 7 Polegadas Touch 2025 - Gateway Zigbee Tuya 8 Canais,OK,3256811594057105,"10-inch tuya smart background music control touch screen host, wall amplifier, ZigBee gateway, Wi-Fi, intelligent host",US $511.40,US $631.36,,,,,https://www.aliexpress.us/item/3256811594057105.html
Host de Música Ambiente Smart Home 7 Polegadas Touch 2025 - Gateway Zigbee Tuya 8 Canais,OK,3256805204231891,Luxury Smartwatch Health Monitor AI Voice Wireless Call Fitness Tracker Sports Smart Watch for Man Woman IOS Android Phones 2026,US $17.03,US $24.26,,,,,https://www.aliexpress.us/item/3256805204231891.html
Host de Música Ambiente Smart Home 7 Polegadas Touch 2025 - Gateway Zigbee Tuya 8 Canais,OK,3256808749514769,BQCC 7'' Car Player for Opel Astra H J Vectra Vauxhall Antara Zafira Corsa C D Vivaro Meriva Veda C-Max Carplay WiFi Car Radio,US $105.53,US $225.07,,,,,https://www.aliexpress.us/item/3256808749514769.html
Host de Música Ambiente Smart Home 7 Polegadas Touch 2025 - Gateway Zigbee Tuya 8 Canais,OK,3256807810959589,"Divoom Times Gate Gaming Room Setup Digital Clock with Smart APP Control, WiFi Connect, RGB LED Display, Office Decor Cyberpunk",US $126.97,US $153.99,,,,,https://www.aliexpress.us/item/3256807810959589.html
Host de Música Ambiente Smart Home 7 Polegadas Touch 2025 - Gateway Zigbee Tuya 8 Canais,OK,3256807754413827,Portable Monitor 7 Inch 1024x600 IPS LCD HDMI-compatible VGA AV Input DC Type C Power Screen for PC Laptop Camera TV Box DVD,US $40.68,US $74.14,,,,,https://www.aliexpress.us/item/3256807754413827.html
Host de Música Ambiente Smart Home 7 Polegadas Touch 2025 - Gateway Zigbee Tuya 8 Canais,OK,3256807290750314,BQCC 7inch Car Radio Multimedia Video Player Wireless Carplay And Wireless Android Auto Touch Screen Sun Visor 5300,US $38.54,US $96.89,,,,,https://www.aliexpress.us/item/3256807290750314.html
Host de Música Ambiente Smart Home 7 Polegadas Touch 2025 - Gateway Zigbee Tuya 8 Canais,OK,2251832669153063,"Podofo Autoradio 2 Din Car Radio 7"" HD Touch Screen Audio Stereo 7018B/7023B Video MP5 Multimedia Player For Nissan Toyota Kia",US $36.03,US $65.70,,,,,https://www.aliexpress.us/item/2251832669153063.html
Host de Música Ambiente Smart Home 7 Polegadas Touch 2025 - Gateway Zigbee Tuya 8 Canais,OK,3256810086632098,"7"" / 9"" Portable Wireless Carplay Android Auto Car Radio Multimedia Player IPS Touch Screen AUX USB Bluetooth Mirror Link AHD",US $29.01,US $80.02,,,,,https://www.aliexpress.us/item/3256810086632098.html
"Gateway Smart Home Tuya WiFi Touch 7 Polegadas - Zigbee, Alexa e Música para Hotéis",OK,3256811917032202,2026 New Designed 7 inch Smart Home Background Music Player Touch Screen Host  Built-in Tuya Smart Zigbee Gateway Wall Amplifier,US $287.55,US $612.03,,,,,https://www.aliexpress.us/item/3256811917032202.html
"Gateway Smart Home Tuya WiFi Touch 7 Polegadas - Zigbee, Alexa e Música para Hotéis",OK,3256810170242230,7 Inch Tuya Smart Home Multi-functional Control Panel Touch Screen Central Controller Zigbee Gateway Bluetooth Wall Amplifier,US $983.90,US $984.00,,,,,https://www.aliexpress.us/item/3256810170242230.html
"Gateway Smart Home Tuya WiFi Touch 7 Polegadas - Zigbee, Alexa e Música para Hotéis",OK,3256811922941129,7 Inch Tuya Smart home control panel WIFI ZIGBEE gateway 2zone audio in wall amplifier android11 Bluetooth sound music system,US $335.55,US $335.65,,,,,https://www.aliexpress.us/item/3256811922941129.html
"Gateway Smart Home Tuya WiFi Touch 7 Polegadas - Zigbee, Alexa e Música para Hotéis",OK,3256808133403228,SMLIGHT SLZB-06/06M/06P7/06P10 Zigbee-to-Ethernet/WIFI/USB Gateway Coordinator with PoE Work with Home Assistant Zigbee2MQTT ZHA,US $37.16,US $59.68,,,,,https://www.aliexpress.us/item/3256808133403228.html
"Gateway Smart Home Tuya WiFi Touch 7 Polegadas - Zigbee, Alexa e Música para Hotéis",OK,3256812334333502,2026 Tuya Smart Home Zigbee Gateway 4/6/7/8/10inch IPS Touch Screen for Home Automation Wifi/ for Bluetooth /RJ45/RS485 Electric,US $128.02,,,,,,https://www.aliexpress.us/item/3256812334333502.html
"Gateway Smart Home Tuya WiFi Touch 7 Polegadas - Zigbee, Alexa e Música para Hotéis",OK,3256812413173508,"2025 Hot 7"" Inch Touch Screen Panel Wall Central Music Center Tuya Zigbee Gateway With 2 Different Music Zones Wired Speakers",US $520.65,US $542.34,,,,,https://www.aliexpress.us/item/3256812413173508.html
"Gateway Smart Home Tuya WiFi Touch 7 Polegadas - Zigbee, Alexa e Música para Hotéis",OK,3256809376687870,2025 New 7 Inch Touch Screen Smart Control Panel Tuya Zigbee Gateway Can Connect With 8 Ceiling Wired Speakers And 2 Zones Music,US $433.81,US $482.12,,,,,https://www.aliexpress.us/item/3256809376687870.html
"Gateway Smart Home Tuya WiFi Touch 7 Polegadas - Zigbee, Alexa e Música para Hotéis",OK,3256806823780740,Tuya Zigbee 3.0 Gateway Hub Smart Home Wireless Bridge Smart Life APP Remote Control Automation Device Works with Alexa Google,US $10.27,US $36.75,,,,,https://www.aliexpress.us/item/3256806823780740.html
"Gateway Smart Home Tuya WiFi Touch 7 Polegadas - Zigbee, Alexa e Música para Hotéis",OK,3256810176930269,7INCH Display Android 11 System with TUYA ZIGBEE Wi Fi Function Can Use Google Play Store YouTube Tiktok Spotify  Alexa Chromium,US $248.06,US $435.37,,,,,https://www.aliexpress.us/item/3256810176930269.html
"Gateway Smart Home Tuya WiFi Touch 7 Polegadas - Zigbee, Alexa e Música para Hotéis",OK,3256809030223947,Wired Matter Gateway Compatible with Apple Homekit Tuya Zigbee Smart Home Siri SmartThings Google Assistant Alexa Voice Control,US $67.49,US $152.02,,,,,https://www.aliexpress.us/item/3256809030223947.html
"Gateway Smart Home Tuya WiFi Touch 7 Polegadas - Zigbee, Alexa e Música para Hotéis",OK,2255800266583788,MOES Tuya ZigBee Wireless Gateway Hub Wired Multi-mode Bridge Bluetooth Remote Controller Mesh Smart Life APP Alexa Google Home,US $13.13,US $30.05,,,,,https://www.aliexpress.us/item/2255800266583788.html
"Gateway Smart Home Tuya WiFi Touch 7 Polegadas - Zigbee, Alexa e Música para Hotéis",OK,3256804756333678,"SMLIGHT SLZB-06/M/P7 Zigbee 3.0 to Ethernet,USB,and WiFi gateway coordinator with PoE,works with Zigbee2MQTT,Home Assistant,ZHA",US $27.62,US $46.78,,,,,https://www.aliexpress.us/item/3256804756333678.html
"Gateway Smart Home Tuya WiFi Touch 7 Polegadas - Zigbee, Alexa e Música para Hotéis",OK,3256809800577918,MOES Multi-mode Smart Gateway ZigBee WiFi Bluetooth Mesh Hub Work with Tuya Smart App Voice Control via Alexa Google Home,US $10.44,US $44.88,,,,,https://www.aliexpress.us/item/3256809800577918.html
"Gateway Smart Home Tuya WiFi Touch 7 Polegadas - Zigbee, Alexa e Música para Hotéis",OK,3256810072996571,7 Inch Android 11 Tuya Smart Home Control Panel with Music Player Rotary Button E-Share Zigbee Hub  WiFi Wall Amplifier,US $440.80,US $979.79,,,,,https://www.aliexpress.us/item/3256810072996571.html
"Gateway Smart Home Tuya WiFi Touch 7 Polegadas - Zigbee, Alexa e Música para Hotéis",OK,3256811632768750,2026 New 7 Inch Touch Screen Music Center Control Panel with 8 Ceiling Wired Speakers Built in Background Music Amplifier Tuya,US $407.09,US $437.41,,,,,https://www.aliexpress.us/item/3256811632768750.html
"Gateway Smart Home Tuya WiFi Touch 7 Polegadas - Zigbee, Alexa e Música para Hotéis",OK,3256812463826704,Tuya app Smart Life Home Gateway Stable Signal Coverage Smart Scene Automation Hub Compatible Smart Multi-Mode Gateway with All Tuya Zigbee Bluetooth Devices,US $11.02,US $36.05,,,,,https://www.aliexpress.us/item/3256812463826704.html
"Gateway Smart Home Tuya WiFi Touch 7 Polegadas - Zigbee, Alexa e Música para Hotéis",OK,3256809656443987,SucceBuy 7-in-1 Wi-Fi Weather Station 7.5 in Color Display + Solar Wireless Outdoor Sensor Alarm Alerts for Temperature Humidity,US $47.03,US $165.74,,,,,https://www.aliexpress.us/item/3256809656443987.html
"Gateway Smart Home Tuya WiFi Touch 7 Polegadas - Zigbee, Alexa e Música para Hotéis",OK,3256806721639163,MOES Tuya Wifi Smart 5-inch Touch Screen US Center Control Panel Voice Control Alexa And ZigBee Gateway Built-in Scene Control,US $181.03,US $408.76,,,,,https://www.aliexpress.us/item/3256806721639163.html
"Gateway Smart Home Tuya WiFi Touch 7 Polegadas - Zigbee, Alexa e Música para Hotéis",OK,3256812062307224,MOES Tuya ZigBee Smart Knob Switch Wireless Scene Switch Button Controller Battery Powered Automation Scenario Smart Life App,US $22.20,US $63.43,,,,,https://www.aliexpress.us/item/3256812062307224.html
"Gateway Smart Home Tuya WiFi Touch 7 Polegadas - Zigbee, Alexa e Música para Hotéis",OK,3256811706433877,SONOFF ZBBridge-P Zigbee Gateway Bridge Pro Up to 128 sub-devices Local  Smart Home Security Support Alexa Google Smartthings,US $20.35,US $62.15,,,,,https://www.aliexpress.us/item/3256811706433877.html
"Gateway Smart Home Tuya WiFi Touch 7 Polegadas - Zigbee, Alexa e Música para Hotéis",OK,3256806984988720,MOES Tuya Wifi Smart 5-inch Touch Screen US Center Control Panel Voice Control Alexa And ZigBee Gateway Built-in Scene Control,US $169.46,US $375.46,,,,,https://www.aliexpress.us/item/3256806984988720.html
"Gateway Smart Home Tuya WiFi Touch 7 Polegadas - Zigbee, Alexa e Música para Hotéis",OK,3256810218312576,New type Tuya Smart Control Panel Zigbee Gateway 8 button Multi-function With Relay Music 6.3 Inch Audio player Wall amplifier,US $205.16,US $461.22,,,,,https://www.aliexpress.us/item/3256810218312576.html
"Gateway Smart Home Tuya WiFi Touch 7 Polegadas - Zigbee, Alexa e Música para Hotéis",OK,3256806479576833,Wifi Tuya APP Face Recognition Smart Door Lock With Camera Video Call Voice Intercom Digital Door Lock Automatic Door Lock,US $142.62,US $467.57,,,,,https://www.aliexpress.us/item/3256806479576833.html
"Gateway Smart Home Tuya WiFi Touch 7 Polegadas - Zigbee, Alexa e Música para Hotéis",OK,2255800784319931,Tuya Smart Zigbee Gateway Hub Wifi Smart Home Bridge Smart Life Wireless Remote Voice Controller Work with Alexa Google Home,US $12.40,US $19.40,,,,,https://www.aliexpress.us/item/2255800784319931.html
"Gateway Smart Home Tuya WiFi Touch 7 Polegadas - Zigbee, Alexa e Música para Hotéis",OK,3256810088445882,NEW Tuya Smart Home Amplifier Control Panel Max 10.1inch Touch Screen Bluetooth ZigBee Gateway Compatible with Building Intercom,US $486.81,"US $1,132.34",,,,,https://www.aliexpress.us/item/3256810088445882.html
"Gateway Smart Home Tuya WiFi Touch 7 Polegadas - Zigbee, Alexa e Música para Hotéis",OK,3256810336255039,Tuya Smart ZigBee Bluetooth Multi-Mode Gateway Hub Type-C Power Wireless Home Automation Gateway 30M,US $22.88,US $47.88,,,,,https://www.aliexpress.us/item/3256810336255039.html
"Gateway Smart Home Tuya WiFi Touch 7 Polegadas - Zigbee, Alexa e Música para Hotéis",OK,3256808471819113,Tuya Zigbee Smart Touch Screen Switch 3.5 Inch Display Panel Smart Life App Remote Control Scene Switch for Home Intelligent F3,US $44.75,US $50.96,,,,,https://www.aliexpress.us/item/3256808471819113.html
"Gateway Smart Home Tuya WiFi Touch 7 Polegadas - Zigbee, Alexa e Música para Hotéis",OK,3256805438932543,MOES New Multi-mode Smart Gateway ZigBee Bluetooth Mesh Hub Work with Tuya Smart App Voice Control via Alexa Google Home,US $11.24,US $39.66,,,,,https://www.aliexpress.us/item/3256805438932543.html
"Gateway Smart Home Tuya WiFi Touch 7 Polegadas - Zigbee, Alexa e Música para Hotéis",OK,3256812183362860,Zigbee Siren Alarm 110dB Vibration Sensor Optional TUYA Smart Life&2MQTT Smart Home Security Detector Required Zigbee Gateway,US $0.99,US $12.39,,,,,https://www.aliexpress.us/item/3256812183362860.html
"Gateway Smart Home Tuya WiFi Touch 7 Polegadas - Zigbee, Alexa e Música para Hotéis",OK,3256808139581428,2.4G 5G Tuya ZigBee Bluetooth Wireless Gateway Hub Multi-Mode Bridge Mesh Remote Controller Smart Life APP Alexa Google Home,US $18.77,US $37.89,,,,,https://www.aliexpress.us/item/3256808139581428.html
"Gateway Smart Home Tuya WiFi Touch 7 Polegadas - Zigbee, Alexa e Música para Hotéis",OK,3256806823775275,MOES Tuya ZigBee Wireless Gateway Hub Wired Multi-mode Bridge Bluetooth Remote Controller Mesh Smart Life APP Alexa Google Home,US $27.19,US $57.47,,,,,https://www.aliexpress.us/item/3256806823775275.html
"Gateway Smart Home Tuya WiFi Touch 7 Polegadas - Zigbee, Alexa e Música para Hotéis",OK,3256806721790557,MOES Tuya Wifi Smart 5-inch Touch Screen US Center Control Panel Voice Control Alexa And ZigBee Gateway Built-in Scene Control,US $176.59,US $407.99,,,,,https://www.aliexpress.us/item/3256806721790557.html
"Gateway Smart Home Tuya WiFi Touch 7 Polegadas - Zigbee, Alexa e Música para Hotéis",OK,3256808359865504,Newest  3.5 Inch Smart Wall Switch Touch Screen 4 Groups Switch 8-Way Scene Radar Sensor Dimming Switch Curtain Tuya Zigbee A,US $45.81,US $88.29,,,,,https://www.aliexpress.us/item/3256808359865504.html
"Gateway Smart Home Tuya WiFi Touch 7 Polegadas - Zigbee, Alexa e Música para Hotéis",OK,3256809848172879,Home 2 Zone Audio Inwall Amplifier 7 Inch Android 11 Alexa Voice Tuya Smart Home Control Panel 8x30W Channel WiFi Wall Amplifier,US $316.83,US $386.50,,,,,https://www.aliexpress.us/item/3256809848172879.html
"Gateway Smart Home Tuya WiFi Touch 7 Polegadas - Zigbee, Alexa e Música para Hotéis",OK,3256805182591314,Staniot 7 inch Home Alarm System Wireless WiFi 4G Tuya Smart Security Protection Kit Built-in 115dB Louder Siren 5000mAh Battery,US $88.43,US $96.38,,,,,https://www.aliexpress.us/item/3256805182591314.html
"Gateway Smart Home Tuya WiFi Touch 7 Polegadas - Zigbee, Alexa e Música para Hotéis",OK,3256805927050653,X5 Project Tuya Zigbee Gateway With Enhanced Strong Signal Wired Multi-Founction Zigbee 3.0 Bluetooth Hub For Villa Smart Home,US $76.68,US $86.03,,,,,https://www.aliexpress.us/item/3256805927050653.html
"Gateway Smart Home Tuya WiFi Touch 7 Polegadas - Zigbee, Alexa e Música para Hotéis",OK,3256812225737847,1080P Tuya Smart Doorbell Camera Home Video Intercom 5G Wifi 2 Wires 7/10 Inch Wireless Video Doorphone System 5-in-1 NFC Unlock,US $124.33,US $146.29,,,,,https://www.aliexpress.us/item/3256812225737847.html
"Gateway Smart Home Tuya WiFi Touch 7 Polegadas - Zigbee, Alexa e Música para Hotéis",OK,3256812286256581,Tuya Multi‑Mode Matter Gateway Zigbee Bluetooth 2.4G/5G WiFi Smart Hub Wireless Control Station Smart Life Remote Monitoring,US $57.29,US $146.12,,,,,https://www.aliexpress.us/item/3256812286256581.html
"Gateway Smart Home Tuya WiFi Touch 7 Polegadas - Zigbee, Alexa e Música para Hotéis",OK,3256807484150648,Tuya Smart Home Control Panel 10inch multilingual Touch Screen Built-in Bluetooth Zigbee gateway Multifunction Scene switch WIFI,US $612.68,US $928.31,,,,,https://www.aliexpress.us/item/3256807484150648.html
"Gateway Smart Home Tuya WiFi Touch 7 Polegadas - Zigbee, Alexa e Música para Hotéis",OK,3256810536056296,Tuya ZigBee BLE Smart Home Gateway/Hub Wireless Smart Home Appliances Remote Controller Bridge Support Alexa Google Home Salute,US $24.38,US $32.83,,,,,https://www.aliexpress.us/item/3256810536056296.html
"Gateway Smart Home Tuya WiFi Touch 7 Polegadas - Zigbee, Alexa e Música para Hotéis",OK,3256811369465797,Tuya Smart Wired Zigbee 3.0 Gateway Hub WIFI Bluetooth Wireless Protocol IoT Fits Alexa Google Home Smart Life App Control Host,US $52.15,US $56.79,,,,,https://www.aliexpress.us/item/3256811369465797.html
"Gateway Smart Home Tuya WiFi Touch 7 Polegadas - Zigbee, Alexa e Música para Hotéis",OK,3256808663870829,IN STOCK Tuya 10.1 Inches Smart Home Control Panel Touch Screen Bluetooth Zigbee Gateway Built-In Building Intercom Compatible,US $323.20,US $461.86,,,,,https://www.aliexpress.us/item/3256808663870829.html
"Gateway Smart Home Tuya WiFi Touch 7 Polegadas - Zigbee, Alexa e Música para Hotéis",OK,3256812469413429,Tuya Zigbee Matter Wired Gateway Smart Hub Voice Control Smart Life Products Offline Scenario Execution Intelligent Home System,US $27.74,US $69.49,,,,,https://www.aliexpress.us/item/3256812469413429.html
"Gateway Smart Home Tuya WiFi Touch 7 Polegadas - Zigbee, Alexa e Música para Hotéis",OK,3256812195991399,Tuya Zigbee Matter Wired Gateway Smart Hub Voice Control Smart Life Products Offline Scenario Execution Intelligent Home System,US $17.76,US $55.03,,,,,https://www.aliexpress.us/item/3256812195991399.html
"Gateway Smart Home Tuya WiFi Touch 7 Polegadas - Zigbee, Alexa e Música para Hotéis",OK,3256809176086705,"Tuya WiFi Video Intercom with 7'' HD Display, Dual-Mode Night Vision & Waterproof Design, Video Door Bell for Villa/Gate",US $206.26,US $206.36,,,,,https://www.aliexpress.us/item/3256809176086705.html
"Gateway Smart Home Tuya WiFi Touch 7 Polegadas - Zigbee, Alexa e Música para Hotéis",OK,3256809885128615,MOES Tuya WiFi Smart Thermostat Center Control Panel Water Gas Boiler Heating Temperature Controller ZigBee Gateway Touch Screen,US $268.77,US $419.96,,,,,https://www.aliexpress.us/item/3256809885128615.html
"Gateway Smart Home Tuya WiFi Touch 7 Polegadas - Zigbee, Alexa e Música para Hotéis",OK,3256811506398796,Zigbee 24G Mmwave Radar Presence Sensor Human Detector Motion/Static Detection For Tuya Z2M Smart Home Security Automation Alarm,US $1.33,US $10.16,,,,,https://www.aliexpress.us/item/3256811506398796.html
"Gateway Smart Home Tuya WiFi Touch 7 Polegadas - Zigbee, Alexa e Música para Hotéis",OK,3256812017732246,Tuya Dual Band Wireless Multi-mode Gateway 2.4GHz / 5GHz Wi-Fi Zigbee SigMesh Single-point Beacon Mesh Bluetooth 5.0 Connect Hub,US $24.84,US $38.97,,,,,https://www.aliexpress.us/item/3256812017732246.html
"Gateway Smart Home Tuya WiFi Touch 7 Polegadas - Zigbee, Alexa e Música para Hotéis",OK,3256807618544981,Tuya WiFi IR Remote Control Smart Remote Universal Infrared Controller For Air Conditioner Work With Alexa Google Home,US $2.37,US $9.37,,,,,https://www.aliexpress.us/item/3256807618544981.html
"Gateway Smart Home Tuya WiFi Touch 7 Polegadas - Zigbee, Alexa e Música para Hotéis",OK,3256812118046450,Zigbee 16A 1CH/2CH Smart Switch Breaker Mini Smart Home Relay Automation Module works with Tuya Hub Smart Life Alexa Google Home,US $2.33,US $12.74,,,,,https://www.aliexpress.us/item/3256812118046450.html
Máquina de Café Espresso Portátil Mini 2 em 1 USB em Alumínio - Carro e Hotel,OK,3256811636548811,Portable Espresso Machine for TravelTravel Coffee Maker 20-Bar Extraction Compatible with Ground Coffee & NS Capsule,US $29.63,US $73.27,,,,,https://www.aliexpress.us/item/3256811636548811.html
Máquina de Café Espresso Portátil Mini 2 em 1 USB em Alumínio - Carro e Hotel,OK,3256809776685303,Portable Mini Coffee Machine USB Rechargeable Wireless Espresso Maker for Capsules Compact Travel Design,US $41.03,US $104.42,,,,,https://www.aliexpress.us/item/3256809776685303.html
Máquina de Café Espresso Portátil Mini 2 em 1 USB em Alumínio - Carro e Hotel,OK,3256808595935465,STARSEEKER Super58 Portable Electric Espresso Machine Travel Coffee Maker For Camping Car Coffee Maker With USB-C Bracket Tamper,US $189.72,US $385.72,,,,,https://www.aliexpress.us/item/3256808595935465.html
Máquina de Café Espresso Portátil Mini 2 em 1 USB em Alumínio - Carro e Hotel,OK,3256807131189574,Wireless Electric Portable Espresso Coffee Machine for Car & Home Camping Coffee Maker 3-in-1 Capsule Powder Travel Coffee Maker,US $29.96,US $112.01,,,,,https://www.aliexpress.us/item/3256807131189574.html
Máquina de Café Espresso Portátil Mini 2 em 1 USB em Alumínio - Carro e Hotel,OK,3256808062643247,STARSEEKER Super58 Portable Electric Espresso Machine Travel Coffee Maker For Camping Car Coffee Maker With USB-C Bracket Tamper,US $186.88,US $385.72,,,,,https://www.aliexpress.us/item/3256808062643247.html
Máquina de Café Espresso Portátil Mini 2 em 1 USB em Alumínio - Carro e Hotel,OK,3256812595123996,Mijia Portable Coffee Machine USB Rechargeable Mini Maker Dual Use Capsule & Ground Coffee Travel Camping Office Home,US $148.69,US $338.46,,,,,https://www.aliexpress.us/item/3256812595123996.html
Máquina de Café Espresso Portátil Mini 2 em 1 USB em Alumínio - Carro e Hotel,OK,3256805623401270,MG731D2 Coffee Maker Electric Coffee Machine USB Portable Espresso Machine Nespresso Grinder Milling Coffee Bean Cup for Camping,US $100.34,US $173.18,,,,,https://www.aliexpress.us/item/3256805623401270.html
Máquina de Café Espresso Portátil Mini 2 em 1 USB em Alumínio - Carro e Hotel,OK,3256809026243081,DENOKIN Portable Espresso Coffee Machine With Digital Display 3-in-1 Capsule Coffee Maker for Car & Home Camping Coffee Maker,US $42.04,US $106.61,,,,,https://www.aliexpress.us/item/3256809026243081.html
Máquina de Café Espresso Portátil Mini 2 em 1 USB em Alumínio - Carro e Hotel,OK,3256812481472546,Portable Wireless Espresso Machine USB Rechargeable 2-in-1 Coffee Powder & Nespresso Capsule Compatible,US $42.52,US $105.36,,,,,https://www.aliexpress.us/item/3256812481472546.html
Máquina de Café Espresso Portátil Mini 2 em 1 USB em Alumínio - Carro e Hotel,OK,3256805774252070,Capsulone Pneumatic USB Electric Coffee Machine Stainless Steel Portable Extraction Manual Espresso Maker Home Outdoor,US $37.49,US $81.72,,,,,https://www.aliexpress.us/item/3256805774252070.html
Máquina de Café Espresso Portátil Mini 2 em 1 USB em Alumínio - Carro e Hotel,OK,3256808356672008,Portable Coffee Maker Small Espresso Machine Travel USB Coffee Maker for Home Outdoors Camping Backpacker Lightweight,US $56.53,US $113.27,,,,,https://www.aliexpress.us/item/3256808356672008.html
Máquina de Café Espresso Portátil Mini 2 em 1 USB em Alumínio - Carro e Hotel,OK,3256812563566052,Wireless Electric Portable Espresso Coffee Machine for Home Camping Cafetera 3-in-1Capsule Powder Travel Coffee Maker Cafeteira,US $40.02,US $93.07,,,,,https://www.aliexpress.us/item/3256812563566052.html
Máquina de Café Espresso Portátil Mini 2 em 1 USB em Alumínio - Carro e Hotel,OK,3256811754040163,Portable Italian Espresso Maker USB Mini For Ground Beans And Capsules For Home Travel Office Ideal Gift For Beverage Lovers,US $53.12,US $80.49,,,,,https://www.aliexpress.us/item/3256811754040163.html
Máquina de Café Espresso Portátil Mini 2 em 1 USB em Alumínio - Carro e Hotel,OK,3256812325656462,"Mini Portable Espresso Coffee Machine, USB Powered, Electric, Hot & Cold Extraction, Dual Use for Coffee Powder & Capsules",US $74.14,US $176.40,,,,,https://www.aliexpress.us/item/3256812325656462.html
Máquina de Café Espresso Portátil Mini 2 em 1 USB em Alumínio - Carro e Hotel,OK,3256811457841979,Portable Coffee Maker Mini Espresso Machine Convenient Rechargeable for Office Hiking Car Travel RV Espresso Coffee Makers,US $29.38,US $48.16,,,,,https://www.aliexpress.us/item/3256811457841979.html
Máquina de Café Espresso Portátil Mini 2 em 1 USB em Alumínio - Carro e Hotel,OK,3256812387510431,STARSEEKER S58/S58Pro Portable Espresso Coffee Maker Wireless Heating Coffee Machine Bottomless Handle Bottomless Extraction,US $168.78,US $354.59,,,,,https://www.aliexpress.us/item/3256812387510431.html
Máquina de Café Espresso Portátil Mini 2 em 1 USB em Alumínio - Carro e Hotel,OK,3256805691727321,Portable Electric Coffee Grinder Maker USB Stainless Steel Coffee Dripper for Camping Travel Outdoor Pour Over Espresso Machine,US $65.98,US $153.68,,,,,https://www.aliexpress.us/item/3256805691727321.html
Máquina de Café Espresso Portátil Mini 2 em 1 USB em Alumínio - Carro e Hotel,OK,3256811496777073,"NEW MUVNA Espresso Creed Portable Espresso Maker,58mm 20Bar Cold&Hot Wireless Coffee Machine for Camping/Home,USB Fast Heating",US $447.19,US $951.69,,,,,https://www.aliexpress.us/item/3256811496777073.html
Máquina de Café Espresso Portátil Mini 2 em 1 USB em Alumínio - Carro e Hotel,OK,3256812571040211,Professional Espresso Machine with 58mm Size Filter Basket 20 Bar Pressure USB Fully Automatic Heating Portable Coffee Maker,US $75.25,,,,,,https://www.aliexpress.us/item/3256812571040211.html
Máquina de Café Espresso Portátil Mini 2 em 1 USB em Alumínio - Carro e Hotel,OK,3256808114435615,Foldable Coffee Drip Holder Aluminum Alloy Support Stand For Wireless Electric Portable Espresso Coffee Machine Accessories,US $10.33,US $39.69,,,,,https://www.aliexpress.us/item/3256808114435615.html
Máquina de Café Espresso Portátil Mini 2 em 1 USB em Alumínio - Carro e Hotel,OK,3256812216226800,2 IN 1 Portable Wireless Coffee Maker 170ML Electric Coffee Machine for Coffee Powder & Capsule Detachable for Car Home Camping,US $80.52,US $175.25,,,,,https://www.aliexpress.us/item/3256812216226800.html
Máquina de Café Espresso Portátil Mini 2 em 1 USB em Alumínio - Carro e Hotel,OK,3256811645082615,Mini Lightweight Portable Electric Capsule & Ground Dual-Use Compact USB Rechargeable Coffee Maker Home/Office/Outdoor/Travel,US $62.64,US $101.19,,,,,https://www.aliexpress.us/item/3256811645082615.html
Máquina de Café Espresso Portátil Mini 2 em 1 USB em Alumínio - Carro e Hotel,OK,3256812381090398,STARSEEKER S51 Portable Coffee Maker Travel Electric Capsule Espresso Machine With USB-C Wireless Heating Bottomless Extraction,US $146.01,US $292.22,,,,,https://www.aliexpress.us/item/3256812381090398.html
Máquina de Café Espresso Portátil Mini 2 em 1 USB em Alumínio - Carro e Hotel,OK,3256809479537455,"HiBREW Multiple Capsule Coffee Machine, Hot/Cold Dolce Gusto Milk Nespresso Capsule ESE Pod Ground Coffee Cafeteria 20Bar 5 in 1",US $73.49,US $186.96,,,,,https://www.aliexpress.us/item/3256809479537455.html
Máquina de Café Espresso Portátil Mini 2 em 1 USB em Alumínio - Carro e Hotel,OK,3256812602365400,Portable Capsule Coffee Machine Electric Mini Espresso Maker Battery Pump USB Rechargeable Compact Travel Office Home Outdoor,US $64.26,US $80.33,,,,,https://www.aliexpress.us/item/3256812602365400.html
Máquina de Café Espresso Portátil Mini 2 em 1 USB em Alumínio - Carro e Hotel,OK,3256812012791028,New LED Display Portable Semi-Automatic Espresso Machine 20Bar 80ML Touch Screen Self Heating USB Electric Coffee Maker Car Use,US $46.08,US $65.83,,,,,https://www.aliexpress.us/item/3256812012791028.html
Máquina de Café Espresso Portátil Mini 2 em 1 USB em Alumínio - Carro e Hotel,OK,3256812024359472,"Portable Hand Press Coffee Machine, Electric Espresso Coffee Cup, Outdoor Powder & Capsule Compatible Travel Coffee Maker",US $57.37,US $81.95,,,,,https://www.aliexpress.us/item/3256812024359472.html
Máquina de Café Espresso Portátil Mini 2 em 1 USB em Alumínio - Carro e Hotel,OK,3256812407945784,JustEvo Portable Espresso Machine 3-In-1 Travel Coffee Maker Compatible With Small Large Capsules And Ground Coffee Compact Electric Brewer For Car RV Camping Office Outdoor Your Mobile Coffee Shop,US $26.54,US $80.34,,,,,https://www.aliexpress.us/item/3256812407945784.html
Máquina de Café Espresso Portátil Mini 2 em 1 USB em Alumínio - Carro e Hotel,OK,3256812167384709,Super58 Portable Electric Espresso Machine Travel Coffee Maker for Camping Car Home Office USB C Charging Tamper,US $248.53,US $436.01,,,,,https://www.aliexpress.us/item/3256812167384709.html
Máquina de Café Espresso Portátil Mini 2 em 1 USB em Alumínio - Carro e Hotel,OK,3256811555823665,Mini Portable Battery/USB/Electric Powered Fully Automatic Espresso Coffee Machine 20Bar Pump Pressure Travel Bag for Camping,US $92.31,US $102.57,,,,,https://www.aliexpress.us/item/3256811555823665.html
Máquina de Café Espresso Portátil Mini 2 em 1 USB em Alumínio - Carro e Hotel,OK,3256810242967773,ZeroHero Heropresso Pro Portable Espresso Coffee Machine 20Bar USB Power Source Plastic for Car Home Hotel Outdoor RV Use,US $245.38,,,,,,https://www.aliexpress.us/item/3256810242967773.html
Máquina de Café Espresso Portátil Mini 2 em 1 USB em Alumínio - Carro e Hotel,OK,3256807448655415,Wireless Electric Portable Espresso Coffee Machine for Car & Home Camping Coffee Maker 3-in-1 Capsule Powder Travel Coffee Maker,US $30.52,US $79.82,,,,,https://www.aliexpress.us/item/3256807448655415.html
Máquina de Café Espresso Portátil Mini 2 em 1 USB em Alumínio - Carro e Hotel,OK,3256811397950254,Mini Portable USB ABS Energy Efficient Class Espresso Coffee Machine Dolce Gusto Compatible for Outdoor Household Car Use,US $105.28,US $109.67,,,,,https://www.aliexpress.us/item/3256811397950254.html
Máquina de Café Espresso Portátil Mini 2 em 1 USB em Alumínio - Carro e Hotel,OK,3256812607047332,Portable USB Electric Cafeteira Bean Grinder 40 Gears Cafetera Rechargeable Grinders Household Mini Coffee Cafetera Portátil,US $21.03,US $47.81,,,,,https://www.aliexpress.us/item/3256812607047332.html
Máquina de Café Espresso Portátil Mini 2 em 1 USB em Alumínio - Carro e Hotel,OK,3256812150889462,20Bar Portable Battery/USB Powered Travel Capsule Coffee Maker For Hotel & Car Use Espresso Coffee Machine,US $227.95,US $247.77,,,,,https://www.aliexpress.us/item/3256812150889462.html
Máquina de Café Espresso Portátil Mini 2 em 1 USB em Alumínio - Carro e Hotel,OK,3256811436995176,"IKAPE Kapo K2 Portable Coffee Machine Accessories, Foldable Stand, Carrying Bag, 2 Bean Tubes & Puck Air Blower",US $4.33,US $17.06,,,,,https://www.aliexpress.us/item/3256811436995176.html
Máquina de Café Espresso Portátil Mini 2 em 1 USB em Alumínio - Carro e Hotel,OK,3256810063677803,USB Rechargeable Portable Espresso Machine 20 Bar Pressure ABS Coffee Maker With Coffee Grinding Cup For Camping And Travel,US $35.51,US $55.49,,,,,https://www.aliexpress.us/item/3256810063677803.html
Máquina de Café Espresso Portátil Mini 2 em 1 USB em Alumínio - Carro e Hotel,OK,3256812150785978,Self Heating Portable Espresso Machine 20 Bar Rechargeable USB C Car Coffee Maker BPA Free Coffee Grounds Travel Camping,US $180.67,US $196.38,,,,,https://www.aliexpress.us/item/3256812150785978.html
Máquina de Café Espresso Portátil Mini 2 em 1 USB em Alumínio - Carro e Hotel,OK,3256811555745804,Mini French Stainless Steel Espresso/Cappuccino Maker Capsule Coffee Machine Travel-Friendly Compact Battery Quick Charging USB,US $45.20,US $50.22,,,,,https://www.aliexpress.us/item/3256811555745804.html
Máquina de Café Espresso Portátil Mini 2 em 1 USB em Alumínio - Carro e Hotel,OK,3256806943044086,"WACACO Minipresso GR2, No Electricity, Espresso Machine for Outdoor Compatible Ground Coffee, Portable Coffee Maker,",US $63.14,US $70.14,,,,,https://www.aliexpress.us/item/3256806943044086.html
Máquina de Café Espresso Portátil Mini 2 em 1 USB em Alumínio - Carro e Hotel,OK,3256811555354851,Modern Semi-Automatic Espresso Maker - USB-Powered High-Pressure Extraction Coffee Machine for Home/Travel/Hotel,US $238.16,US $264.62,,,,,https://www.aliexpress.us/item/3256811555354851.html
Máquina de Café Espresso Portátil Mini 2 em 1 USB em Alumínio - Carro e Hotel,OK,3256812642047261,Electric Espresso Machine with LED Display and 90ml Sink Electric Espresso Maker Type-C Charging for Car RV Hiking Office Home,US $38.93,US $77.87,,,,,https://www.aliexpress.us/item/3256812642047261.html
Máquina de Café Espresso Portátil Mini 2 em 1 USB em Alumínio - Carro e Hotel,OK,3256812544974173,Electric Espresso Machine with LED Display and 90ml Sink Mini Travel Coffee Maker Set Type-C Charging for Car Camping RV Hiking,US $40.53,US $109.55,,,,,https://www.aliexpress.us/item/3256812544974173.html
Máquina de Café Espresso Portátil Mini 2 em 1 USB em Alumínio - Carro e Hotel,OK,2251832702325256,"WACACO Picopresso Portable Espresso Maker, Specialty Coffee Machine, 18 Bar Pressure Travel Coffee,  Gift, New Year",US $150.63,US $157.63,,,,,https://www.aliexpress.us/item/2251832702325256.html
Máquina de Café Espresso Portátil Mini 2 em 1 USB em Alumínio - Carro e Hotel,OK,3256812629289104,Portable Mini USB Coffee Maker Espresso Outdoor Travel New Product,US $194.71,US $196.68,,,,,https://www.aliexpress.us/item/3256812629289104.html
Máquina de Café Espresso Portátil Mini 2 em 1 USB em Alumínio - Carro e Hotel,OK,3256812571843427,Portable   Coffee Machine With Usb Rechargeable Espresso Powder Coffee Maker Suitable for Travel Outdoor Office Camping,US $326.89,US $355.31,,,,,https://www.aliexpress.us/item/3256812571843427.html
Máquina de Café Espresso Portátil Mini 2 em 1 USB em Alumínio - Carro e Hotel,OK,3256812027067467,MG731D2 Coffee Maker Electric Coffee Machine USB Portable Espresso Machine Nespresso Grinder Milling Coffee Bean Cup for Camping,US $98.74,US $105.04,,,,,https://www.aliexpress.us/item/3256812027067467.html
Máquina de Café Espresso Portátil Mini 2 em 1 USB em Alumínio - Carro e Hotel,OK,2261799829469483,"HiBREW Portable Coffee Machine for Car & Home,DC12V  Expresso Coffee Maker Fit Nexpresso Dolce  Pod Capsule  Coffee Powder H4",US $93.27,US $172.90,,,,,https://www.aliexpress.us/item/2261799829469483.html
Máquina de Café Espresso Portátil Mini 2 em 1 USB em Alumínio - Carro e Hotel,OK,3256812154345768,Self-heating USB Electric Travel Espresso Machine Portable Compatible Coffee Powder Small Capsule Large Capsule,US $46.67,US $50.73,,,,,https://www.aliexpress.us/item/3256812154345768.html
Máquina de Café Espresso Portátil Mini 2 em 1 USB em Alumínio - Carro e Hotel,OK,3256810135129742,20 Bars Self Heating Capsule / Coffee Powder USB -C Electric Espresso Machine Car Travel Portable Coffee Maker for Camping,US $28.50,,,,,,https://www.aliexpress.us/item/3256810135129742.html
Difusor de Óleo Essencial Inteligente Bluetooth WiFi sem Água - Casa e Escritório,OK,3256806677441030,Scent Air Machine For Home Waterless Essential Oil Diffuser With Smart Cold Air Technology Bluetooth WiFi Aromatherapy Diffuser,US $68.36,US $160.33,,,,,https://www.aliexpress.us/item/3256806677441030.html
Difusor de Óleo Essencial Inteligente Bluetooth WiFi sem Água - Casa e Escritório,OK,3256810331467389,Smart Professional Aroma Diffuser WIFI Bluetooth Smell Distributor 200ml Electric Smell for Home Essential Oil Diffuser,US $93.02,US $169.30,,,,,https://www.aliexpress.us/item/3256810331467389.html
Difusor de Óleo Essencial Inteligente Bluetooth WiFi sem Água - Casa e Escritório,OK,3256810568955107,Waterless Essential Oil Diffuser  Wireless Rechargeable Bluetooth Control – Cold Air Aromatherapy Scent Machine for Large Rooms,US $110.13,US $266.19,,,,,https://www.aliexpress.us/item/3256810568955107.html
Difusor de Óleo Essencial Inteligente Bluetooth WiFi sem Água - Casa e Escritório,OK,3256808114035361,Namste WIFI Bluetooth Essential Oil Diffuser Timer Function Aromatic Fragrance Device for Home Hotel Waterless Aroma Diffuser,US $36.68,US $97.06,,,,,https://www.aliexpress.us/item/3256808114035361.html
Difusor de Óleo Essencial Inteligente Bluetooth WiFi sem Água - Casa e Escritório,OK,3256809198023549,Fragrance Diffuser Coverage 300m³ Plug In Wall Waterless Essential Oil Diffuser Home Fragrance Smart Bluetooth Scent Air Machine,US $28.07,US $74.61,,,,,https://www.aliexpress.us/item/3256809198023549.html
Difusor de Óleo Essencial Inteligente Bluetooth WiFi sem Água - Casa e Escritório,OK,3256810543765709,900m³ Professional Aroma Diffuser Bluetooth/wifi Smell Distributor Electric Smell for Home HVAC Waterless Essential Oil Diffuser,US $92.38,US $180.69,,,,,https://www.aliexpress.us/item/3256810543765709.html
Difusor de Óleo Essencial Inteligente Bluetooth WiFi sem Água - Casa e Escritório,OK,3256810422767503,Smart Waterless Aroma Diffuser WIFI Bluetooth Control Essential Oil Diffuser Timer Function Professional Scent Machine For Home,US $115.41,US $195.78,,,,,https://www.aliexpress.us/item/3256810422767503.html
Difusor de Óleo Essencial Inteligente Bluetooth WiFi sem Água - Casa e Escritório,OK,3256807341496390,180ML Mini Air Humidifier USB Electric Aroma Diffuser Essential Oil Purifier Aromatherapy Mist Maker Lights For Car Home Bedroom,,,,,,,https://www.aliexpress.us/item/3256807341496390.html
Difusor de Óleo Essencial Inteligente Bluetooth WiFi sem Água - Casa e Escritório,OK,3256812011312942,Smart Waterless Aroma Diffuser  Bluetooth App Control Fragrance Machine  Scent Oil Essential Diffuser Air Freshener Home Office,US $78.21,US $137.39,,,,,https://www.aliexpress.us/item/3256812011312942.html
Difusor de Óleo Essencial Inteligente Bluetooth WiFi sem Água - Casa e Escritório,OK,3256809104274311,Wifi/Bluetooth App Control Scent Air Machine 300cbm Coverage Standalone Waterless Fragrance Essential Oil Aroma Diffuser 100ml,US $107.65,US $195.91,,,,,https://www.aliexpress.us/item/3256809104274311.html
Difusor de Óleo Essencial Inteligente Bluetooth WiFi sem Água - Casa e Escritório,OK,3256806230236571,110V/220V Smart Aroma Diffuser Bluetooth WIFI Control Essential Oil Sprayer Intelligent Scent Home Diffuser Aromatherapy Machin,US $39.72,US $92.61,,,,,https://www.aliexpress.us/item/3256806230236571.html
Difusor de Óleo Essencial Inteligente Bluetooth WiFi sem Água - Casa e Escritório,OK,3256811799879527,Covers 500m³ Aroma Diffuser Smart Scent Air Machine For Hotel Waterless Essential Oil Diffuser Home Appliances Battery Diffuser,US $49.80,US $118.81,,,,,https://www.aliexpress.us/item/3256811799879527.html
Difusor de Óleo Essencial Inteligente Bluetooth WiFi sem Água - Casa e Escritório,OK,3256808372092188,Smart Essential Oil Aromatherapy Machine 500ML Bluetooth WIFI APP Control Fragrance Diffuser Hotel Commercial Bathroom Office,US $47.49,US $110.67,,,,,https://www.aliexpress.us/item/3256808372092188.html
Difusor de Óleo Essencial Inteligente Bluetooth WiFi sem Água - Casa e Escritório,OK,3256805616735345,Smart Essential Oil Aromatherapy Machine 500ML Bluetooth WIFI APP Control Fragrance Diffuser Hotel Commercial Bathroom Office,US $42.23,US $98.44,,,,,https://www.aliexpress.us/item/3256805616735345.html
Difusor de Óleo Essencial Inteligente Bluetooth WiFi sem Água - Casa e Escritório,OK,3256812352625681,Smart Waterless Scent Diffuser Machine WiFi Bluetooth App Control Aroma Essential Oil Diffuser for Home Hotel Office Large Room,US $129.88,US $228.04,,,,,https://www.aliexpress.us/item/3256812352625681.html
Difusor de Óleo Essencial Inteligente Bluetooth WiFi sem Água - Casa e Escritório,OK,3256806749735636,500ML Capacity Fragrance Diffuser Smart Scent Air Machine For Home Professional Waterless Essential Oil Diffuser Air Freshener,US $29.49,US $110.57,,,,,https://www.aliexpress.us/item/3256806749735636.html
Difusor de Óleo Essencial Inteligente Bluetooth WiFi sem Água - Casa e Escritório,OK,3256805388589973,Bluetooth Control Aroma Diffuser USB Wall Waterless Essential Oil Diffuser 100ml Large Capacity Electric Home Fragrance Diffuser,US $64.14,US $103.61,,,,,https://www.aliexpress.us/item/3256805388589973.html
Difusor de Óleo Essencial Inteligente Bluetooth WiFi sem Água - Casa e Escritório,OK,3256812461968862,NAMSTE Radar Induction Scent Diffuser Machine Smart Waterless Essential Oil Diffuser WIFI Bluetooth Control Fragrance Machine,US $58.19,US $129.54,,,,,https://www.aliexpress.us/item/3256812461968862.html
Difusor de Óleo Essencial Inteligente Bluetooth WiFi sem Água - Casa e Escritório,OK,3256811756267685,500ML Waterless Fragrance Scent Machine Oil Aroma Diffuser with Bluetooth/wifi App Control for Home Office Hotel 12V,US $55.98,US $116.84,,,,,https://www.aliexpress.us/item/3256811756267685.html
Difusor de Óleo Essencial Inteligente Bluetooth WiFi sem Água - Casa e Escritório,OK,3256808465754734,1000m³ Electric Smell Scent Diffuser Machine Wall Mounted Fragrance Diffuser Bluetooth Essential Oils Diffuser for Home Hotel,US $47.86,US $121.91,,,,,https://www.aliexpress.us/item/3256808465754734.html
Difusor de Óleo Essencial Inteligente Bluetooth WiFi sem Água - Casa e Escritório,OK,3256808027282191,Bluetooth Professional Aroma Diffuser Machine 350ML Waterless Essential Oil Diffuser Electric Smell for Home Room Fragrance,US $49.27,US $88.16,,,,,https://www.aliexpress.us/item/3256808027282191.html
Difusor de Óleo Essencial Inteligente Bluetooth WiFi sem Água - Casa e Escritório,OK,3256812224332141,Electric Essential Oil Diffuser Wall Mountable  Bluetooth APP Control Fragrance Diffuser Automatic Air Freshener for Home,US $22.76,US $41.56,,,,,https://www.aliexpress.us/item/3256812224332141.html
Difusor de Óleo Essencial Inteligente Bluetooth WiFi sem Água - Casa e Escritório,OK,3256811479546353,Office Essential Oil Diffuser Home Waterless Scent Diffuser Bluetooth APP Machine Remote Control Large Diffuser for Company Home,US $83.59,US $154.97,,,,,https://www.aliexpress.us/item/3256811479546353.html
Difusor de Óleo Essencial Inteligente Bluetooth WiFi sem Água - Casa e Escritório,OK,3256808844750322,HOMEFISHMini Air Humidifier Usb Aroma Diffuser Essential Oil Purifier Cool Mist Sprayer  Home BedroomLED Desktop humidificador,,,,,,,https://www.aliexpress.us/item/3256808844750322.html
Difusor de Óleo Essencial Inteligente Bluetooth WiFi sem Água - Casa e Escritório,OK,3256812344252197,Smart Aroma Diffuser Essential Oil Electric Machine 100ml Waterless Bluetooth Control Scent Smell Device for Hotel Home Bathroom,US $40.74,US $83.14,,,,,https://www.aliexpress.us/item/3256812344252197.html
Difusor de Óleo Essencial Inteligente Bluetooth WiFi sem Água - Casa e Escritório,OK,3256808465716348,Electric Aroma Diffuser Bluetooth Home Fragrance Perfume Smell Distributor 1000m³ Air Freshener 500ML Water Free Essential Oil,US $69.68,US $142.41,,,,,https://www.aliexpress.us/item/3256808465716348.html
Difusor de Óleo Essencial Inteligente Bluetooth WiFi sem Água - Casa e Escritório,OK,3256811784051249,Professional Wall Mount Waterless 350ml Essential Oil Diffuser Air Commercial Hotel Scent Aroma  Diffuser for Bluetooth Control,US $51.82,US $87.99,,,,,https://www.aliexpress.us/item/3256811784051249.html
Difusor de Óleo Essencial Inteligente Bluetooth WiFi sem Água - Casa e Escritório,OK,3256812627493127,"Essential Oil Diffuser with Smart Timer, 12W Quiet Aroma Machine for Home Office Hotel, Cold Air Diffusion Technology, 180ml Capacity for 200-300m³ Coverage, White",US $6.85,US $53.26,,,,,https://www.aliexpress.us/item/3256812627493127.html
Difusor de Óleo Essencial Inteligente Bluetooth WiFi sem Água - Casa e Escritório,OK,3256806655444017,Hotel Collection Diffuser Bluetooth App Control Smart Scent Air Machine For Home 400ML Waterless Essential Oil Aroma Diffuser,US $43.03,US $94.39,,,,,https://www.aliexpress.us/item/3256806655444017.html
Difusor de Óleo Essencial Inteligente Bluetooth WiFi sem Água - Casa e Escritório,OK,3256808321097800,Rechargeable Aroma Diffuser Bluetooth Waterless Essential Oil Diffuser Home Freshener Device Double Head Aromatherapy Diffuser,US $54.81,US $122.03,,,,,https://www.aliexpress.us/item/3256808321097800.html
Difusor de Óleo Essencial Inteligente Bluetooth WiFi sem Água - Casa e Escritório,OK,3256807670688139,Scent Machine Aroma Diffuser For Hotel Home Waterless Essential Oil Diffuser For Home Fragrance Bluetooth APP Control,US $28.35,US $75.22,,,,,https://www.aliexpress.us/item/3256807670688139.html
Difusor de Óleo Essencial Inteligente Bluetooth WiFi sem Água - Casa e Escritório,OK,3256812014112542,NAMSTE 100m³ Smart Automatic Air Freshener Plug in Diffuser Hotel Scent Diffuser for Home and Toilet 150ml Fragrance Diffuser,US $39.48,US $96.54,,,,,https://www.aliexpress.us/item/3256812014112542.html
Difusor de Óleo Essencial Inteligente Bluetooth WiFi sem Água - Casa e Escritório,OK,3256811798077803,Smart Bluetooth Wall Plug in Waterless Essential Oil Aroma Diffuser Air Freshener Bluetooth Aromatherapy Nebulizer Diffuser,US $41.43,US $72.86,,,,,https://www.aliexpress.us/item/3256811798077803.html
Difusor de Óleo Essencial Inteligente Bluetooth WiFi sem Água - Casa e Escritório,OK,3256804579621936,Essential Oil Aroma Diffuser Smart Bluetooth & WiFi Timing Automatic Fragrance Diffuser 300ML Home Hotel Fragrance Machine,US $54.73,US $111.89,,,,,https://www.aliexpress.us/item/3256804579621936.html
Difusor de Óleo Essencial Inteligente Bluetooth WiFi sem Água - Casa e Escritório,OK,3256805667799744,Namste 250m³ Smart Essential Oil Diffuser With Bluetooth WIFI Control 130ML Capacity Humidifier For Home Air Freshener Device,US $42.35,US $98.71,,,,,https://www.aliexpress.us/item/3256805667799744.html
Difusor de Óleo Essencial Inteligente Bluetooth WiFi sem Água - Casa e Escritório,OK,3256811793835290,TEABLUM Smart Essential Oil Diffuser Office Aromatherapy Machine Battery Aromatherapy Machine Home Electric Aromatherapy Machine,US $76.58,US $201.80,,,,,https://www.aliexpress.us/item/3256811793835290.html
Difusor de Óleo Essencial Inteligente Bluetooth WiFi sem Água - Casa e Escritório,OK,3256806499821338,Waterless Essential Oil Diffuser Wall Plug Aroma Oil Diffuser Cool Mist Electric Scent Machine Smart Bluetooth Control For Home,US $28.13,US $67.56,,,,,https://www.aliexpress.us/item/3256806499821338.html
Difusor de Óleo Essencial Inteligente Bluetooth WiFi sem Água - Casa e Escritório,OK,3256811375313830,Smart Waterless Aroma Diffuser WIFI Bluetooth Control Essential Oil Diffuser Timer Function Professional Scent Machine For Home,US $88.39,US $205.80,,,,,https://www.aliexpress.us/item/3256811375313830.html
Difusor de Óleo Essencial Inteligente Bluetooth WiFi sem Água - Casa e Escritório,OK,3256809748375765,Fragrance Diffuser Coverage 300m³ Plug In Wall Waterless Essential Oil Diffuser Home Fragrance Smart Bluetooth Scent Air Machine,US $29.48,US $76.01,,,,,https://www.aliexpress.us/item/3256809748375765.html
Difusor de Óleo Essencial Inteligente Bluetooth WiFi sem Água - Casa e Escritório,OK,3256807109757099,Aroma Diffuser Coverage 200m³ Scent Machine Fragrance Diffuser Essential Oil Diffuser For Home Fragrance Bluetooth APP Control,US $19.08,US $43.46,,,,,https://www.aliexpress.us/item/3256807109757099.html
Difusor de Óleo Essencial Inteligente Bluetooth WiFi sem Água - Casa e Escritório,OK,3256806932309373,110V/220V Smart Aroma Diffuser Bluetooth WIFI Control Essential Oil Sprayer Intelligent Scent Home Diffuser Aromatherapy Machin,US $47.59,US $109.18,,,,,https://www.aliexpress.us/item/3256806932309373.html
Difusor de Óleo Essencial Inteligente Bluetooth WiFi sem Água - Casa e Escritório,OK,3256806717205744,Scent Air Machine For Home Waterless Essential Oil Diffuser With Smart Cold Air Technology Bluetooth WiFi Aromatherapy Diffuser,US $70.99,US $236.33,,,,,https://www.aliexpress.us/item/3256806717205744.html
Difusor de Óleo Essencial Inteligente Bluetooth WiFi sem Água - Casa e Escritório,OK,3256812260533153,NAMSTE 120ML Essential Oil Diffuser for Home Waterless Scent Diffuser Bluetooth APP Machine Remote Control 200m³ Large Diffuser,US $83.64,US $186.09,,,,,https://www.aliexpress.us/item/3256812260533153.html
Difusor de Óleo Essencial Inteligente Bluetooth WiFi sem Água - Casa e Escritório,OK,3256807256645340,NAMSTE Bluetooth Battery Aroma Diffuser Essential Oil Aromatic Fragrant Device Aromatic Scent Diffuser Air Freshener Cover 300m³,US $32.14,US $93.20,,,,,https://www.aliexpress.us/item/3256807256645340.html
Difusor de Óleo Essencial Inteligente Bluetooth WiFi sem Água - Casa e Escritório,OK,3256810309163932,Smart Professional Aroma Diffuser WIFI Bluetooth Essential Oils Diffuser Aluminum Room Scent Machine Electric Smell for Home,US $87.99,US $169.53,,,,,https://www.aliexpress.us/item/3256810309163932.html
Difusor de Óleo Essencial Inteligente Bluetooth WiFi sem Água - Casa e Escritório,OK,3256808811279850,Fragrance Diffuser Coverage 300m³ Plug In Wall Waterless Essential Oil Diffuser Home Fragrance Smart Bluetooth Scent Air Machine,US $34.13,US $57.05,,,,,https://www.aliexpress.us/item/3256808811279850.html
Difusor de Óleo Essencial Inteligente Bluetooth WiFi sem Água - Casa e Escritório,OK,3256810174934027,HVAC System Diffuser Smart 800ml Oil Fragrance Wifi App Pure Waterless Essential For Hotel Scent Air Machine A1000 4000CBM,US $196.24,US $451.65,,,,,https://www.aliexpress.us/item/3256810174934027.html
Difusor de Óleo Essencial Inteligente Bluetooth WiFi sem Água - Casa e Escritório,OK,3256806867079215,Smart Essential Oil Battery Diffuser Bluetooth App Control Coverage 500m³ Wall Mounted Aroma Diffuser Scent Machine Hotel Home,US $40.25,US $67.50,,,,,https://www.aliexpress.us/item/3256806867079215.html
Difusor de Óleo Essencial Inteligente Bluetooth WiFi sem Água - Casa e Escritório,OK,3256812216191021,Fragrance Diffuser Coverage 300m³ Plug In Wall Waterless Essential Oil Diffuser Home Fragrance Smart Bluetooth Scent Air Machine,US $41.29,US $98.55,,,,,https://www.aliexpress.us/item/3256812216191021.html
Difusor de Óleo Essencial Inteligente Bluetooth WiFi sem Água - Casa e Escritório,OK,3256811986510806,NAMSTE 4000m³ Fragrance Diffuser Smart Timing Scent Air Machine For Home Hotel Spa HVAC Aroma Diffuser Electric Air Freshener,US $148.97,US $396.89,,,,,https://www.aliexpress.us/item/3256811986510806.html
Painel de Controle Touch 7 Polegadas 2026 para Música Ambiente - Gateway Zigbee Tuya 8 Canais,OK,3256811632768750,2026 New 7 Inch Touch Screen Music Center Control Panel with 8 Ceiling Wired Speakers Built in Background Music Amplifier Tuya,US $407.09,US $437.41,,,,,https://www.aliexpress.us/item/3256811632768750.html
Painel de Controle Touch 7 Polegadas 2026 para Música Ambiente - Gateway Zigbee Tuya 8 Canais,OK,3256809848172879,Home 2 Zone Audio Inwall Amplifier 7 Inch Android 11 Alexa Voice Tuya Smart Home Control Panel 8x30W Channel WiFi Wall Amplifier,US $316.83,US $386.50,,,,,https://www.aliexpress.us/item/3256809848172879.html
Painel de Controle Touch 7 Polegadas 2026 para Música Ambiente - Gateway Zigbee Tuya 8 Canais,OK,3256811736954957,7 Inch Android 11 2 Zone Audio Inwall Amplifier Alexa Voice Tuya Home Smart Home Control Panel 8x30W Channel WiFi Wall Amplifie,US $289.84,US $517.75,,,,,https://www.aliexpress.us/item/3256811736954957.html
Painel de Controle Touch 7 Polegadas 2026 para Música Ambiente - Gateway Zigbee Tuya 8 Canais,OK,3256807013141614,Smart Home Theater Bluetooth WIFI Wall Amplifier 7inch Touch Screen Background Music Audio Stereo Panel Mount Amp Android system,US $245.95,US $505.89,,,,,https://www.aliexpress.us/item/3256807013141614.html
Painel de Controle Touch 7 Polegadas 2026 para Música Ambiente - Gateway Zigbee Tuya 8 Canais,OK,3256809139862985,Home 7 inch touch screen 2zone audio volume wall power amplifier WIFI Bluetooths sound control panel Android music player system,US $135.79,US $153.84,,,,,https://www.aliexpress.us/item/3256809139862985.html
Painel de Controle Touch 7 Polegadas 2026 para Música Ambiente - Gateway Zigbee Tuya 8 Canais,OK,3256808670116245,2025 New Type 7 Inch Smart Home Background Music Player Stereo Sound WIFI Touch Screen Bluetooth Audio Android Wall Amplifier,US $139.61,US $146.16,,,,,https://www.aliexpress.us/item/3256808670116245.html
Painel de Controle Touch 7 Polegadas 2026 para Música Ambiente - Gateway Zigbee Tuya 8 Canais,OK,3256809856964874,Home 4 Zone Audio Inwall Amplifier 7 Inch Android 11 Alexa Voice Tuya Smart Home Control Panel 8x30W Channel WiFi Wall Amplifier,US $326.85,US $618.25,,,,,https://www.aliexpress.us/item/3256809856964874.html
Painel de Controle Touch 7 Polegadas 2026 para Música Ambiente - Gateway Zigbee Tuya 8 Canais,OK,3256809380903182,ANJIELO 1080P Tuya 7&10 Inch Touch 2-Wire Doorbell Video Intercom System for Home Metal Doorbell Supports IP Camera Tuya Smart,US $184.87,US $184.97,,,,,https://www.aliexpress.us/item/3256809380903182.html
Painel de Controle Touch 7 Polegadas 2026 para Música Ambiente - Gateway Zigbee Tuya 8 Canais,OK,3256807936896399,New 5in1 Fingerprint Unlock Tuya Smart 1080P 7inch LCD Wifi Video Intercom System Video Door Phone Camera with Motion Detector,US $165.06,US $178.58,,,,,https://www.aliexpress.us/item/3256807936896399.html
Painel de Controle Touch 7 Polegadas 2026 para Música Ambiente - Gateway Zigbee Tuya 8 Canais,OK,3256808933043029,"Universal 7"" Single 1Din Touch Screen Stereo Bluetooth Car Radio For iOS/Android Carplay GPS With Handle Remote Control Camera",US $29.17,US $98.88,,,,,https://www.aliexpress.us/item/3256808933043029.html
Painel de Controle Touch 7 Polegadas 2026 para Música Ambiente - Gateway Zigbee Tuya 8 Canais,OK,3256812602731730,"BQCC 7"" 2Din Multifunctional Car MP5 Player For Jeep Wrangler Dodge Chrysler Wireless CarPlay BT RDS FM AM 7 Color Ambient Light",US $83.21,US $180.41,,,,,https://www.aliexpress.us/item/3256812602731730.html
Painel de Controle Touch 7 Polegadas 2026 para Música Ambiente - Gateway Zigbee Tuya 8 Canais,OK,3256807160790220,FUERS T3E T1E Smart Control Panel Switch Smart Home Automation System Tuya Switch Scene Panel Intelligent Touch Screen Zigbee,US $55.70,US $65.54,,,,,https://www.aliexpress.us/item/3256807160790220.html
Painel de Controle Touch 7 Polegadas 2026 para Música Ambiente - Gateway Zigbee Tuya 8 Canais,OK,3256811903492292,HIPPCRON 7 Inch Car Multimedia Player HD Display for CarPlay Android Auto Car Radio Portable Touch Screen Wireless With Camera,US $29.12,US $76.85,,,,,https://www.aliexpress.us/item/3256811903492292.html
Painel de Controle Touch 7 Polegadas 2026 para Música Ambiente - Gateway Zigbee Tuya 8 Canais,OK,3256806541539301,PRITOM Tablet for Kids 7 Inch Android 13 32 GB WiFi Bluetooth Dual Camera Educational Software Installed with Proof Case,US $44.23,US $108.99,,,,,https://www.aliexpress.us/item/3256806541539301.html
Painel de Controle Touch 7 Polegadas 2026 para Música Ambiente - Gateway Zigbee Tuya 8 Canais,OK,3256806274590553,7 Inch HD Digital Photo Frame 800x480 LED Smart Electronic Photo Album LCD Photo Frame MP3 MP4 Music Player with Remote Control,US $38.22,US $137.03,,,,,https://www.aliexpress.us/item/3256806274590553.html
Painel de Controle Touch 7 Polegadas 2026 para Música Ambiente - Gateway Zigbee Tuya 8 Canais,OK,3256810534403411,7/10 Inch Bluetooth Wireless English Keyboard UP TO 10M Wireless Range Rechargeable For IOS Android Windows Mobile Phones Tablet,US $0.99,US $6.77,,,,,https://www.aliexpress.us/item/3256810534403411.html
Painel de Controle Touch 7 Polegadas 2026 para Música Ambiente - Gateway Zigbee Tuya 8 Canais,OK,3256810283281197,Tuya zigbee Smart Touch Light Wall Switch 8Gang Power Monitor Glass Panel Timer Remote Control Work with Alexa Google Home Alice,US $34.15,US $41.15,,,,,https://www.aliexpress.us/item/3256810283281197.html
Painel de Controle Touch 7 Polegadas 2026 para Música Ambiente - Gateway Zigbee Tuya 8 Canais,OK,3256810534327697,2026 7/10 Inch English Bluetooth Wireless Mini Keyboard For iPad Mac PC Tablet For IOS Android Cell Phone Laptop And 2.4G Mouse,US $0.99,US $6.78,,,,,https://www.aliexpress.us/item/3256810534327697.html
Painel de Controle Touch 7 Polegadas 2026 para Música Ambiente - Gateway Zigbee Tuya 8 Canais,OK,3256805350387392,"XIMA Pro 8Core 4G 5G 7"" Car Radio Multimedia 2 din Android 14 Auto Carplay GPS Autoradio For Volkswagen Nissan Hyundai Toyota",US $42.29,US $43.70,,,,,https://www.aliexpress.us/item/3256805350387392.html
Painel de Controle Touch 7 Polegadas 2026 para Música Ambiente - Gateway Zigbee Tuya 8 Canais,OK,3256807011506408,Smart Home Wall Mount Touch Panel 4-Zone Group Control 2.4G RF RGBCCT Wall Switch Remote for GLEDOPTO Zigbee Pro Series Product,US $24.82,US $36.64,,,,,https://www.aliexpress.us/item/3256807011506408.html
Painel de Controle Touch 7 Polegadas 2026 para Música Ambiente - Gateway Zigbee Tuya 8 Canais,OK,3256807752525100,Vehicle Wireless 18 Keys Card Infrared Remote control for car monitor 7 inch remote control with MP5 function display,,,,,,,https://www.aliexpress.us/item/3256807752525100.html
Painel de Controle Touch 7 Polegadas 2026 para Música Ambiente - Gateway Zigbee Tuya 8 Canais,OK,3256812166038874,2din Android Auto Multimedia Car Radio Wireless CarPlay GPS Navigation for Toyota Hyundai Nissan Kia FIAT VW 7 9 10 inch IPS,US $45.68,US $112.10,,,,,https://www.aliexpress.us/item/3256812166038874.html
Painel de Controle Touch 7 Polegadas 2026 para Música Ambiente - Gateway Zigbee Tuya 8 Canais,OK,3256807754413827,Portable Monitor 7 Inch 1024x600 IPS LCD HDMI-compatible VGA AV Input DC Type C Power Screen for PC Laptop Camera TV Box DVD,US $40.68,US $74.14,,,,,https://www.aliexpress.us/item/3256807754413827.html
Painel de Controle Touch 7 Polegadas 2026 para Música Ambiente - Gateway Zigbee Tuya 8 Canais,OK,2251832669153063,"Podofo Autoradio 2 Din Car Radio 7"" HD Touch Screen Audio Stereo 7018B/7023B Video MP5 Multimedia Player For Nissan Toyota Kia",US $36.03,US $65.70,,,,,https://www.aliexpress.us/item/2251832669153063.html
Painel de Controle Touch 7 Polegadas 2026 para Música Ambiente - Gateway Zigbee Tuya 8 Canais,OK,3256809903961414,"7-Inch Wireless Motorcycle Carplay GPS Navigation System with Apple Carplay and Android Auto, Portable Moto Car Play Screen, Nav",US $54.64,US $134.00,,,,,https://www.aliexpress.us/item/3256809903961414.html
Painel de Controle Touch 7 Polegadas 2026 para Música Ambiente - Gateway Zigbee Tuya 8 Canais,OK,2251832759315170,7inch Ultra-Slim Wireless Bluetooth Keyboard With Built-in Multi-touch Touchpad And Rechargeable Battery For Android And Windows,US $16.23,US $22.23,,,,,https://www.aliexpress.us/item/2251832759315170.html
Painel de Controle Touch 7 Polegadas 2026 para Música Ambiente - Gateway Zigbee Tuya 8 Canais,OK,3256807944804348,7th Generation Tuya Smart Life Roller Shutter Touch Panel Switch Percentage Remote Control Timer Work Google Assistant Alexa,US $13.65,US $40.10,,,,,https://www.aliexpress.us/item/3256807944804348.html
Painel de Controle Touch 7 Polegadas 2026 para Música Ambiente - Gateway Zigbee Tuya 8 Canais,OK,3256812287337936,"For Fiat 500C 2007-2015 7inch Android Horizontal Screen with Multimedia Player, GPS Navigation, Wireless CarPlay",US $106.76,US $410.99,,,,,https://www.aliexpress.us/item/3256812287337936.html
Painel de Controle Touch 7 Polegadas 2026 para Música Ambiente - Gateway Zigbee Tuya 8 Canais,OK,3256808109657204,SANSUI F55 Bluetooth Speaker 7-inch HD Video Player USB/TF Card Multi functional FM Radio Outdoor Large Screen MP4 Speaker,US $83.69,US $90.69,,,,,https://www.aliexpress.us/item/3256808109657204.html
Painel de Controle Touch 7 Polegadas 2026 para Música Ambiente - Gateway Zigbee Tuya 8 Canais,OK,3256805638484820,7/10inch Bluetooth Keyboard Wireless Keyboard Bluetooth Mini English Russian Keyboard Rechargeable For ipad Phone Tablet,US $1.36,US $7.36,,,,,https://www.aliexpress.us/item/3256805638484820.html
Painel de Controle Touch 7 Polegadas 2026 para Música Ambiente - Gateway Zigbee Tuya 8 Canais,OK,3256807742054616,IPS 7 Inch Portable WIFI Wireless Carplay Android Auto Car Radio Multmedia Video Player Reversing Camera for Apple Or Android,US $38.64,US $103.74,,,,,https://www.aliexpress.us/item/3256807742054616.html
Painel de Controle Touch 7 Polegadas 2026 para Música Ambiente - Gateway Zigbee Tuya 8 Canais,OK,3256810086632098,"7"" / 9"" Portable Wireless Carplay Android Auto Car Radio Multimedia Player IPS Touch Screen AUX USB Bluetooth Mirror Link AHD",US $29.01,US $80.02,,,,,https://www.aliexpress.us/item/3256810086632098.html
Painel de Controle Touch 7 Polegadas 2026 para Música Ambiente - Gateway Zigbee Tuya 8 Canais,OK,3256812081156383,XIMA 7'' 10.26'' Portable Universal Wireless CarPlay Android Auto MirrorLink C Player autoradio Headunit Bluetooth AHD Camera,US $50.02,US $58.73,,,,,https://www.aliexpress.us/item/3256812081156383.html
Painel de Controle Touch 7 Polegadas 2026 para Música Ambiente - Gateway Zigbee Tuya 8 Canais,OK,3256807799439615,"CAIXI 7"" Portable Wireless Carplay Android Auto Car Radio MP5 Video Player MIrrorlink Vehicle Stereo FM Car Reversing Image",US $30.75,US $39.48,,,,,https://www.aliexpress.us/item/3256807799439615.html
Painel de Controle Touch 7 Polegadas 2026 para Música Ambiente - Gateway Zigbee Tuya 8 Canais,OK,3256811848251075,SANSUI F55 Bluetooth Speaker 7-inch HD Video Player USB/TF Card Multi Functional FM Radio Outdoor Large Screen MP4 Speaker,US $87.58,US $90.81,,,,,https://www.aliexpress.us/item/3256811848251075.html
Painel de Controle Touch 7 Polegadas 2026 para Música Ambiente - Gateway Zigbee Tuya 8 Canais,OK,3256806548188776,Sansui F51 7-Inch High Definition Screen Wireless Speakers Multi-purpose BT Retro FM Radio MP4 Card Video Player E-book Reading,US $53.64,US $60.64,,,,,https://www.aliexpress.us/item/3256806548188776.html
Painel de Controle Touch 7 Polegadas 2026 para Música Ambiente - Gateway Zigbee Tuya 8 Canais,OK,3256809568116819,7/10.1 inch WiFi Calendar Photo Frame Dementia Clock Time Date Weather Forecast Smart Desktop Clock,US $64.74,US $106.29,,,,,https://www.aliexpress.us/item/3256809568116819.html
Painel de Controle Touch 7 Polegadas 2026 para Música Ambiente - Gateway Zigbee Tuya 8 Canais,OK,3256806789713736,2 din 7 9 10 inch Car play Android Radio Multimedia CarPlay Android Auto 2 din stereo receiver Player 2DIN GPS 4 8 Core 4G 64G,US $72.06,US $79.06,,,,,https://www.aliexpress.us/item/3256806789713736.html
Painel de Controle Touch 7 Polegadas 2026 para Música Ambiente - Gateway Zigbee Tuya 8 Canais,OK,3256810554564042,7 Inch Carplay For Hyundai IX35 Tucson 2 LM 2009 - 2015 Stereo Head Unit Android Car Radio Player GPS Touch Screen 8 Core Wifi,US $106.74,US $232.25,,,,,https://www.aliexpress.us/item/3256810554564042.html
Painel de Controle Touch 7 Polegadas 2026 para Música Ambiente - Gateway Zigbee Tuya 8 Canais,OK,3256808438622450,7-Inch DVD Player VCD Portable  Player Bluetooth USB Drive Players Discdream Dvd Player With High Definition Screen 플레이어,US $57.37,US $57.47,,,,,https://www.aliexpress.us/item/3256808438622450.html
Painel de Controle Touch 7 Polegadas 2026 para Música Ambiente - Gateway Zigbee Tuya 8 Canais,OK,3256808749514769,BQCC 7'' Car Player for Opel Astra H J Vectra Vauxhall Antara Zafira Corsa C D Vivaro Meriva Veda C-Max Carplay WiFi Car Radio,US $105.53,US $225.07,,,,,https://www.aliexpress.us/item/3256808749514769.html
Painel de Controle Touch 7 Polegadas 2026 para Música Ambiente - Gateway Zigbee Tuya 8 Canais,OK,3256807312410622,7 Inch Portable Monitor 1024x600 IPS LCD HDMI-compatible VGA AV Input DC Type C Power  Screen for PC Laptop Camera TV Box DVD,US $36.20,US $43.20,,,,,https://www.aliexpress.us/item/3256807312410622.html
Painel de Controle Touch 7 Polegadas 2026 para Música Ambiente - Gateway Zigbee Tuya 8 Canais,OK,3256811684635129,"SofaBaton X2 Universal Remote with Touchscreen, All in One Universal Remote Control with Powerful Hub, One-Touch Activities,",US $462.07,US $486.50,,,,,https://www.aliexpress.us/item/3256811684635129.html
Painel de Controle Touch 7 Polegadas 2026 para Música Ambiente - Gateway Zigbee Tuya 8 Canais,OK,3256810531562166,"Icreative 7"" HD Car MP5 Player For Volkswagen FM BT Colorful lights RDS Radio USB Charging Wireless Android AUTO Apple Carplay",US $54.74,US $131.36,,,,,https://www.aliexpress.us/item/3256810531562166.html
Painel de Controle Touch 7 Polegadas 2026 para Música Ambiente - Gateway Zigbee Tuya 8 Canais,OK,3256812048925259,"Multimedia Player Car Stereo Radio For VW Seat IBIZA III 2002-2008 7"" Wireless Apple Carplay Android 15 8+128GB Rever Image Came",US $139.30,US $253.45,,,,,https://www.aliexpress.us/item/3256812048925259.html
Painel de Controle Touch 7 Polegadas 2026 para Música Ambiente - Gateway Zigbee Tuya 8 Canais,OK,2255801100397150,"OEM Car Radio CarPlay 7"" For KIA CEED ED 2007 2008 2009 Autoradio Android Stereo GPS WIFI Bluetooth Audio FM MP3 MP4 Multimedia",US $112.52,US $132.50,,,,,https://www.aliexpress.us/item/2255801100397150.html
Painel de Controle Touch 7 Polegadas 2026 para Música Ambiente - Gateway Zigbee Tuya 8 Canais,OK,3256806718612704,7 Inch Portable Monitor 1024x600 IPS LCD HDMI-compatible VGA AV Input DC Type C Power  Screen for PC Laptop Camera TV Box DVD,US $33.45,US $42.15,,,,,https://www.aliexpress.us/item/3256806718612704.html
Painel de Controle Touch 7 Polegadas 2026 para Música Ambiente - Gateway Zigbee Tuya 8 Canais,OK,3256808896826140,"7""4+64GB Android Car Radio For VW Sharan 2004-2008 Wireless Carplay Android Auto FM BT WiFi RDS GPS",US $162.74,US $361.88,,,,,https://www.aliexpress.us/item/3256808896826140.html
Painel de Controle Touch 7 Polegadas 2026 para Música Ambiente - Gateway Zigbee Tuya 8 Canais,OK,3256811463959179,"GPS 12V-24V 7"" For Isuzu N Series (NNR/NPR/NPS/NQR) Truck Car Stereo Radio Head Unit Wireless Carplay Android 15 Reversing Image",US $139.21,US $316.61,,,,,https://www.aliexpress.us/item/3256811463959179.html
Painel de Controle Touch 7 Polegadas 2026 para Música Ambiente - Gateway Zigbee Tuya 8 Canais,OK,3256806963378274,2Din 7 Inch HD Screen Full Touch Carplay Android Auto Car Raido Multimedia MP5 Player Stereo USB Bluetooth With Reverse Camera,US $35.23,US $91.81,,,,,https://www.aliexpress.us/item/3256806963378274.html
"Analisador de Qualidade da Água para Piscina, Banheira e Aquário",OK,3256807017007009,2pcs TDS PH Meter Digital Water Tester 0.01ph High Accuracy PH Meter 0-9990ppm Temperature TEMP PPM Tester,,,,,,,https://www.aliexpress.us/item/3256807017007009.html
"Analisador de Qualidade da Água para Piscina, Banheira e Aquário",OK,3256807972215862,TDS Meter Digital Water Tester 0-9990ppm Drinking Water Quality Analyzer Monitor Filter Rapid Test Aquarium Hydroponics Pools,US $0.33,US $6.12,,,,,https://www.aliexpress.us/item/3256807972215862.html
"Analisador de Qualidade da Água para Piscina, Banheira e Aquário",OK,3256806983328097,PH Meter 0.01 High Precision for Water Quality Tester with 0-14 Measurement Range Suitable Aquarium Swimming Pool,US $1.33,US $9.43,,,,,https://www.aliexpress.us/item/3256806983328097.html
"Analisador de Qualidade da Água para Piscina, Banheira e Aquário",OK,3256809007097040,10 in 1 Water Quality Monitor PH/EC/TDS/ORP/H2/Fertile/Salinity/S.G/Resistivity/Temp Multifunction Tester for Aquariums Pools,US $21.65,US $57.31,,,,,https://www.aliexpress.us/item/3256809007097040.html
"Analisador de Qualidade da Água para Piscina, Banheira e Aquário",OK,3256812105659500,Solar Floating Swimming Pool Water Quality Tester For Tuya ZigBee Chlorin Meter 7 in 1 PH/ORP/EC/TDS/Salt/Temp/CL Tester For Spa,US $91.17,US $245.43,,,,,https://www.aliexpress.us/item/3256812105659500.html
"Analisador de Qualidade da Água para Piscina, Banheira e Aquário",OK,3256812035537316,1/3 Pcs Portable LCD Digital TDS Water Quality Tester Water Testing Pen Filter Meter Measuring Tools Accessory for Aquarium Pool,US $2.33,US $6.48,,,,,https://www.aliexpress.us/item/3256812035537316.html
"Analisador de Qualidade da Água para Piscina, Banheira e Aquário",OK,3256806984027960,Multifunction Water Quality Tester PH/ TDS/EC /Salinity Tester LCD Digital Water Purity Temperature Meter for Pools Aquariums,US $9.68,US $35.48,,,,,https://www.aliexpress.us/item/3256806984027960.html
"Analisador de Qualidade da Água para Piscina, Banheira e Aquário",OK,3256812564953594,YAGO 8 in 1 Water Quality Tester pH TDS EC Salinity ORP SG CL Temp Meter Digital Backlit Pool Aquarium Water Analyzer Detector,US $32.10,US $41.60,,,,,https://www.aliexpress.us/item/3256812564953594.html
"Analisador de Qualidade da Água para Piscina, Banheira e Aquário",OK,3256812330394287,Smart WiFi Floating Water Quality Tester Monitor 8-In-1 PH Chlorine EC TDS Salt S.G ORP TEMP Detector for Swimming Pool & Spa,US $153.89,US $335.18,,,,,https://www.aliexpress.us/item/3256812330394287.html
"Analisador de Qualidade da Água para Piscina, Banheira e Aquário",OK,3256810540764432,Bluetooth APP 6 in 1 PH Meter Water Quality Tester PH/EC/TDS/Salinity/S.G/Temp Smart High Accuracy Detector,US $18.97,US $51.94,,,,,https://www.aliexpress.us/item/3256810540764432.html
"Analisador de Qualidade da Água para Piscina, Banheira e Aquário",OK,3256809197871967,PH Meter Aquarium Pocket Pen 0.01 High Precision for Water Quality Tester with 0-14 Measurement Range for Aquarium Swimming Pool,US $0.99,US $10.75,,,,,https://www.aliexpress.us/item/3256809197871967.html
"Analisador de Qualidade da Água para Piscina, Banheira e Aquário",OK,3256812316191816,"DO Meter 0-40mg/L with Bluetooth & ATC, Dissolved Oxygen Analyzer for Fish Tank Pond Brewing & Aquaculture Water Care & Test",US $117.14,US $126.71,,,,,https://www.aliexpress.us/item/3256812316191816.html
"Analisador de Qualidade da Água para Piscina, Banheira e Aquário",OK,3256809973517572,0-1000NTU Turbidimeter Digital Turbidity Meter Tester Multiparameter Water Quality Detector for Aquarium Pool,US $118.10,US $135.81,,,,,https://www.aliexpress.us/item/3256809973517572.html
"Analisador de Qualidade da Água para Piscina, Banheira e Aquário",OK,3256809145637503,6 in1 Water Quality Detector PH EC TDS ORP CL Temperature Calibration Chlorine Water Tester APP Online Monitor for Swimming Pool,US $39.06,US $79.41,,,,,https://www.aliexpress.us/item/3256809145637503.html
"Analisador de Qualidade da Água para Piscina, Banheira e Aquário",OK,3256806116293144,Digital PH Meter 7 In 1 PH/ORP/EC/TEMP/SALT/S.G/TDS Water Quality Tester High Precision Water Purity Tester for Drinking Water,US $0.99,US $14.28,,,,,https://www.aliexpress.us/item/3256806116293144.html
"Analisador de Qualidade da Água para Piscina, Banheira e Aquário",OK,3256806437312090,Digital Chlorine Meter PH Tester 7 In 1 SALT/ ORP/ TDS/EC/TEMP Tester CL Water Quality Analyzer for Swimming Pool Hot Spring,US $25.65,US $33.91,,,,,https://www.aliexpress.us/item/3256806437312090.html
"Analisador de Qualidade da Água para Piscina, Banheira e Aquário",OK,3256808480173340,Chlorine Tester Pool Chlorine Tester PC‑102 CL2 Chlorine &amp Tester Swimming Pool Spa Water Quality Analyzer with Probe,US $32.99,US $85.09,,,,,https://www.aliexpress.us/item/3256808480173340.html
"Analisador de Qualidade da Água para Piscina, Banheira e Aquário",OK,3256808473921888,Digital TDS EC Temp Meter Water Quality Test Pen for Aquarium Tap Drinking Mineral Check,US $1.33,US $7.17,,,,,https://www.aliexpress.us/item/3256808473921888.html
"Analisador de Qualidade da Água para Piscina, Banheira e Aquário",OK,3256812007448000,8 In 1 WiFi Tuya Floating Water Quality Tester PH TDS ORP S.G Salinity EC Temp Chlorine Meter For Swimming Pool Aquaculture,US $122.53,US $287.85,,,,,https://www.aliexpress.us/item/3256812007448000.html
"Analisador de Qualidade da Água para Piscina, Banheira e Aquário",OK,3256809508084055,Chlorine Tester Chlorine PH Tester For Swimming Pool Spa PC‑102 Water Quality Analyzer With Probe Water Quality Analyzer,US $16.05,US $32.30,,,,,https://www.aliexpress.us/item/3256809508084055.html
"Analisador de Qualidade da Água para Piscina, Banheira e Aquário",OK,3256812050559400,Tuya Wifi Water Quality Tester WiFi Smart Online PH OPR Controller Water Tester Monitor Analyzer for Aquariums Pool Hydroponics,US $89.39,US $209.54,,,,,https://www.aliexpress.us/item/3256812050559400.html
"Analisador de Qualidade da Água para Piscina, Banheira e Aquário",OK,3256811979238233,Online Pool Water Monitor Tuya WiFi Floating Water Quality Tester Smart 8 in 1 PH Chlorine EC TDS Salt S.G ORP TEMP Detector,US $114.84,US $131.77,,,,,https://www.aliexpress.us/item/3256811979238233.html
"Analisador de Qualidade da Água para Piscina, Banheira e Aquário",OK,3256811718641768,PH-98103 Digital PH Meter ATC Water Quality Detector Portable Acidity Tester 0-14 PH Value Analyzer for Agriculture Aquarium,US $18.24,US $26.67,,,,,https://www.aliexpress.us/item/3256811718641768.html
"Analisador de Qualidade da Água para Piscina, Banheira e Aquário",OK,3256804864576954,Yieryi WiFi Tuya Smart PH ORP TDS EC SALT S. G TEMP CF Monitor Meter Online Aquarium Water Quality Tester Data Logger Controller,US $85.36,US $92.36,,,,,https://www.aliexpress.us/item/3256804864576954.html
"Analisador de Qualidade da Água para Piscina, Banheira e Aquário",OK,3256805823970576,PH Meter 0.01 High Precision for Water Quality Tester with 0-14 Measurement Range Suitable Aquarium Swimming Pool,,,,,,,https://www.aliexpress.us/item/3256805823970576.html
"Analisador de Qualidade da Água para Piscina, Banheira e Aquário",OK,3256812424305180,"A5 Water Quality Tester Portable 4-in-1 TDS EC & Temperature Meter 0-9999ppm Accurate for Drinking Water, Hydroponics, Aquarium",US $0.99,US $10.48,,,,,https://www.aliexpress.us/item/3256812424305180.html
"Analisador de Qualidade da Água para Piscina, Banheira e Aquário",OK,3256811719279475,High Precision PH Meter Pen 0-14 PH Analyzer LCD Digital Acidity Tester  Water Quality Tester for Aquarium Swimming Pool,US $18.15,US $26.60,,,,,https://www.aliexpress.us/item/3256811719279475.html
"Analisador de Qualidade da Água para Piscina, Banheira e Aquário",OK,3256811871603975,Digital PH/TDS/EC Meter Tester Thermometer Pen Water Purity PPM Range 0-9999 Filter Hydroponic for Aquarium Pool Water Monitor,US $3.77,US $8.41,,,,,https://www.aliexpress.us/item/3256811871603975.html
"Analisador de Qualidade da Água para Piscina, Banheira e Aquário",OK,3256809675086969,4-in-1 Digital Water Quality Tester TDS Meter EC Meter & Temperature Meter for Drinking Water/Aquariums/Hydroponics/Pools,,,,,,,https://www.aliexpress.us/item/3256809675086969.html
"Analisador de Qualidade da Água para Piscina, Banheira e Aquário",OK,3256808342819759,WiFi Tuya Smart PH ORP TDS EC Salt S.G Temp CF Monitor Meter Online Aquarium Controller Digital Water Quality Tester Data Logger,US $62.58,US $125.36,,,,,https://www.aliexpress.us/item/3256808342819759.html
"Analisador de Qualidade da Água para Piscina, Banheira e Aquário",OK,3256807279825035,Professional 2 in 1 PH Chlorine Meter Cl2 Tester PH Water Quality Testing Device Chlorine Measuring For Swimming Pool Aquarium,US $3.02,US $10.57,,,,,https://www.aliexpress.us/item/3256807279825035.html
"Analisador de Qualidade da Água para Piscina, Banheira e Aquário",OK,3256804497013139,Smart WIFI Online Meter PH ORP Temp Aquarium Water Quality Tester Monitor Controller for Swimming Pool Spa Soilless Cultivation,US $148.01,US $172.23,,,,,https://www.aliexpress.us/item/3256804497013139.html
"Analisador de Qualidade da Água para Piscina, Banheira e Aquário",OK,3256806611736221,Professional PH Litmus Paper Ph Tester Strips Ph Meter Controller Water Cosmetics Soil Acidity Aquarium Swimming Pool Test Strip,US $0.99,US $1.61,,,,,https://www.aliexpress.us/item/3256806611736221.html
"Analisador de Qualidade da Água para Piscina, Banheira e Aquário",OK,3256811628819195,PH Meter & TDS Meter Digital Water Quality Tester 0-14 PH Meter Tester 0-9990PPM TDS&EC LCD Water Purity PPM Aquarium Filter,US $0.99,US $7.42,,,,,https://www.aliexpress.us/item/3256811628819195.html
"Analisador de Qualidade da Água para Piscina, Banheira e Aquário",OK,2251832500515580,0.1-14.00 Portable Digital PH Meter Tester TDS Meter for Aquarium Pool Water Quality Lab PH Monitor with ATC,US $0.99,US $6.01,,,,,https://www.aliexpress.us/item/2251832500515580.html
"Analisador de Qualidade da Água para Piscina, Banheira e Aquário",OK,3256811827045847,"Digital Dissolved Oxygen Meter 0-20mg/L DO Tester with Temp/Salinity/Altitude Compensation, 99 Data Storage for Aquaculture/Pool",US $132.34,US $151.54,,,,,https://www.aliexpress.us/item/3256811827045847.html
"Analisador de Qualidade da Água para Piscina, Banheira e Aquário",OK,3256812057586001,HABOTEST HT630A HT630B PH Tester Pen 0-14PH High Accuracy Portable Water Quality Monitor ATC for Aquarium Pool Drinking Water,US $21.83,US $30.20,,,,,https://www.aliexpress.us/item/3256812057586001.html
"Analisador de Qualidade da Água para Piscina, Banheira e Aquário",OK,3256812361439329,50ml PH Test Drop Water Quality Tester Agent high Accurate PH Levels Tester Aquarium Water Tester Pool Analysis Reagent,US $0.99,US $6.36,,,,,https://www.aliexpress.us/item/3256812361439329.html
"Analisador de Qualidade da Água para Piscina, Banheira e Aquário",OK,3256812150046882,3 in 1 Digital PH /TDS/ EC Meter Tester Thermometer Pen Water Purity PPM Filter Hydroponic for Aquarium Pool Water Monitor Tools,,,,,,,https://www.aliexpress.us/item/3256812150046882.html
"Analisador de Qualidade da Água para Piscina, Banheira e Aquário",OK,3256811871739875,TDS Meter 0-9990ppm Digital PH Meter 0.01 PH High Precision Pen Water Tester TDS&PH Meter 0-14 PH LCD PPM Tester Aquarium Filter,US $4.33,US $12.85,,,,,https://www.aliexpress.us/item/3256811871739875.html
"Analisador de Qualidade da Água para Piscina, Banheira e Aquário",OK,3256810587162532,Water Quality Tester LCD Digital PH Meter High Accuracy 0.01 Aquarium Pool Water Tester Automatic Calibration,US $0.99,US $8.39,,,,,https://www.aliexpress.us/item/3256810587162532.html
"Analisador de Qualidade da Água para Piscina, Banheira e Aquário",OK,3256812491511211,"Zigbee 7-in-1 Water Quality Tester TDS/EC/SG/Temp Salinity detection for Swimming Pools, Aquariums, Drinking Water Testing",US $18.05,US $52.19,,,,,https://www.aliexpress.us/item/3256812491511211.html
"Analisador de Qualidade da Água para Piscina, Banheira e Aquário",OK,3256807713711607,Digital PH Meter Automatic 0.01  with 3 Bags of Calibration Powder Outdoor Water Quality Test Monitor Aquarium Swimming Pool,,,,,,,https://www.aliexpress.us/item/3256807713711607.html
"Analisador de Qualidade da Água para Piscina, Banheira e Aquário",OK,3256801809422951,PH Meter & TDS Meter Digital Water Quality Tester 0-14 PH Meter Tester 0-9990PPM TDS&EC LCD Water Purity PPM Aquarium Filter,US $0.99,US $4.33,,,,,https://www.aliexpress.us/item/3256801809422951.html
"Analisador de Qualidade da Água para Piscina, Banheira e Aquário",OK,3256808506025945,PH measuring instrument 0.01high precision for water quality tester measuring range 0-14 suitable for aquarium and swimming pool,US $5.41,US $25.33,,,,,https://www.aliexpress.us/item/3256808506025945.html
"Analisador de Qualidade da Água para Piscina, Banheira e Aquário",OK,3256812550576344,Digital Embedded TDS Meter TDS Water Quality Detection Pen Intelligent Real-time Measurement of Drinking Water Aquarium,US $1.33,US $8.42,,,,,https://www.aliexpress.us/item/3256812550576344.html
"Analisador de Qualidade da Água para Piscina, Banheira e Aquário",OK,3256809506123523,Digital Water Quality Tester TDS EC Meter Range 0-9999 Multifunctional Water Purity Temperature Meter TEMP PPM Tester,US $0.99,US $7.10,,,,,https://www.aliexpress.us/item/3256809506123523.html
"Analisador de Qualidade da Água para Piscina, Banheira e Aquário",OK,3256808096220409,100 Pcs 9-IN-1 Aquarium Test Fish Tank Test Kit with Test Tube Water Quality Monitor pH Test Strips Strips Easy Fast Accurate,,,,,,,https://www.aliexpress.us/item/3256808096220409.html
"Analisador de Qualidade da Água para Piscina, Banheira e Aquário",OK,3256807390097721,Smart 5 in 1 Salinity EC TDS Temp pH Meter Bluetooth Water Quality PH Tester APP Control for Aquarium Swimming Pool Fish Tank,US $26.48,US $35.76,,,,,https://www.aliexpress.us/item/3256807390097721.html
"Analisador de Qualidade da Água para Piscina, Banheira e Aquário",OK,3256812278319343,3 in 1 Water PH TDS EC Temperature Meter PH Tester Digital LCD Water Testing Pen Purity Filter Water Quality Tester,,,,,,,https://www.aliexpress.us/item/3256812278319343.html
"Sistema de Música Ambiente Smart Home 10 Polegadas com 2 Zonas - Tuya, Zigbee e Google Play",OK,3256808864262058,10 Inch Tuya Smart Home Central Control Panel 2 Zone 4+32G  Zigbee Multi-function 8-way Speakers Music Background Wall amplifier,US $525.57,US $955.59,,,,,https://www.aliexpress.us/item/3256808864262058.html
"Sistema de Música Ambiente Smart Home 10 Polegadas com 2 Zonas - Tuya, Zigbee e Google Play",OK,3256808448572374,10' TUYA Smart Home Audio System ZIGBEE Gateway 2 Zone Audio In Wall Amplifier WIFI Bluetooth Music Player Sound Control Panel,US $421.48,,,,,,https://www.aliexpress.us/item/3256808448572374.html
"Sistema de Música Ambiente Smart Home 10 Polegadas com 2 Zonas - Tuya, Zigbee e Google Play",OK,3256805994939946,MOES Tuya Smart Home Control Panel Max 10.1inch Touch Screen with Bluetooth Zigbee Gateway Built-in Building Intercom Compatible,US $568.24,"US $1,204.37",,,,,https://www.aliexpress.us/item/3256805994939946.html
"Sistema de Música Ambiente Smart Home 10 Polegadas com 2 Zonas - Tuya, Zigbee e Google Play",OK,3256811802433386,EWelink Zigbee Smart Smoke Alarm Battery Powered Ideal for Hotels and Homes Remote Control Compatible with Alice and Google Home,US $16.04,US $26.75,,,,,https://www.aliexpress.us/item/3256811802433386.html
"Sistema de Música Ambiente Smart Home 10 Polegadas com 2 Zonas - Tuya, Zigbee e Google Play",OK,3256810218869791,2 Zone Playback TUYA Smart Home Amplifier 4Zone Control Panel 10'' Touch Screen Bluetooth WIFI Compatible with Building Intercom,US $685.49,"US $1,202.61",,,,,https://www.aliexpress.us/item/3256810218869791.html
"Sistema de Música Ambiente Smart Home 10 Polegadas com 2 Zonas - Tuya, Zigbee e Google Play",OK,3256810088445882,NEW Tuya Smart Home Amplifier Control Panel Max 10.1inch Touch Screen Bluetooth ZigBee Gateway Compatible with Building Intercom,US $486.91,"US $1,132.34",,,,,https://www.aliexpress.us/item/3256810088445882.html
"Sistema de Música Ambiente Smart Home 10 Polegadas com 2 Zonas - Tuya, Zigbee e Google Play",OK,3256807670937409,NexusClick Wireless Bluetooth Keyboard Compatible with iPad 10th Generation iPad Pro All Sizes PC Samsung Xiaomi Android Tablets,US $4.59,US $10.39,,,,,https://www.aliexpress.us/item/3256807670937409.html
"Sistema de Música Ambiente Smart Home 10 Polegadas com 2 Zonas - Tuya, Zigbee e Google Play",OK,3256806004168248,Zigbee 1 2 4 Gang Switch Relay Module Dc 12v 24v 220v Dry Contact 4CH Din Rail Controller Works with Tuya Alexa Gateway Required,US $0.99,US $9.33,,,,,https://www.aliexpress.us/item/3256806004168248.html
"Sistema de Música Ambiente Smart Home 10 Polegadas com 2 Zonas - Tuya, Zigbee e Google Play",OK,3256806621647843,New Wireless  Speaker Outdoor Portable Subwoofer Mini Speaker Home Cloth Card Speaker,US $0.33,US $8.00,,,,,https://www.aliexpress.us/item/3256806621647843.html
"Sistema de Música Ambiente Smart Home 10 Polegadas com 2 Zonas - Tuya, Zigbee e Google Play",OK,3256811827494183,Portable Subwoofer Bluetooth Speakers Outdoor Stereo Surround Waterproof Loudspeaker Wireless Sound Box Support FM Radio TF Card,US $5.33,US $18.96,,,,,https://www.aliexpress.us/item/3256811827494183.html
"Sistema de Música Ambiente Smart Home 10 Polegadas com 2 Zonas - Tuya, Zigbee e Google Play",OK,3256808168143849,2.4G 5G Multi-Mode Smart Gateway ZigBee WiFi Bluetooth Mesh Hub Control Automation Device Tuya Smart App Voice Alexa Google,US $16.67,US $60.29,,,,,https://www.aliexpress.us/item/3256808168143849.html
"Sistema de Música Ambiente Smart Home 10 Polegadas com 2 Zonas - Tuya, Zigbee e Google Play",OK,3256811622136453,GIRIER Tuya ZigBee 3.0 Smart Dry Contact Switch Module DC5V/12-48V AC100-240V Breaker Relay for Home Automation Works with Alexa,US $8.15,US $18.96,,,,,https://www.aliexpress.us/item/3256811622136453.html
"Sistema de Música Ambiente Smart Home 10 Polegadas com 2 Zonas - Tuya, Zigbee e Google Play",OK,3256809729952293,"Lenovo C02 Multimedia Speaker Bluetooth Speaker Wired/Bluetooth Dual-Mode Speaker Retro Speaker Universal for Tv, Computer, and Mobile Phone Subwoofer",US $27.59,US $63.01,,,,,https://www.aliexpress.us/item/3256809729952293.html
"Sistema de Música Ambiente Smart Home 10 Polegadas com 2 Zonas - Tuya, Zigbee e Google Play",OK,3256807302393977,10 Inches Smart Home Touch Screen Control Panel  s10 Audio Android Wifi Alexa Wall Amplifier With Tuya And Zigbee,US $337.86,,,,,,https://www.aliexpress.us/item/3256807302393977.html
"Sistema de Música Ambiente Smart Home 10 Polegadas com 2 Zonas - Tuya, Zigbee e Google Play",OK,3256810366281529,Smart Audio System WIFI Tuya Home Control Panel Built in ZIGBEE Gateway IR Bluetooth Wall Amplifier Ceiling Speaker Music Player,US $201.24,US $402.48,,,,,https://www.aliexpress.us/item/3256810366281529.html
"Sistema de Música Ambiente Smart Home 10 Polegadas com 2 Zonas - Tuya, Zigbee e Google Play",OK,3256812195991399,Tuya Zigbee Matter Wired Gateway Smart Hub Voice Control Smart Life Products Offline Scenario Execution Intelligent Home System,US $14.90,US $55.03,,,,,https://www.aliexpress.us/item/3256812195991399.html
"Sistema de Música Ambiente Smart Home 10 Polegadas com 2 Zonas - Tuya, Zigbee e Google Play",OK,3256809850642812,"10-inch tablet PC, Android 15 system, quad-core processor, 12 (3+9) GB + 64GB storage, expandable up to 1TB, supports WiFi 6,",US $73.11,US $165.94,,,,,https://www.aliexpress.us/item/3256809850642812.html
"Sistema de Música Ambiente Smart Home 10 Polegadas com 2 Zonas - Tuya, Zigbee e Google Play",OK,3256810383129610,Mini Bluetooth Speaker HIFI Speakers Soundbar Portable Bluetooth 5.0 Wireless Soundbar 500mAh Battery For Outdoor Indoor Sports,US $1.33,US $9.77,,,,,https://www.aliexpress.us/item/3256810383129610.html
"Sistema de Música Ambiente Smart Home 10 Polegadas com 2 Zonas - Tuya, Zigbee e Google Play",OK,3256812507416146,Tuya Smart ZigBee/WiFi Curtain Switch Module for Electric Roller Shutter Blind Motor 1CH Smart Life Works with Alexa Google Home,US $0.99,US $18.43,,,,,https://www.aliexpress.us/item/3256812507416146.html
"Sistema de Música Ambiente Smart Home 10 Polegadas com 2 Zonas - Tuya, Zigbee e Google Play",OK,3256811706433877,SONOFF ZBBridge-P Zigbee Gateway Bridge Pro Up to 128 sub-devices Local  Smart Home Security Support Alexa Google Smartthings,US $17.49,US $62.15,,,,,https://www.aliexpress.us/item/3256811706433877.html
"Sistema de Música Ambiente Smart Home 10 Polegadas com 2 Zonas - Tuya, Zigbee e Google Play",OK,3256812286256581,Tuya Multi‑Mode Matter Gateway Zigbee Bluetooth 2.4G/5G WiFi Smart Hub Wireless Control Station Smart Life Remote Monitoring,US $54.43,US $146.12,,,,,https://www.aliexpress.us/item/3256812286256581.html
"Sistema de Música Ambiente Smart Home 10 Polegadas com 2 Zonas - Tuya, Zigbee e Google Play",OK,3256808827938611,Home 2 Zone Audio In Wall Amplifier TUYA Smart Built-in ZIGBEE Gateway Music Controls Panel Android 11 System 8x30W Sound Player,US $725.93,"US $1,273.57",,,,,https://www.aliexpress.us/item/3256808827938611.html
"Sistema de Música Ambiente Smart Home 10 Polegadas com 2 Zonas - Tuya, Zigbee e Google Play",OK,3256811952352473,"TRIMUI SMART PRO S Open Source Linux Portable Gaming Console 4.96"" 1280x720 IPS Trimui Retro Video Game Console Gift 5000mAh",US $92.92,US $223.42,,,,,https://www.aliexpress.us/item/3256811952352473.html
"Sistema de Música Ambiente Smart Home 10 Polegadas com 2 Zonas - Tuya, Zigbee e Google Play",OK,3256812145233893,MOES Tuya Smart Home Control Panel Max 10.1inch Touch Screen with Bluetooth Zigbee Gateway Built-in Building Intercom Compatible,US $523.83,"US $1,069.05",,,,,https://www.aliexpress.us/item/3256812145233893.html
"Sistema de Música Ambiente Smart Home 10 Polegadas com 2 Zonas - Tuya, Zigbee e Google Play",OK,3256812376956934,"MOES Tuya Zigbee Matter Thread Gateway Hub,Smart Home Bridge Matter Hub,Voice Control For Siri Homekit Smartthings Google Alexa",US $54.94,US $144.01,,,,,https://www.aliexpress.us/item/3256812376956934.html
"Sistema de Música Ambiente Smart Home 10 Polegadas com 2 Zonas - Tuya, Zigbee e Google Play",OK,3256810301089561,5v Smart RGB Neon Light Strip USB App/Remote Control Music Sync Waterproof Flexible Neon Strip for Bedroom Game Party Decoration,US $0.99,US $15.09,,,,,https://www.aliexpress.us/item/3256810301089561.html
"Sistema de Música Ambiente Smart Home 10 Polegadas com 2 Zonas - Tuya, Zigbee e Google Play",OK,3256812606819150,Zigbee/Wifi FCU Thermostat 8 Scenes Switch Panel 2/4 Pipe Air Conditioner Temperature Controller Tuya Smart life Home Automation,US $66.85,US $131.08,,,,,https://www.aliexpress.us/item/3256812606819150.html
"Sistema de Música Ambiente Smart Home 10 Polegadas com 2 Zonas - Tuya, Zigbee e Google Play",OK,3256807947369432,ZIGBEE/WiFi Smart Switch 30A 6600W/4000W Relay Module AC DC7-32V 85-250V Timer Home Automation Alexa Works with Tuya Smartlife,US $0.99,US $5.88,,,,,https://www.aliexpress.us/item/3256807947369432.html
"Sistema de Música Ambiente Smart Home 10 Polegadas com 2 Zonas - Tuya, Zigbee e Google Play",OK,3256810408320180,9inch/10inch Universal Carplay Car Radio GPS Navigation Rotatable 360 Degree 2 DIN Android 13 2.5D IPS Screen Car Rotating Radio,US $132.14,US $307.30,,,,,https://www.aliexpress.us/item/3256810408320180.html
"Sistema de Música Ambiente Smart Home 10 Polegadas com 2 Zonas - Tuya, Zigbee e Google Play",OK,3256810205932959,2N·m Tuya Zigbee Wired Roller Blind Motor For 37 38mm Tube 10kg Load Smart Life App Support Alexa Google Home Yandex Alice Voice,US $58.19,US $151.22,,,,,https://www.aliexpress.us/item/3256810205932959.html
"Sistema de Música Ambiente Smart Home 10 Polegadas com 2 Zonas - Tuya, Zigbee e Google Play",OK,3256809150882897,HIFI 3D Stereo Speakers Colorful LED Heavy Light AUX USB Wired Wireless Bluetooth Audio Home Theater Surround Sound Bar TV,US $12.72,US $31.81,,,,,https://www.aliexpress.us/item/3256809150882897.html
"Sistema de Música Ambiente Smart Home 10 Polegadas com 2 Zonas - Tuya, Zigbee e Google Play",OK,3256811770027483,"Tuya DC12-48V WiFi Garage Door Opener Zigbee Gate Controller Switch Module Timer, Remote Control, Works with Alexa  Google",US $11.33,US $30.54,,,,,https://www.aliexpress.us/item/3256811770027483.html
"Sistema de Música Ambiente Smart Home 10 Polegadas com 2 Zonas - Tuya, Zigbee e Google Play",OK,3256810418071638,Tuya Zigbee Smart IR Remote Control Universal for TV DVD Air Conditioner Works with Google Assistant Alexa Smart Life,US $0.99,US $9.02,,,,,https://www.aliexpress.us/item/3256810418071638.html
"Sistema de Música Ambiente Smart Home 10 Polegadas com 2 Zonas - Tuya, Zigbee e Google Play",OK,3256805953165511,Smart Remote Control Replacement For Samsung HD 4K Smart TV BN59-01310A BN59-01312A for all Samsung Televisions Smart Tvs,,,,,,,https://www.aliexpress.us/item/3256805953165511.html
"Sistema de Música Ambiente Smart Home 10 Polegadas com 2 Zonas - Tuya, Zigbee e Google Play",OK,3256806670037365,Computer Speakers PC Sound Box HIFI Stereo Microphone USB Wired Caixa De Som with LED Light For Desktop Computer,US $5.59,US $14.45,,,,,https://www.aliexpress.us/item/3256806670037365.html
"Sistema de Música Ambiente Smart Home 10 Polegadas com 2 Zonas - Tuya, Zigbee e Google Play",OK,3256810204116248,Shelly Dimmer Gen4 Wifi Smart Dimming Zigbee Switch Module Matter Controller With Works With Without Neutral Alexa Google Home,US $64.42,US $88.24,,,,,https://www.aliexpress.us/item/3256810204116248.html
"Sistema de Música Ambiente Smart Home 10 Polegadas com 2 Zonas - Tuya, Zigbee e Google Play",OK,3256812054527794,Pop System of A Down Graphic Cotton T-shirt Unisex Summer Short Sleeve Fashion Brand Tee Luxury Casual Vintage Tees,US $0.99,US $21.09,,,,,https://www.aliexpress.us/item/3256812054527794.html
"Sistema de Música Ambiente Smart Home 10 Polegadas com 2 Zonas - Tuya, Zigbee e Google Play",OK,3256810532124928,"Touch Dimmer COB LED Strip Light, No Hole Install, Penetrate Wood/Glass Control, 12V Warm/Neutral White, for Acoustic Wall Panel",US $8.13,US $37.49,,,,,https://www.aliexpress.us/item/3256810532124928.html
"Sistema de Música Ambiente Smart Home 10 Polegadas com 2 Zonas - Tuya, Zigbee e Google Play",OK,3256809944225655,WS2812B LED Light Smart RGBIC LED Strip Light 1-30m DC5V Bluetooth App Control Magic Color Flexible Ribbon Lamp USB TV Backlight,US $7.92,US $17.22,,,,,https://www.aliexpress.us/item/3256809944225655.html
"Sistema de Música Ambiente Smart Home 10 Polegadas com 2 Zonas - Tuya, Zigbee e Google Play",OK,3256812304602142,Tuya Smart Home Control Panel Max 10.1-inch Touch Screen Bluetooth Zigbee Gateway Built-in Building Intercom Compatible,US $514.51,"US $1,071.89",,,,,https://www.aliexpress.us/item/3256812304602142.html
"Sistema de Música Ambiente Smart Home 10 Polegadas com 2 Zonas - Tuya, Zigbee e Google Play",OK,3256808665371103,Beok Tuya Zigbee Thermostat Controller Smart Home Hub Controller for Gas Boiler and Water Floor Zone Heating System Actuator,US $20.56,US $30.68,,,,,https://www.aliexpress.us/item/3256808665371103.html
"Sistema de Música Ambiente Smart Home 10 Polegadas com 2 Zonas - Tuya, Zigbee e Google Play",OK,3256806810039789,10 lnch Wireless  Bluetooth Mini Keyboard For iPad Phone Tablet Portable Bluetooth Keyboard and Mouse For Samsung Xiaomi Android,US $0.99,US $18.98,,,,,https://www.aliexpress.us/item/3256806810039789.html
"Sistema de Música Ambiente Smart Home 10 Polegadas com 2 Zonas - Tuya, Zigbee e Google Play",OK,3256804898008905,SERVO BM10 Mini Mobile Phone 2 SIM Card Bluetooth Earphone Voice Changer Dialer Low Radiation Sound Recording Small Cellphone,US $8.33,US $18.33,,,,,https://www.aliexpress.us/item/3256804898008905.html
"Sistema de Música Ambiente Smart Home 10 Polegadas com 2 Zonas - Tuya, Zigbee e Google Play",OK,3256806825091947,"Mumubiz Tuya Zigbee Switch With Temperature Humidity Sensor ,Smart 16A 3000W Thermostat TH16 Data Monitoring Alexa Compatible",US $22.41,US $32.88,,,,,https://www.aliexpress.us/item/3256806825091947.html
"Sistema de Música Ambiente Smart Home 10 Polegadas com 2 Zonas - Tuya, Zigbee e Google Play",OK,3256811781094669,USA/Europe Customizable Full Set Ripple Fold S-Wave Electric Track Single Rail Zigbee Smart Mini Curtain Motor for Smartlife Con,US $125.12,US $147.20,,,,,https://www.aliexpress.us/item/3256811781094669.html
"Sistema de Música Ambiente Smart Home 10 Polegadas com 2 Zonas - Tuya, Zigbee e Google Play",OK,3256812560725351,MOES Tuya WiFi Smart Desktop Center Control Panel Zigbee Bluetooth Mesh Hub IR Control HiFi Speaker Alexa Built-in Voice Control,US $359.19,US $513.13,,,,,https://www.aliexpress.us/item/3256812560725351.html
"Sistema de Música Ambiente Smart Home 10 Polegadas com 2 Zonas - Tuya, Zigbee e Google Play",OK,3256809114923816,Remote Control Large Size Ceiling Fan USB Wireless Cooling Fan 12000\8000mAh Portable LED Night Light Camping Fan Ceiling Fan,US $19.83,US $60.60,,,,,https://www.aliexpress.us/item/3256809114923816.html
"Sistema de Música Ambiente Smart Home 10 Polegadas com 2 Zonas - Tuya, Zigbee e Google Play",OK,3256809702034697,Zigbee / WIFI 2 Channel Switch Two Relay 12V 24V 220V Module Dry Contact NO NC COM Inching For Light Motor Works with Tuya Alexa,US $0.99,US $5.86,,,,,https://www.aliexpress.us/item/3256809702034697.html
"Sistema de Música Ambiente Smart Home 10 Polegadas com 2 Zonas - Tuya, Zigbee e Google Play",OK,3256810117869437,Wireless Bluetooth Speaker Small Steel Cannon Subwoofer Portable Mini Bluetooth Speaker Color Outdoors Speakers For PC Laptops,US $0.99,US $7.98,,,,,https://www.aliexpress.us/item/3256810117869437.html
"Sistema de Música Ambiente Smart Home 10 Polegadas com 2 Zonas - Tuya, Zigbee e Google Play",OK,3256808825431715,Wireless Bluetooth and PC Soundbar Wired Speaker USB Powered Soundbar for TV Pc Laptop Gaming Home Theater Surround Audio System,US $7.64,US $23.89,,,,,https://www.aliexpress.us/item/3256808825431715.html
"Rastreador GPS Portátil em Tempo Real para Bike, Pets e Crianças - Anti-Furto",OK,3256806491670188,Smart Bluetooth GPS Tracker Work with Apple Find My APP ITag Anti Lost Reminder Device MFI Rated Locator Car Key Pet Kids Finder,US $0.33,US $6.59,,,,,https://www.aliexpress.us/item/3256806491670188.html
"Rastreador GPS Portátil em Tempo Real para Bike, Pets e Crianças - Anti-Furto",OK,3256806984797807,Mini Gf-07 Gps Tracker Car Bike Bicycle Pets Children Real Time Tracking Positioner Strong Magnetic Anti-Lost Locator,US $4.35,US $9.25,,,,,https://www.aliexpress.us/item/3256806984797807.html
"Rastreador GPS Portátil em Tempo Real para Bike, Pets e Crianças - Anti-Furto",OK,3256809902768248,Bluetooth Mini Tracking Device For Apple Find My APP Smart Tag Kid Pet Car GPS Lost Tracker Anti Lost Alarm Reminder Positioner,US $10.86,US $23.11,,,,,https://www.aliexpress.us/item/3256809902768248.html
"Rastreador GPS Portátil em Tempo Real para Bike, Pets e Crianças - Anti-Furto",OK,3256811611649647,Remote Pet GPS Tracker Waterproof Real-Time Tracking Movement Alert Collar Anti-Lost Dog Cat Global Locator for Apple Find APP,US $0.99,US $8.70,,,,,https://www.aliexpress.us/item/3256811611649647.html
"Rastreador GPS Portátil em Tempo Real para Bike, Pets e Crianças - Anti-Furto",OK,3256811739853509,Smart Bluetooth GPS Tracker MFi Certified Anti Lost Locator for Apple Find My APP Keys Pet Kids Finder,US $0.99,US $3.03,,,,,https://www.aliexpress.us/item/3256811739853509.html
"Rastreador GPS Portátil em Tempo Real para Bike, Pets e Crianças - Anti-Furto",OK,3256805371012061,GF-22 Mini GPS Tracker Personal Kids Vehicle Car Real Time Smart Tracking Magnet Adsorption Locator Pet Car Motorcycle Anti-lost,US $0.99,US $6.89,,,,,https://www.aliexpress.us/item/3256805371012061.html
"Rastreador GPS Portátil em Tempo Real para Bike, Pets e Crianças - Anti-Furto",OK,3256810467008969,Mini GPS Tracker For Apple iOS System Find My APP AirTag Child Finder Pet Bike Bag Loss Tracker Smart Anti-lost Bluetooth Airtag,US $0.99,US $10.44,,,,,https://www.aliexpress.us/item/3256810467008969.html
"Rastreador GPS Portátil em Tempo Real para Bike, Pets e Crianças - Anti-Furto",OK,3256809824093739,4G Smart Dog Collar Holder GPS Tracker for pet Waterproof Cat Tracking Device Pet Locator with Find My for iOS Android,US $27.96,US $70.04,,,,,https://www.aliexpress.us/item/3256809824093739.html
"Rastreador GPS Portátil em Tempo Real para Bike, Pets e Crianças - Anti-Furto",OK,3256810455731309,GPS Tracker for Hiking Backpacking Outdoor Adventures Real Time Tracking SOS Emergency 4G Global Portable Waterproof Device Subs,US $0.99,US $24.31,,,,,https://www.aliexpress.us/item/3256810455731309.html
"Rastreador GPS Portátil em Tempo Real para Bike, Pets e Crianças - Anti-Furto",OK,3256806983376110,Pets Smart Mini GPS Tracker Anti-Lost Waterproof Bluetooth Tracer For Pet Dog Cat Keys Wallet Bag Kids Trackers Finder Equipment,US $1.89,US $4.03,,,,,https://www.aliexpress.us/item/3256806983376110.html
"Rastreador GPS Portátil em Tempo Real para Bike, Pets e Crianças - Anti-Furto",OK,3256812467135018,Mini Gf-07 Gps Tracker Car Bike Bicycle Pets Children Real Time Tracking Positioner Strong Magnetic Anti-Lost Locator,US $2.33,US $10.41,,,,,https://www.aliexpress.us/item/3256812467135018.html
"Rastreador GPS Portátil em Tempo Real para Bike, Pets e Crianças - Anti-Furto",OK,3256812168258943,GL-13 Pet GPS Tracker No Monthly Fee No Subscription No Hidden Fees 4G LTE CAT1 Real Time Location for Dogs Cats with App IP66,US $58.01,US $111.56,,,,,https://www.aliexpress.us/item/3256812168258943.html
"Rastreador GPS Portátil em Tempo Real para Bike, Pets e Crianças - Anti-Furto",OK,3256809680475623,Mini GF10 GPS Car Tracker Real Time Tracking Anti-Theft Anti-lost Key Pet Locator Strong Magnetic SIM Message Positioner Device,US $0.99,US $13.79,,,,,https://www.aliexpress.us/item/3256809680475623.html
"Rastreador GPS Portátil em Tempo Real para Bike, Pets e Crianças - Anti-Furto",OK,3256811495000166,1PC Portable Intelligent Anti-Lost GPS Tracker （for Apple） finder tracker Anti Lost Device Wallet Key Pet Positioning device,US $0.99,US $11.99,,,,,https://www.aliexpress.us/item/3256811495000166.html
"Rastreador GPS Portátil em Tempo Real para Bike, Pets e Crianças - Anti-Furto",OK,3256807189889426,Mini GF-07 GPS Tracker Car Bike Bicycle Pets Children Real Time Tracking Positioner Strong Magnetic Anti-lost Locator,US $0.99,US $11.19,,,,,https://www.aliexpress.us/item/3256807189889426.html
"Rastreador GPS Portátil em Tempo Real para Bike, Pets e Crianças - Anti-Furto",OK,3256812102999699,Remote Pet GPS Tracker Waterproof Real-Time Tracking Movement Alert Collar Anti-Lost Dog Cat Global Locator for Apple Find APP,US $5.93,US $34.32,,,,,https://www.aliexpress.us/item/3256812102999699.html
"Rastreador GPS Portátil em Tempo Real para Bike, Pets e Crianças - Anti-Furto",OK,3256812483566027,Waterproof Smart Tag for Apple Find My Track Keys Wallet Luggage Pet Collar Global Network Sound Lost Mode iOS Only,US $0.99,US $12.28,,,,,https://www.aliexpress.us/item/3256812483566027.html
"Rastreador GPS Portátil em Tempo Real para Bike, Pets e Crianças - Anti-Furto",OK,3256811636570824,4-PACK Far Away Positioning Locator Work with Google's Find Hub App Location Tracking Tag Pets Finder for Pixel Xiaomi Moto GMS,US $2.33,US $10.61,,,,,https://www.aliexpress.us/item/3256811636570824.html
"Rastreador GPS Portátil em Tempo Real para Bike, Pets e Crianças - Anti-Furto",OK,3256810563066429,Bluetooth Smart GPS Tracker Mini Anti Lost Device Tracking Smart Finder Locator For Key/Luggage/Pet/Kids/Bag/Wallet Smart Finder,US $0.99,US $6.23,,,,,https://www.aliexpress.us/item/3256810563066429.html
"Rastreador GPS Portátil em Tempo Real para Bike, Pets e Crianças - Anti-Furto",OK,3256808151335502,HOCO E91 Smart Airtag GPS Positioning Pet Anti-Lost Device with Case for iPhone Find My Keychain Kids Trackers Finder Locator,US $2.32,US $12.18,,,,,https://www.aliexpress.us/item/3256808151335502.html
"Rastreador GPS Portátil em Tempo Real para Bike, Pets e Crianças - Anti-Furto",OK,3256807320655917,GF11 GPS Tracker Magnetic Car Vehicle Tracking Device Anti-Theft Real-Time Locator Pet Kids Elder Wallet Positioning Tracker,US $0.99,US $16.81,,,,,https://www.aliexpress.us/item/3256807320655917.html
"Rastreador GPS Portátil em Tempo Real para Bike, Pets e Crianças - Anti-Furto",OK,3256811684096990,New Model GPS Tracker Portable Pet Tracker with 180-Day Standby Time Compatible with Android iOS GPS Locator for Bicycles Keys,US $0.99,US $11.56,,,,,https://www.aliexpress.us/item/3256811684096990.html
"Rastreador GPS Portátil em Tempo Real para Bike, Pets e Crianças - Anti-Furto",OK,3256809564141224,Airtag Trackers Sport Tracking Find My Works with iOS or Android Find Hub Keys Available Mini Finders,,,,,,,https://www.aliexpress.us/item/3256809564141224.html
"Rastreador GPS Portátil em Tempo Real para Bike, Pets e Crianças - Anti-Furto",OK,3256806665541849,Mini GPS Locator AntiLost Alarm Wallet Keychain Smart Tag Bluetooth-Compatible Tracer Keychain Dog Pet Child Tracker Key Finder,US $0.33,US $7.67,,,,,https://www.aliexpress.us/item/3256806665541849.html
"Rastreador GPS Portátil em Tempo Real para Bike, Pets e Crianças - Anti-Furto",OK,3256810214269809,Mini GPS Tracker For Apple iOS System Find My APP AirTag Child Finder Pet Bike Bag Loss Tracker Smart Anti-lost Bluetooth Airtag,US $0.99,US $11.32,,,,,https://www.aliexpress.us/item/3256810214269809.html
"Rastreador GPS Portátil em Tempo Real para Bike, Pets e Crianças - Anti-Furto",OK,3256810061781972,Mini Android GPS Tracker Tag Google Find Anti Loss Global Positioning Locator Compact Portable Long Battery Life For Pet Wallet,US $0.99,US $6.72,,,,,https://www.aliexpress.us/item/3256810061781972.html
"Rastreador GPS Portátil em Tempo Real para Bike, Pets e Crianças - Anti-Furto",OK,3256809401772941,IOS GPS Tracker Smart Tags Bluetooth Search Tracking Locator airtag Find My App Anti Lost Alarm Reminder Finder Car Key Pet Kids,US $0.99,US $7.44,,,,,https://www.aliexpress.us/item/3256809401772941.html
"Rastreador GPS Portátil em Tempo Real para Bike, Pets e Crianças - Anti-Furto",OK,3256807148300562,VOCOlinc Smart Bluetooth GPS Tracker Works with Find My APP Anti Lost Reminder Device for Kids Wallet Key Finder Locator Car Tag,US $20.51,US $31.52,,,,,https://www.aliexpress.us/item/3256807148300562.html
"Rastreador GPS Portátil em Tempo Real para Bike, Pets e Crianças - Anti-Furto",OK,3256812205924382,Momax Anti Lost Gps Tracker Portable Tag Locator Keychain Design Compatible For Iphone Device Tracking Bike Car Pet Elderly Kids,US $17.06,US $24.38,,,,,https://www.aliexpress.us/item/3256812205924382.html
"Rastreador GPS Portátil em Tempo Real para Bike, Pets e Crianças - Anti-Furto",OK,3256810177901606,GPS Tracker 5.0 Mini Smart Bluetooth Tracking Devicet Pets Children Vehicle Real Time Locator For IOS Android Anti-Lost Detector,US $0.99,US $6.74,,,,,https://www.aliexpress.us/item/3256810177901606.html
"Rastreador GPS Portátil em Tempo Real para Bike, Pets e Crianças - Anti-Furto",OK,3256810238740080,Gps Trackers Android Antilost Google Find My Portable GPS Tracker Gps For Children Airtag Finder Gps For Motorcycle Pet Tracker,US $0.99,US $13.22,,,,,https://www.aliexpress.us/item/3256810238740080.html
"Rastreador GPS Portátil em Tempo Real para Bike, Pets e Crianças - Anti-Furto",OK,3256812612549652,Smart GPS Pet Tracker for Dogs Cats Real-Time Location Monitor with Virtual Fence Anti-Lost Finder iOS App Compatible,US $42.32,US $59.60,,,,,https://www.aliexpress.us/item/3256812612549652.html
"Rastreador GPS Portátil em Tempo Real para Bike, Pets e Crianças - Anti-Furto",OK,3256809755075210,Portable 4G GPS Tracker with App Real Time Car Tracking Device Anti-Lost Recording Tracking Device for Car Elderly children Pets,US $14.58,US $24.44,,,,,https://www.aliexpress.us/item/3256809755075210.html
"Rastreador GPS Portátil em Tempo Real para Bike, Pets e Crianças - Anti-Furto",OK,3256806567663596,Mini GF-08 Magnetic GPS Car Tracker Real Time Tracking Anti-Theft SIM Message Positioner Pets Kids GPS Tracker Anti-lost Locator,US $0.99,US $7.67,,,,,https://www.aliexpress.us/item/3256806567663596.html
"Rastreador GPS Portátil em Tempo Real para Bike, Pets e Crianças - Anti-Furto",OK,3256812612723325,GPS Tracker For Android Finder Google Find My Airtag Finder Portable GPS Tracker Bluetooth Locator for Bicycle Keys Kids Pets,US $0.99,US $24.51,,,,,https://www.aliexpress.us/item/3256812612723325.html
"Rastreador GPS Portátil em Tempo Real para Bike, Pets e Crianças - Anti-Furto",OK,3256809293259654,TrackerKing EC33Pura 4G GPS Car/Motor/Bike Tracking Device J16 Tracker Rastreador GT06 protocolo,US $16.33,US $40.90,,,,,https://www.aliexpress.us/item/3256809293259654.html
"Rastreador GPS Portátil em Tempo Real para Bike, Pets e Crianças - Anti-Furto",OK,3256809694901205,GF08 Mini Portable GPS Tracker Vehicle GPS Locator Anti-lost GPS Tracking Device for Pets Kids Elders Bag Wallet Position APP,US $7.53,US $16.74,,,,,https://www.aliexpress.us/item/3256809694901205.html
"Rastreador GPS Portátil em Tempo Real para Bike, Pets e Crianças - Anti-Furto",OK,3256811434850162,"Airtag is compatible with Apple IOS phone, Find My, Bluetooth mini car, pet anti-lost locator",US $8.07,US $8.39,,,,,https://www.aliexpress.us/item/3256811434850162.html
"Rastreador GPS Portátil em Tempo Real para Bike, Pets e Crianças - Anti-Furto",OK,3256809937960338,Mini Tracking Device For Apple Find My Key Smart iTag Child Finder Pet Car Lost Tracker Smart Bluetooth Tracker IOS System,US $0.99,US $8.83,,,,,https://www.aliexpress.us/item/3256809937960338.html
"Rastreador GPS Portátil em Tempo Real para Bike, Pets e Crianças - Anti-Furto",OK,3256812530933704,HOCO E100 Smart GPS Tracker Mini Tag Anti-Lost Device with Case for iOS Apple Find My App Car Key Pet Kids Thin Locator Finder,US $0.99,US $9.35,,,,,https://www.aliexpress.us/item/3256812530933704.html
"Rastreador GPS Portátil em Tempo Real para Bike, Pets e Crianças - Anti-Furto",OK,3256812181351400,"Key Finder, Tracker Tag, Works with Apple Find My (iOS Only), Key Tracker with APP,Sound Location, Key Locator Tracker for Pet",US $0.99,US $7.72,,,,,https://www.aliexpress.us/item/3256812181351400.html
"Rastreador GPS Portátil em Tempo Real para Bike, Pets e Crianças - Anti-Furto",OK,3256806148982503,Mini Real Time GPS Tracker GF-07 Magnetic Car GPS Tracking Device Anti Lost GPS Cat Tracker Key Locator Pet Smart Tag for Kids,US $0.99,US $2.96,,,,,https://www.aliexpress.us/item/3256806148982503.html
"Rastreador GPS Portátil em Tempo Real para Bike, Pets e Crianças - Anti-Furto",OK,3256810527419787,CD GF09 Mini GPS Tracker Car Locator Real Time Tracking Location Position Device for Child Pet Dog Recording Free Live LBS WlFI,US $13.34,US $24.35,,,,,https://www.aliexpress.us/item/3256810527419787.html
"Rastreador GPS Portátil em Tempo Real para Bike, Pets e Crianças - Anti-Furto",OK,3256808133711193,HOCO E94 Airtag GPS Intelligent Positioning Pets Dog Key Trackers Smart Anti-lost Device with Case Tracking Find My Elderly Kids,US $2.25,US $12.11,,,,,https://www.aliexpress.us/item/3256808133711193.html
"Rastreador GPS Portátil em Tempo Real para Bike, Pets e Crianças - Anti-Furto",OK,3256812193693606,Mini Bluetooth GPS Tracker For Apple Find  Anti Lose Reminder Device Key Finder Pet Dog Kid Bag Wallet Car Locator,US $4.38,US $30.30,,,,,https://www.aliexpress.us/item/3256812193693606.html
"Rastreador GPS Portátil em Tempo Real para Bike, Pets e Crianças - Anti-Furto",OK,3256810338862646,Vehicle  GPS Locator GF10 Mini Portable Car GPS Tracker Anti-Lost Device Pet Kids Bag Wallet GPS Location Tracking Device,US $6.77,US $15.03,,,,,https://www.aliexpress.us/item/3256810338862646.html
"Rastreador GPS Portátil em Tempo Real para Bike, Pets e Crianças - Anti-Furto",OK,3256812331614595,GF07 Mini GPS Tracker Real Time Location Tracking Magnetic Design For Car Luggage Pets Kids Anti Lost Monitoring,US $0.99,US $11.91,,,,,https://www.aliexpress.us/item/3256812331614595.html
"Rastreador GPS Portátil em Tempo Real para Bike, Pets e Crianças - Anti-Furto",OK,3256812165690367,4G GPS Tracker Car Tracker Magnet 7500mAh GPS Tracker 4G GPS Locator Waterproof Vehicle  Long Standby Battery Real Time Position,US $12.37,US $54.22,,,,,https://www.aliexpress.us/item/3256812165690367.html
"Rastreador GPS Portátil em Tempo Real para Bike, Pets e Crianças - Anti-Furto",OK,3256812561261260,Mini GF07 GPS Tracker Magnetic Car Locator Anti Theft Alarm Tracking Device for Vehicle Pet Kids Wireless Positioner 1PC,US $0.99,US $17.73,,,,,https://www.aliexpress.us/item/3256812561261260.html
"Rastreador GPS Portátil em Tempo Real para Bike, Pets e Crianças - Anti-Furto",OK,3256809069240780,GPS Tracker Mini Global Positioning System For Car Bike Pet Children Real Time Tracking Locator Magnetic Anti-lost Tag GSM App,US $0.99,US $8.95,,,,,https://www.aliexpress.us/item/3256809069240780.html
Interruptor de Parede Inteligente Tuya WiFi US - 1 a 4 Botões com Sensor Touch e Voz,OK,3256806910693919,RF433 1/2/3/4 Gang US WiFi Smart Wall Switch No Neutral Wire Touch Sensor Light Switches Works with Tuya APP Alexa Google Home,US $6.33,US $19.71,,,,,https://www.aliexpress.us/item/3256806910693919.html
Interruptor de Parede Inteligente Tuya WiFi US - 1 a 4 Botões com Sensor Touch e Voz,OK,3256808473884922,Tuya WiFi Smart Light Switch Smart Home Wireless RF 433mhz Push Button Wall Switch Via Alexa Google Home Alice Smart Life App,US $2.33,US $11.34,,,,,https://www.aliexpress.us/item/3256808473884922.html
Interruptor de Parede Inteligente Tuya WiFi US - 1 a 4 Botões com Sensor Touch e Voz,OK,3256807011828085,"TNCE Tuya US Switch wifi zigbee, 1/2/3/4 gang, No-Neutral/Wire LED light control Wall Button, smart voice with Alexa Google Home",US $2.73,US $16.77,,,,,https://www.aliexpress.us/item/3256807011828085.html
Interruptor de Parede Inteligente Tuya WiFi US - 1 a 4 Botões com Sensor Touch e Voz,OK,3256808555849801,BSEED 1/2/3Gang Zigbee Touch Switch Wall Light Switch With Smart EU Socket Support Google Alexa Tuya Control No Neutral Line,US $18.55,US $38.85,,,,,https://www.aliexpress.us/item/3256808555849801.html
Interruptor de Parede Inteligente Tuya WiFi US - 1 a 4 Botões com Sensor Touch e Voz,OK,3256812644840953,MANHOT Zigbee Smart DIY Name Switch US Display Screen Glass Panel 1/2/3/4/6/8 Gang Push Button Switch Work with Tuya Google home,US $54.89,US $109.98,,,,,https://www.aliexpress.us/item/3256812644840953.html
Interruptor de Parede Inteligente Tuya WiFi US - 1 a 4 Botões com Sensor Touch e Voz,OK,3256809924109902,Us Smart Wifi Switches Tuya Eu 4x4 Luxury Zigbee Switch Diy Name Display Smart Home Automation And Smart Home Systems,US $81.99,US $269.67,,,,,https://www.aliexpress.us/item/3256809924109902.html
Interruptor de Parede Inteligente Tuya WiFi US - 1 a 4 Botões com Sensor Touch e Voz,OK,3256811412395247,GIRIER Tuya Smart ZigBee Light Switch WiFi Push Button Wall Switches 1/2/3/4 Gang No Capacitor Required Support Alexa Hey Google,US $11.80,US $37.61,,,,,https://www.aliexpress.us/item/3256811412395247.html
Interruptor de Parede Inteligente Tuya WiFi US - 1 a 4 Botões com Sensor Touch e Voz,OK,3256807242204228,4CH Wifi Relay Smart Wireless Switch Module 4 Channel 7-32V 85-250V 220V 110V 2200W RF433 4 Way Receiver Works with Tuya Alexa,US $0.99,US $5.56,,,,,https://www.aliexpress.us/item/3256807242204228.html
Interruptor de Parede Inteligente Tuya WiFi US - 1 a 4 Botões com Sensor Touch e Voz,OK,3256808004277552,Tuya Zigbee Scene Switch Zigbee Wall Switch Wireless Scene Switch Smart Light Switch Push Button Controller 1/2/3/4 Gang,US $14.64,US $30.09,,,,,https://www.aliexpress.us/item/3256808004277552.html
Interruptor de Parede Inteligente Tuya WiFi US - 1 a 4 Botões com Sensor Touch e Voz,OK,2255800421543953,1234 Gang  2/3Way WiFi Touch Switch AC 100v220v Wall Light Switch Smart Home Zigbee Wireless Remote Control Tuya App US Standard,US $17.91,US $36.02,,,,,https://www.aliexpress.us/item/2255800421543953.html
Interruptor de Parede Inteligente Tuya WiFi US - 1 a 4 Botões com Sensor Touch e Voz,OK,3256810473654849,SMATRUL Tuya US  WiFi Hand Wave Switch Smart Light Wall Switch IR Sensor Single Live Neutral Wire Support Alexa,US $10.95,US $35.90,,,,,https://www.aliexpress.us/item/3256810473654849.html
Interruptor de Parede Inteligente Tuya WiFi US - 1 a 4 Botões com Sensor Touch e Voz,OK,3256807676234234,ANDELI Tuya EU US  Israe WiFi Smart Water Heater Boiler Switch 4400W Air Conditioner Switch Works With Alexa Alice Google Home,US $3.24,US $18.62,,,,,https://www.aliexpress.us/item/3256807676234234.html
Interruptor de Parede Inteligente Tuya WiFi US - 1 a 4 Botões com Sensor Touch e Voz,OK,3256806809072466,AVATTO WiFi 1/2/3/4 Gang Mini Smart Switch DIY Light Switches Module 2-Way Control Works With Smart Tuya Alexa Alice Google Home,US $4.33,US $16.77,,,,,https://www.aliexpress.us/item/3256806809072466.html
Interruptor de Parede Inteligente Tuya WiFi US - 1 a 4 Botões com Sensor Touch e Voz,OK,3256812638679321,Tuya WiFi Smart Light Switch With Brazil Socket Touch Wall Switch Smart Life APP Remote Control Alexa Google Home 110V 220V,US $5.70,US $33.42,,,,,https://www.aliexpress.us/item/3256812638679321.html
Interruptor de Parede Inteligente Tuya WiFi US - 1 a 4 Botões com Sensor Touch e Voz,OK,3256807353567166,MOES Tuya ZigBee Smart Light Switch US Push Button Wall Switch Work With Alexa Google Home Neutral Wire/No Neutral Wire Required,US $28.19,US $59.39,,,,,https://www.aliexpress.us/item/3256807353567166.html
Interruptor de Parede Inteligente Tuya WiFi US - 1 a 4 Botões com Sensor Touch e Voz,OK,3256804647313306,US AU ZigBee 3.0 Tuya Smart Life Wireless Push Button Switch Wall Voice Remote Control Two With Neutral USA 1 2 3 4 Gang,US $12.83,US $39.66,,,,,https://www.aliexpress.us/item/3256804647313306.html
Interruptor de Parede Inteligente Tuya WiFi US - 1 a 4 Botões com Sensor Touch e Voz,OK,3256807605389880,WIFI Smart Touch Light Wall Switch Interruptor Glass Panel 8/10 Gang 147*86mm Work Tuya APP  Whole house intelligent control,US $17.59,US $52.31,,,,,https://www.aliexpress.us/item/3256807605389880.html
Interruptor de Parede Inteligente Tuya WiFi US - 1 a 4 Botões com Sensor Touch e Voz,OK,3256811444717056,MOES WiFi Smart Wall Light Switch RF433 Push Button Transmitter Smart life Tuya App Remote Control Works with Alexa Google Home,US $35.28,US $51.13,,,,,https://www.aliexpress.us/item/3256811444717056.html
Interruptor de Parede Inteligente Tuya WiFi US - 1 a 4 Botões com Sensor Touch e Voz,OK,3256808040623961,Tuya ZigBee WiFi Smart Light Switch 1 2 3 4 gang 2500W Touch Switch With Neutral Wire Smart Life Control Via Alexa Google Home,US $10.50,US $24.31,,,,,https://www.aliexpress.us/item/3256808040623961.html
Interruptor de Parede Inteligente Tuya WiFi US - 1 a 4 Botões com Sensor Touch e Voz,OK,3256804646495468,Alexa 2 3 Way Tuya ZigBee Smart Life EU UK Wall Light Power Switch Touch Switches 110V 220V Wireless Remote Home 1 2 3 4 Gang,US $22.67,US $45.55,,,,,https://www.aliexpress.us/item/3256804646495468.html
Interruptor de Parede Inteligente Tuya WiFi US - 1 a 4 Botões com Sensor Touch e Voz,OK,3256809943587550,Tuya Smart Wifi+RF433 Light Switch Neutral Wire Optional Touch Panel US Wall Switch Wireless Voice Control Alexa Google Home,US $10.02,US $34.73,,,,,https://www.aliexpress.us/item/3256809943587550.html
Interruptor de Parede Inteligente Tuya WiFi US - 1 a 4 Botões com Sensor Touch e Voz,OK,3256810220837955,Zigbee DIY Name Switch with Display Screen US Black Touch Panel Light Switch Works with Tuya Smart App Alexa Google Home Voice,US $30.19,US $38.37,,,,,https://www.aliexpress.us/item/3256810220837955.html
Interruptor de Parede Inteligente Tuya WiFi US - 1 a 4 Botões com Sensor Touch e Voz,OK,3256808284269880,MANHOT WiFi Matter Smart Switch Neutral Wire Optional Push Button Light Switch US Switch Work With Tuya Alexa Google Home,US $21.42,US $43.92,,,,,https://www.aliexpress.us/item/3256808284269880.html
Interruptor de Parede Inteligente Tuya WiFi US - 1 a 4 Botões com Sensor Touch e Voz,OK,3256809596337150,Tuya Alexa WiFi Smart Remote Control Smart Life Wall Mount UP Down 1 2 3 4 Gang Push Button Light Switch 110V 230V US AU BR,US $15.02,US $22.02,,,,,https://www.aliexpress.us/item/3256809596337150.html
Interruptor de Parede Inteligente Tuya WiFi US - 1 a 4 Botões com Sensor Touch e Voz,OK,3256812225137599,Smart WiFi Light Switch 1/2/3/4 Gang US 118*75mm Tempered Glass Touch Panel Tuya APP Remote Voice Control Alexa Google Home Time,US $2.85,US $21.42,,,,,https://www.aliexpress.us/item/3256812225137599.html
Interruptor de Parede Inteligente Tuya WiFi US - 1 a 4 Botões com Sensor Touch e Voz,OK,3256804575644257,"Tuya WIFI No Neutral/With Neutral Smart Switch Wall Light Switch 1/2/3/4 Gang, Voice Control with Alexa Google Home Yandex Alice",US $18.42,US $18.52,,,,,https://www.aliexpress.us/item/3256804575644257.html
Interruptor de Parede Inteligente Tuya WiFi US - 1 a 4 Botões com Sensor Touch e Voz,OK,3256809982515302,Zemismart Matter WiFi 1 2 3 4 Gangs Smart Wall Light Switch Aluminum Alloy Panel Support Tuya SmartThings Homekit Google Home,US $33.20,US $60.00,,,,,https://www.aliexpress.us/item/3256809982515302.html
Interruptor de Parede Inteligente Tuya WiFi US - 1 a 4 Botões com Sensor Touch e Voz,OK,3256804643648704,433 MHz WiFi Tuya Smart Remote Control Touch Light Switch RF for Lights Australia US BR IL Alexa 220V With No Null 1 2 3 4 Gang,US $18.87,US $37.95,,,,,https://www.aliexpress.us/item/3256804643648704.html
Interruptor de Parede Inteligente Tuya WiFi US - 1 a 4 Botões com Sensor Touch e Voz,OK,3256810388625126,Tuya Wifi Smart Light Switch 1/2/3/4 Gang No Neutral Wire Required Wire Wall Light Remote Control Work With Alexa Google Home,US $17.76,US $24.76,,,,,https://www.aliexpress.us/item/3256810388625126.html
Interruptor de Parede Inteligente Tuya WiFi US - 1 a 4 Botões com Sensor Touch e Voz,OK,3256807245217081,Zemismart Zigbee Wall Light Switch With Neutral Push Button Interruptor US Switch 1 2 3 4 6 Gang Tuya App Alexa Google Home,US $36.10,US $44.25,,,,,https://www.aliexpress.us/item/3256807245217081.html
Interruptor de Parede Inteligente Tuya WiFi US - 1 a 4 Botões com Sensor Touch e Voz,OK,3256809573041921,Tuya WiFi Smart Light Switch Wireless RF 433mhz Push Button Wall Switch Smart Home APP Remote Voice Control Alexa Google Alice,US $0.99,US $6.57,,,,,https://www.aliexpress.us/item/3256809573041921.html
Interruptor de Parede Inteligente Tuya WiFi US - 1 a 4 Botões com Sensor Touch e Voz,OK,3256806019615415,GIRIER Tuya Smart WiFi Light Switch Module 1 2 3 4 Gang No Neutral Required Breaker 220V Supports 2 Way Control Alexa Hey Google,US $11.11,US $16.01,,,,,https://www.aliexpress.us/item/3256806019615415.html
Interruptor de Parede Inteligente Tuya WiFi US - 1 a 4 Botões com Sensor Touch e Voz,OK,3256806180930179,Milfra Smart Wifi Switch Neutral Wire Optional Intelligent Wall Button Light Switches AC100-240V Tuya APP Voice Control by Alexa,US $8.74,US $22.49,,,,,https://www.aliexpress.us/item/3256806180930179.html
Interruptor de Parede Inteligente Tuya WiFi US - 1 a 4 Botões com Sensor Touch e Voz,OK,3256803418576471,MOES WiFi Smart Wall Light Switch RF433 Push Button Transmitter Smart Life Tuya App Remote Control Works with Alexa Google Home,US $22.34,US $33.34,,,,,https://www.aliexpress.us/item/3256803418576471.html
Interruptor de Parede Inteligente Tuya WiFi US - 1 a 4 Botões com Sensor Touch e Voz,OK,3256805609930375,MOES Tuya Wi-Fi Smart Light Switch US Single Pole Push Button Wall Switch Work With Alexa Google Home Neutral Wire Required,US $29.95,US $44.70,,,,,https://www.aliexpress.us/item/3256805609930375.html
Interruptor de Parede Inteligente Tuya WiFi US - 1 a 4 Botões com Sensor Touch e Voz,OK,3256808498706007,BSEED Zigbee Button Switch 1/2/3/4Gang 2Way Smart EU Socket Plastic Panel Smart Click Switch Tuya Smart Life Alexa Voice Control,US $22.04,US $35.14,,,,,https://www.aliexpress.us/item/3256808498706007.html
Interruptor de Parede Inteligente Tuya WiFi US - 1 a 4 Botões com Sensor Touch e Voz,OK,3256811742729563,RKHK Smart Switches 1/2/3/4 Gang Wifi Touch Light Switch Temperature Humidity Sensor Switches Tuya Control Alice Google Alexa,US $35.41,US $88.78,,,,,https://www.aliexpress.us/item/3256811742729563.html
Interruptor de Parede Inteligente Tuya WiFi US - 1 a 4 Botões com Sensor Touch e Voz,OK,3256806780760583,Tuya Zigbee Smart Wall Switch With Neutral Wire Optional Push Button Physical Light Switch Voice Control Google Home Alexa,US $15.29,US $25.65,,,,,https://www.aliexpress.us/item/3256806780760583.html
Interruptor de Parede Inteligente Tuya WiFi US - 1 a 4 Botões com Sensor Touch e Voz,OK,3256812207884724,MANHOT WiFi Smart Light Switch 1/2/3/4 Gang with Neutral/No Neutral Wall Push Button Work with Tuya Alexa Google Home Smart Life,US $12.38,US $39.55,,,,,https://www.aliexpress.us/item/3256812207884724.html
Interruptor de Parede Inteligente Tuya WiFi US - 1 a 4 Botões com Sensor Touch e Voz,OK,3256804497284104,"Tuya 4 Channel Smart WiFi 85-250V Switch, APP RF433 Remote Control ,Bluetooth, Inching ,Self-lock ,Inter-lock,Works with Alexa",US $13.59,US $21.86,,,,,https://www.aliexpress.us/item/3256804497284104.html
Interruptor de Parede Inteligente Tuya WiFi US - 1 a 4 Botões com Sensor Touch e Voz,OK,3256807449674258,Tuya Smart Zigbee 4 Inch LCD Touch Screen Scene Panel &3 Gang Relay Switch 2 in 1 Multi-Function Support Alexa Central Gateway,US $84.83,US $160.25,,,,,https://www.aliexpress.us/item/3256807449674258.html
Interruptor de Parede Inteligente Tuya WiFi US - 1 a 4 Botões com Sensor Touch e Voz,OK,3256812492164997,"AVATTO 1/2/3/4 Gang WiFi White Smart Wall Light Switch,Wireless Button Switch With Ambient Light For Tuya Alexa Google Home",US $30.19,US $31.05,,,,,https://www.aliexpress.us/item/3256812492164997.html
Interruptor de Parede Inteligente Tuya WiFi US - 1 a 4 Botões com Sensor Touch e Voz,OK,3256803213900017,Zemismart WiFi 1 2 3 4 Gangs Wall Light Switch With Neutral Work with Tuya App Remote Control US Interruptor Alexa Google Home,US $19.04,US $27.45,,,,,https://www.aliexpress.us/item/3256803213900017.html
Interruptor de Parede Inteligente Tuya WiFi US - 1 a 4 Botões com Sensor Touch e Voz,OK,3256802827394798,ZigBee 3.0 Tuya Smart Scene Switch Push Button 1/2/3/4 Gang 3 6 9 12 Scenes Automation Scenario Wireless Switch for Tuya Devices,US $11.23,US $36.46,,,,,https://www.aliexpress.us/item/3256802827394798.html
Interruptor de Parede Inteligente Tuya WiFi US - 1 a 4 Botões com Sensor Touch e Voz,OK,3256812185943461,Tuya Wifi Luxury Smart Diy Name Switch Supports Multi Language Input Compatible With Alexa Google Home Ac100-240v Wall Switch,US $42.39,US $111.82,,,,,https://www.aliexpress.us/item/3256812185943461.html
Interruptor de Parede Inteligente Tuya WiFi US - 1 a 4 Botões com Sensor Touch e Voz,OK,3256806862507550,Tuya Smart Wall Light Switch Push Button Control No/With Neutral Wire APP Remote Timing  Support Alexa Google Home Yandex Alice,US $14.37,US $23.73,,,,,https://www.aliexpress.us/item/3256806862507550.html
Interruptor de Parede Inteligente Tuya WiFi US - 1 a 4 Botões com Sensor Touch e Voz,OK,3256801347403790,GERMA Tuya Smart Life APP WiFi TOUCH Switch Light RF 433Mhz Wall DIY Relay Timer Module Google Home Alexa 110V 220V 10A,US $9.17,US $23.17,,,,,https://www.aliexpress.us/item/3256801347403790.html
Interruptor de Parede Inteligente Tuya WiFi US - 1 a 4 Botões com Sensor Touch e Voz,OK,3256812237508191,2 Gang Tuya WiFi Smart Switch US No Neutral Wire Required Glass Touch Light Switch Work with Alexa Google Home Wireless,US $20.72,US $43.37,,,,,https://www.aliexpress.us/item/3256812237508191.html
Interruptor de Parede Inteligente Tuya WiFi US - 1 a 4 Botões com Sensor Touch e Voz,OK,3256812211768125,Zemismart Zigbee Grey DIY Name Switch US Smart Wall Light Interruptor Work with Tuya Alexa Google Home SmartThings APP Via M1/M6,US $29.49,US $45.52,,,,,https://www.aliexpress.us/item/3256812211768125.html
Interruptor de Parede Inteligente Tuya WiFi US - 1 a 4 Botões com Sensor Touch e Voz,OK,3256804484805409,Tuya ZigBee Smart Scene Switch Wireless Free Sticker 4 Gang Push Button Remote Control Wall Light Transmitter Battery Powered,US $6.84,US $13.84,,,,,https://www.aliexpress.us/item/3256804484805409.html
"Interruptor e Tomada Inteligente WiFi em Vidro Touch - Tuya, Alexa e Controle Remoto",OK,3256811672632035,US WiFi Smart Wall Switch Touch Sensor LED Light Switches RF433 1/2/3/4 Gang Works with Tuya Smart Home APP Alexa Google Home,US $4.33,US $15.79,,,,,https://www.aliexpress.us/item/3256811672632035.html
"Interruptor e Tomada Inteligente WiFi em Vidro Touch - Tuya, Alexa e Controle Remoto",OK,3256810496383985,Yisailing Smart Glass Touch Switch Zigbee Version 1/2/3 Key Supports Google Alexa Tuya APP Wall Switches AC100-240V Lamp On Off,US $3.69,US $11.39,,,,,https://www.aliexpress.us/item/3256810496383985.html
"Interruptor e Tomada Inteligente WiFi em Vidro Touch - Tuya, Alexa e Controle Remoto",OK,3256807927188623,Melery AU Wifi Tuya Smart Life Light Switch Argentina Plug Wall Socket Australia Outlet Touch Glass Remote by Alexa Google Home,US $23.33,US $30.04,,,,,https://www.aliexpress.us/item/3256807927188623.html
"Interruptor e Tomada Inteligente WiFi em Vidro Touch - Tuya, Alexa e Controle Remoto",OK,3256807676234234,ANDELI Tuya EU US  Israe WiFi Smart Water Heater Boiler Switch 4400W Air Conditioner Switch Works With Alexa Alice Google Home,US $3.24,US $18.62,,,,,https://www.aliexpress.us/item/3256807676234234.html
"Interruptor e Tomada Inteligente WiFi em Vidro Touch - Tuya, Alexa e Controle Remoto",OK,3256811819420280,"UBARO WiFi Smart Wall Switch with US Socket, 1/2 Gang Touch Control, Alexa Google Home Voice APP Remote, Tempered Glass Panel, 1",US $16.99,US $36.93,,,,,https://www.aliexpress.us/item/3256811819420280.html
"Interruptor e Tomada Inteligente WiFi em Vidro Touch - Tuya, Alexa e Controle Remoto",OK,3256806677471147,Melery Tuya Wifi Smart Brazil Light Switch Wall Socket Plug Outlet Touch Sensor Glass Panel Remote by Alexa Dot Google Home,US $10.26,US $34.53,,,,,https://www.aliexpress.us/item/3256806677471147.html
"Interruptor e Tomada Inteligente WiFi em Vidro Touch - Tuya, Alexa e Controle Remoto",OK,3256809435053749,MOES 16A Tuya ZigBee Smart Socket WiFi EU Wall Embedded Glass Panel Outlet Energy Monitor SmartLife App For Alexa Google Home,US $22.39,US $30.36,,,,,https://www.aliexpress.us/item/3256809435053749.html
"Interruptor e Tomada Inteligente WiFi em Vidro Touch - Tuya, Alexa e Controle Remoto",OK,3256808555849801,BSEED 1/2/3Gang Zigbee Touch Switch Wall Light Switch With Smart EU Socket Support Google Alexa Tuya Control No Neutral Line,US $18.55,US $38.85,,,,,https://www.aliexpress.us/item/3256808555849801.html
"Interruptor e Tomada Inteligente WiFi em Vidro Touch - Tuya, Alexa e Controle Remoto",OK,3256806386358271,UBARO EU Type Smart Light Switch Interruptor With Blind Alexa Smart Life Switches For Tuya Smart Home Improvement Glass Panel,US $26.09,US $37.96,,,,,https://www.aliexpress.us/item/3256806386358271.html
"Interruptor e Tomada Inteligente WiFi em Vidro Touch - Tuya, Alexa e Controle Remoto",OK,3256808434624927,"Melery Smart Tuya WiFi Dual UK Socket USB Type-C PD 20W Touch Control,Voice Controls Electricity Monitoring, Alexa Google Home",US $27.41,US $34.39,,,,,https://www.aliexpress.us/item/3256808434624927.html
"Interruptor e Tomada Inteligente WiFi em Vidro Touch - Tuya, Alexa e Controle Remoto",OK,3256806977405607,Tuya WiFi Smart Light Switch Mexico US Wall Socket With American Plug Outlet Glass PanelS mart life Support Alexa Google Home,US $17.30,US $34.72,,,,,https://www.aliexpress.us/item/3256806977405607.html
"Interruptor e Tomada Inteligente WiFi em Vidro Touch - Tuya, Alexa e Controle Remoto",OK,3256807698427473,Tuya Smart Wifi Plug US Standard Wireless Outlet 10A Remote Control Smart Home Appliances Work With Alexa Google Home,,,,,,,https://www.aliexpress.us/item/3256807698427473.html
"Interruptor e Tomada Inteligente WiFi em Vidro Touch - Tuya, Alexa e Controle Remoto",OK,3256807897472239,Melery Brazil WiFi Smart Life Wall Socket USB Tuya Electrical Plug Outlet PC/Glass Panel Whole House Alexa Google Home Assistant,US $19.38,US $24.05,,,,,https://www.aliexpress.us/item/3256807897472239.html
"Interruptor e Tomada Inteligente WiFi em Vidro Touch - Tuya, Alexa e Controle Remoto",OK,3256808988327775,Livolo US/ AU Standard WiFi Wall Switch Smart Tuya Tempered Glass AC110-250V Backlight Display for Alexa Google Home Smart Life,US $58.59,US $66.69,,,,,https://www.aliexpress.us/item/3256808988327775.html
"Interruptor e Tomada Inteligente WiFi em Vidro Touch - Tuya, Alexa e Controle Remoto",OK,3256806505004608,BSEED Zigbee 1/2/3Gang Touch Light Switches 1/2/3Way Tuya Smart Life Alice App Control Plus Normal EU Sockets Neutral Required,US $18.85,US $35.76,,,,,https://www.aliexpress.us/item/3256806505004608.html
"Interruptor e Tomada Inteligente WiFi em Vidro Touch - Tuya, Alexa e Controle Remoto",OK,3256809397250405,"ANDELI Tuya WiFi Smart Light Switch Israel, Neutral Wire + No Neutral Wire Required Wall Touch Switch Work with Alexa, Google Ho",US $14.22,US $21.60,,,,,https://www.aliexpress.us/item/3256809397250405.html
"Interruptor e Tomada Inteligente WiFi em Vidro Touch - Tuya, Alexa e Controle Remoto",OK,3256808244682562,Melery Wifi Smart Brazil Wall Socket Light Switch 20A Slot Plug Outlet Touch Sensor Glass Panel Remote by Tuya Alexa Google Home,US $24.56,US $34.74,,,,,https://www.aliexpress.us/item/3256808244682562.html
"Interruptor e Tomada Inteligente WiFi em Vidro Touch - Tuya, Alexa e Controle Remoto",OK,3256807149981922,AlexXi Zigbee 4x4 Brazil Touch Sensor Glass Panel Light Switch Tuya Smart Life App 4/6/8 Gang Remote by Alexa Dot Google Home,US $19.04,US $42.69,,,,,https://www.aliexpress.us/item/3256807149981922.html
"Interruptor e Tomada Inteligente WiFi em Vidro Touch - Tuya, Alexa e Controle Remoto",OK,3256807287606697,Melery Israel Wall Socket Wifi Smart Light Switch Tuya Plug Electrical Outlet Touch Glass Panel Intelligent Alexa Google Home,US $25.99,US $33.45,,,,,https://www.aliexpress.us/item/3256807287606697.html
"Interruptor e Tomada Inteligente WiFi em Vidro Touch - Tuya, Alexa e Controle Remoto",OK,3256812237508191,2 Gang Tuya WiFi Smart Switch US No Neutral Wire Required Glass Touch Light Switch Work with Alexa Google Home Wireless,US $20.72,US $43.37,,,,,https://www.aliexpress.us/item/3256812237508191.html
"Interruptor e Tomada Inteligente WiFi em Vidro Touch - Tuya, Alexa e Controle Remoto",OK,3256809233571794,MOES Tuya WiFi US Star Feather Switch Smart Air Touch AG Glass Backlight Light/Scene 2in1 With Neutral Support Alexa Google Home,US $43.63,US $65.27,,,,,https://www.aliexpress.us/item/3256809233571794.html
"Interruptor e Tomada Inteligente WiFi em Vidro Touch - Tuya, Alexa e Controle Remoto",OK,3256808556144643,Coswall Israel Wall Socket with ZIGBEE Tuya 4 Gang Smart Touch Switch Work With Amazon Alexa Google Assisstant Yandex Alice,US $37.13,US $62.05,,,,,https://www.aliexpress.us/item/3256808556144643.html
"Interruptor e Tomada Inteligente WiFi em Vidro Touch - Tuya, Alexa e Controle Remoto",OK,3256809798332744,"AVATTO WiFi 1/2 Gang Smart Dimmer Switch,EU Dimmer Light Switch Touch Glass Panels Control For Tuya Alexa Google Home Alice",US $16.17,US $50.37,,,,,https://www.aliexpress.us/item/3256809798332744.html
"Interruptor e Tomada Inteligente WiFi em Vidro Touch - Tuya, Alexa e Controle Remoto",OK,3256809394235543,Tuya 16A 20A Mini WiFi Smart Switch 2-Way Timer Relay Automation Module Smart Life App Remote Alexa Google Home Voice Control,US $1.33,US $9.88,,,,,https://www.aliexpress.us/item/3256809394235543.html
"Interruptor e Tomada Inteligente WiFi em Vidro Touch - Tuya, Alexa e Controle Remoto",OK,3256801436204038,Melery Smart Zigbee Wall Light Switch Lamps Interruptor Glass Touch Panel 2/3 Way Wireless Remote Control Tuya Alexa Google Home,US $17.52,US $22.59,,,,,https://www.aliexpress.us/item/3256801436204038.html
"Interruptor e Tomada Inteligente WiFi em Vidro Touch - Tuya, Alexa e Controle Remoto",OK,3256809590611504,BSEED Zigbee Touch Switch Function Part Glass Panel Smart Dimmer Curtain Switch DIY Part Zigbee Tuya Socket Parts With Neutral,US $6.12,US $14.46,,,,,https://www.aliexpress.us/item/3256809590611504.html
"Interruptor e Tomada Inteligente WiFi em Vidro Touch - Tuya, Alexa e Controle Remoto",OK,3256803972670736,UBARO EU Tuya Wifi Stair Touch Switch Glass Panel Multi Sensor Button Alexa Voice Control Smart House Cross Switch  1 Gang 2 Way,US $6.37,US $12.37,,,,,https://www.aliexpress.us/item/3256803972670736.html
"Interruptor e Tomada Inteligente WiFi em Vidro Touch - Tuya, Alexa e Controle Remoto",OK,3256802988741360,"Tuya Wifi Smart Switch Module Supports 2 Way Control, App Remote Control DIY Light Breaker 100-240V Work with Alexa Google Home",US $0.99,US $7.72,,,,,https://www.aliexpress.us/item/3256802988741360.html
"Interruptor e Tomada Inteligente WiFi em Vidro Touch - Tuya, Alexa e Controle Remoto",OK,3256805661413446,Melery Zigbee Repeater Light Wall Switch Touch Sensor Glass Panel 4/5/6/8/10Gang Tuya Smart Life Remote by Alexa Google Home,US $28.00,US $36.03,,,,,https://www.aliexpress.us/item/3256805661413446.html
"Interruptor e Tomada Inteligente WiFi em Vidro Touch - Tuya, Alexa e Controle Remoto",OK,3256808810239214,Melery Wifi Smart Tuya Brazil Wall Socket Tomada Power Monitor 20A Plug Outlet Glass Touch Panel by Alexa Google Home Assistant,US $17.73,US $23.77,,,,,https://www.aliexpress.us/item/3256808810239214.html
"Interruptor e Tomada Inteligente WiFi em Vidro Touch - Tuya, Alexa e Controle Remoto",OK,3256802656031055,BSEED Zigbee 1/2/3Gang Touch Switches Smart Wall Light Switch Tuya Google Smart Life Alexa App Control Glass Panel No Neutral,US $19.15,US $44.76,,,,,https://www.aliexpress.us/item/3256802656031055.html
"Interruptor e Tomada Inteligente WiFi em Vidro Touch - Tuya, Alexa e Controle Remoto",OK,3256806854403579,Tuya Zigbee 4 Gang Smart Switch with Temperature or Humidity Sensor Passive Dry Contact 32V 250V Switch Relay Alexa Compatible,US $20.50,US $29.38,,,,,https://www.aliexpress.us/item/3256806854403579.html
"Interruptor e Tomada Inteligente WiFi em Vidro Touch - Tuya, Alexa e Controle Remoto",OK,3256803100823488,BSEED Wifi Sockets EU Wall Socket Smart Tuya Electric Sockets Power Monitor Google Smart Life Alexa Voice Control Glass Panel,US $15.94,US $27.65,,,,,https://www.aliexpress.us/item/3256803100823488.html
"Interruptor e Tomada Inteligente WiFi em Vidro Touch - Tuya, Alexa e Controle Remoto",OK,3256808504207161,BSEED Zigbee 1/2/3Gang Smart Light Switches Tuya Smart Life Alexa EU Power Outlets Function Parts Glass Panels DIY Parts,US $5.35,US $18.80,,,,,https://www.aliexpress.us/item/3256808504207161.html
"Interruptor e Tomada Inteligente WiFi em Vidro Touch - Tuya, Alexa e Controle Remoto",OK,3256805366582346,Coswall Glass Panel ZIGBEE / WIFI Tuya Universal Socket +2 Gang On/Off Touch Switch With One-Key Main Switch,US $23.31,US $39.02,,,,,https://www.aliexpress.us/item/3256805366582346.html
"Interruptor e Tomada Inteligente WiFi em Vidro Touch - Tuya, Alexa e Controle Remoto",OK,3256803130649876,ANDELI WiFi Smart Boiler Switch 20A 4400w Water Heater Smart Life Tuya APP Remote Control  Alexa Echo Google Home Voice Control,US $12.21,US $19.71,,,,,https://www.aliexpress.us/item/3256803130649876.html
"Interruptor e Tomada Inteligente WiFi em Vidro Touch - Tuya, Alexa e Controle Remoto",OK,3256805513716330,UBARO EU Smart House Wifi Touch Switch Glass Panel Work With Google Home Alexa Voice Tuya Smart Life App Remote 8 Gang 220V 10A,US $26.45,US $43.52,,,,,https://www.aliexpress.us/item/3256805513716330.html
"Interruptor e Tomada Inteligente WiFi em Vidro Touch - Tuya, Alexa e Controle Remoto",OK,3256804643503760,2 3 4 Gang 2 3 Way US Tuya Smart Wall Touch Light Switch for LED with No Neutral WiFi Glass Australia Brazil Android RoHS Alexa,US $20.33,US $40.85,,,,,https://www.aliexpress.us/item/3256804643503760.html
"Interruptor e Tomada Inteligente WiFi em Vidro Touch - Tuya, Alexa e Controle Remoto",OK,3256812630981047,Tuya WiFi Smart Light Wall Switch With Brazil Socket Plug Outlet Touch Glass Panel Voice APP Control Work with Alexa Google Home,US $9.70,US $32.66,,,,,https://www.aliexpress.us/item/3256812630981047.html
"Interruptor e Tomada Inteligente WiFi em Vidro Touch - Tuya, Alexa e Controle Remoto",OK,3256806854232745,"Mumubiz Zigbee 1 Gang Smart Switch with Temperature Humidity Sensor, Tuya Smart Life APP ,Passive Dry Contact Relay Match Alexa",US $16.49,US $24.05,,,,,https://www.aliexpress.us/item/3256806854232745.html
"Interruptor e Tomada Inteligente WiFi em Vidro Touch - Tuya, Alexa e Controle Remoto",OK,3256807130940722,Melery Wifi Smart Tuya Italy Light Switch Wall Socket Glass Panel Plug EU Chile Type L Outlet Voice Remote by Alexa Google Home,US $14.59,US $39.25,,,,,https://www.aliexpress.us/item/3256807130940722.html
"Interruptor e Tomada Inteligente WiFi em Vidro Touch - Tuya, Alexa e Controle Remoto",OK,3256807933438274,BSEED WIFI Light Switch 1/2/3Gang 2Way Smart Click Button Switch With EU Wall Socket Glass Panel Tuya Smart Life Alexa Control,US $18.56,US $27.85,,,,,https://www.aliexpress.us/item/3256807933438274.html
"Interruptor e Tomada Inteligente WiFi em Vidro Touch - Tuya, Alexa e Controle Remoto",OK,2255800038494081,"Melery WIFI Tuya Smart Wall Socket AU Electrical Monitoring Plug Outlet Power Touch Wireless Remote Contorl,Alexa Google Home",US $24.71,US $31.81,,,,,https://www.aliexpress.us/item/2255800038494081.html
"Interruptor e Tomada Inteligente WiFi em Vidro Touch - Tuya, Alexa e Controle Remoto",OK,3256812223355375,"16A Tuya WiFi Smart Switch, No Battery Needed Wireless Switch, Smart Life App Control, Compatible with Alexa & Google Home",US $8.52,US $33.75,,,,,https://www.aliexpress.us/item/3256812223355375.html
"Interruptor e Tomada Inteligente WiFi em Vidro Touch - Tuya, Alexa e Controle Remoto",OK,3256808534329873,BSEED 1/2/3Gang 2Way Zigbee Light Switch With EU Wall Socket Smart Click Button Switch Glass Panel Tuya Smart Life Alexa Control,US $20.41,US $32.55,,,,,https://www.aliexpress.us/item/3256808534329873.html
"Interruptor e Tomada Inteligente WiFi em Vidro Touch - Tuya, Alexa e Controle Remoto",OK,3256811556841644,Smart Wireless Touch Glass Panel Light Switch Compatible with Tuya Alexa Google Home 1/2/3 Way 110V/220V EU US Interruptor,US $1.90,US $18.55,,,,,https://www.aliexpress.us/item/3256811556841644.html
"Interruptor e Tomada Inteligente WiFi em Vidro Touch - Tuya, Alexa e Controle Remoto",OK,3256805718814977,"SRAN Smart WiFi Touch Switch, Work with Google Home/Alexa, 118*72mm Tempered Glass Panel, BR US Socket Not Smart",US $11.81,US $25.42,,,,,https://www.aliexpress.us/item/3256805718814977.html
"Interruptor e Tomada Inteligente WiFi em Vidro Touch - Tuya, Alexa e Controle Remoto",OK,3256802481851664,MOES Tuya Smart ZigBee WiFi Switch Module Dimmer Curtain Switch Smart Life App Remote Control Alexa Google Home Voice Control,US $7.19,US $21.18,,,,,https://www.aliexpress.us/item/3256802481851664.html
"Interruptor e Tomada Inteligente WiFi em Vidro Touch - Tuya, Alexa e Controle Remoto",OK,3256810398747437,Manhot EU Wifi Smart Wall Touch Switch Neutral Wire/No Neutral Wire Required App Remote Control Work with Tuya Alexa Google Home,US $7.43,US $28.86,,,,,https://www.aliexpress.us/item/3256810398747437.html
"Interruptor e Tomada Inteligente WiFi em Vidro Touch - Tuya, Alexa e Controle Remoto",OK,3256805298442912,"Melery Brazil 10A WiFi Smart Wall Socket USB Tuya Electrical Plug Outlet Glass Panel Alexa Google Home,Whole House Intelligence",US $20.28,US $25.16,,,,,https://www.aliexpress.us/item/3256805298442912.html
ACEBOTT Carrinho Robótico Inteligente DIY ESP32 com Lançador de Água - STEM Arduino,OK,1005006678005745,Engine Funnel Car Universal Silicone Liquid Funnel Washer Fluid Change Foldable Portable Auto Engine Oil Petrol Change Funnel,￡0.30,￡2.05,,,,,https://www.aliexpress.us/item/1005006678005745.html
ACEBOTT Carrinho Robótico Inteligente DIY ESP32 com Lançador de Água - STEM Arduino,OK,1005007574983473,3-60pcs Car Air Freshener Natural Scented Tea Paper Auto Hanging Vanilla Perfume Fragrance Leaf Shape Car Accessories Interior,￡0.30,￡5.16,,,,,https://www.aliexpress.us/item/1005007574983473.html
ACEBOTT Carrinho Robótico Inteligente DIY ESP32 com Lançador de Água - STEM Arduino,OK,1005009775708321,Car Diffuser Humidifier 5 Modes Car Humidifier Aromatherapy Diffusers Car Air Freshener For Car Home Office Bedroom Long,￡9.19,￡19.57,,,,,https://www.aliexpress.us/item/1005009775708321.html
ACEBOTT Carrinho Robótico Inteligente DIY ESP32 com Lançador de Água - STEM Arduino,OK,1005012311986438,7X73mm Non-Fragrance Cotton Core for Car Outlet Air Freshener Auto Perfume Vent Air Freshener Perfume-Less Cotton Sticks,,,,,,,https://www.aliexpress.us/item/1005012311986438.html
ACEBOTT Carrinho Robótico Inteligente DIY ESP32 com Lançador de Água - STEM Arduino,OK,1005007038114975,Car Rearview Mirror Wiper Cleaning Tool Auto Glass Mist Cleaner Scraper Car Accessories Handle Telescopic Window Cleaning Brush,￡0.30,￡2.91,,,,,https://www.aliexpress.us/item/1005007038114975.html
ACEBOTT Carrinho Robótico Inteligente DIY ESP32 com Lançador de Água - STEM Arduino,OK,1005007551574354,Hot Sale Car Air Freshener NOS Nitrogen Bottle Air Vent Aromatherapy Auto Aroma Outle Perfume Flavoring Fragrances Accessories,,,,,,,https://www.aliexpress.us/item/1005007551574354.html
ACEBOTT Carrinho Robótico Inteligente DIY ESP32 com Lançador de Água - STEM Arduino,OK,1005005470454196,Car Perfume Air Freshener Apple Shape Original Fragrance Orange Lemon Apple Strawberry Lavender Scent Automobile Accessories,￡1.42,￡1.44,,,,,https://www.aliexpress.us/item/1005005470454196.html
ACEBOTT Carrinho Robótico Inteligente DIY ESP32 com Lançador de Água - STEM Arduino,OK,1005008908884910,50ml Air Freshener Car Fragrance Spray Fresh Air Long-Lasting Fragrance Bathroom Hotel Valentine's Day Gifts Hand Sanitizer Bott,￡3.34,￡7.12,,,,,https://www.aliexpress.us/item/1005008908884910.html
ACEBOTT Carrinho Robótico Inteligente DIY ESP32 com Lançador de Água - STEM Arduino,OK,1005011804150548,Car Window Cleaner Brush Kit Windshield Cleaning Wash Tool Inside Interior Auto Glass Wiper with Long Handle Car Accessories,￡2.55,￡5.44,,,,,https://www.aliexpress.us/item/1005011804150548.html
ACEBOTT Carrinho Robótico Inteligente DIY ESP32 com Lançador de Água - STEM Arduino,OK,1005007634970167,Wireless Electric Portable Espresso Coffee Machine for Car & Home Camping Coffee Maker 3-in-1 Capsule Powder Travel Coffee Maker,￡27.91,￡59.40,,,,,https://www.aliexpress.us/item/1005007634970167.html
ACEBOTT Carrinho Robótico Inteligente DIY ESP32 com Lançador de Água - STEM Arduino,OK,1005008078523191,Car Air Freshener Perfume Refill Natural Plant Essential Oil Aroma Diffuser Fragrance Humidifier Essential Oil Freshener 10ml,￡2.34,￡4.70,,,,,https://www.aliexpress.us/item/1005008078523191.html
ACEBOTT Carrinho Robótico Inteligente DIY ESP32 com Lançador de Água - STEM Arduino,OK,1005008248089355,12PCS 3ML Air Freshener Natural Plant Aromatherapy Essential Oil Air Conditioning Perfume Aroma Diffuser Fragrance Humidifier,￡2.96,￡6.31,,,,,https://www.aliexpress.us/item/1005008248089355.html
ACEBOTT Carrinho Robótico Inteligente DIY ESP32 com Lançador de Água - STEM Arduino,OK,1005007345064796,1000mAh Car Air Freshener USB Rechargeable Fragrance Diffuser LED Light Smell Distributor Aromatherapy Scent Air Refresher,￡19.58,￡41.68,,,,,https://www.aliexpress.us/item/1005007345064796.html
ACEBOTT Carrinho Robótico Inteligente DIY ESP32 com Lançador de Água - STEM Arduino,OK,1005008118550921,Car Outlet Vent Perfume Clips 2D Cat  Air Freshener Diffuser Conditioning Aromatherapy Perfume Clip Car Interior Decoration,￡0.93,￡0.96,,,,,https://www.aliexpress.us/item/1005008118550921.html
ACEBOTT Carrinho Robótico Inteligente DIY ESP32 com Lançador de Água - STEM Arduino,OK,1005006356719831,2pcs Durable Universal Water Faucet Adapter Plastic Hose Fitting Quick Connect Fitting Tap for Car Washing Garden Irrigation,,,,,,,https://www.aliexpress.us/item/1005006356719831.html
ACEBOTT Carrinho Robótico Inteligente DIY ESP32 com Lançador de Água - STEM Arduino,OK,1005006061508946,Cute Flower Perfume Clip Car Air Outlet Decoration Aromatherapy Air Freshener Colorful Flora Ornament Auto Interior Accessories,￡1.39,￡2.97,,,,,https://www.aliexpress.us/item/1005006061508946.html
ACEBOTT Carrinho Robótico Inteligente DIY ESP32 com Lançador de Água - STEM Arduino,OK,1005007306571824,Car Perfume Refill Liquid Essential Oil Air Freshener Replenishment for Auto Natural Plant Aroma Diffuser Fragrance Humidifier,￡2.42,￡5.18,,,,,https://www.aliexpress.us/item/1005007306571824.html
ACEBOTT Carrinho Robótico Inteligente DIY ESP32 com Lançador de Água - STEM Arduino,OK,1005010521444040,Engine Funnel Car Universal Silicone Liquid Funnel Washer Fluid Change Foldable Portable Auto Engine Oil Petrol Change Funnel,￡0.30,￡2.34,,,,,https://www.aliexpress.us/item/1005010521444040.html
ACEBOTT Carrinho Robótico Inteligente DIY ESP32 com Lançador de Água - STEM Arduino,OK,1005008845070641,1PC 2 In1 Microfiber Screen Cleaner Spray Bottle Mobile Phone Computer iPad Car Screen Microfiber Cloth Cleaning Glasses Wipes,,,,,,,https://www.aliexpress.us/item/1005008845070641.html
ACEBOTT Carrinho Robótico Inteligente DIY ESP32 com Lançador de Água - STEM Arduino,OK,1005009664458494,"1 Refillable Car Air Freshener Perfume Diffuser, Car Air Conditioning Vent Accessory, Car Aromatherapy Diffuser with 10 Gaskets",,,,,,,https://www.aliexpress.us/item/1005009664458494.html
ACEBOTT Carrinho Robótico Inteligente DIY ESP32 com Lançador de Água - STEM Arduino,OK,1005009963029115,Naruto cartoon keychain Hatake Kakashi character keychain cartoon pendant bag car key decorations gifts for fans.,,,,,,,https://www.aliexpress.us/item/1005009963029115.html
ACEBOTT Carrinho Robótico Inteligente DIY ESP32 com Lançador de Água - STEM Arduino,OK,1005006024047291,NOS Car Air Freshener Blue Billet Aluminium Scent Boxed Car Air Vent Perfume Refill Freshener!,￡0.30,￡5.14,,,,,https://www.aliexpress.us/item/1005006024047291.html
ACEBOTT Carrinho Robótico Inteligente DIY ESP32 com Lançador de Água - STEM Arduino,OK,1005007687531978,Magnetic control lamp Wired 5cm Led Magnetron Light Model w Battery Diy Car Toys Lighting Making Diorama Materials Gunda Robots,￡2.13,￡2.16,,,,,https://www.aliexpress.us/item/1005007687531978.html
ACEBOTT Carrinho Robótico Inteligente DIY ESP32 com Lançador de Água - STEM Arduino,OK,1005007066399554,"1pc Refillable Car Air Freshener Perfume Diffuser Clip, Auto Air Vent Car Interior  Car Aromatherapy Diffuser With 10pcs Pads",￡1.48,￡3.18,,,,,https://www.aliexpress.us/item/1005007066399554.html
ACEBOTT Carrinho Robótico Inteligente DIY ESP32 com Lançador de Água - STEM Arduino,OK,1005007590767741,Car Vacuum Cleaner Mini Convenient Vacuum Cleaner Multi Functional Wireless Handheld Vacuum Cleaner Strong Suction Low Noise,￡7.30,￡29.70,,,,,https://www.aliexpress.us/item/1005007590767741.html
ACEBOTT Carrinho Robótico Inteligente DIY ESP32 com Lançador de Água - STEM Arduino,OK,1005010089130585,Smart Car Air Freshener Adjustable Car Smell Air Scent Ceiling Starry Scent Light 30-50ml Car Sky Automatic Ambient Freshener,￡2.50,￡5.34,,,,,https://www.aliexpress.us/item/1005010089130585.html
ACEBOTT Carrinho Robótico Inteligente DIY ESP32 com Lançador de Água - STEM Arduino,OK,1005007885398148,Solar Car Air Freshener Interstellar Levitation Rotating Auto Flavoring Car Perfume Deodorant Diffuser Interiors Accessories,￡1.30,￡7.14,,,,,https://www.aliexpress.us/item/1005007885398148.html
ACEBOTT Carrinho Robótico Inteligente DIY ESP32 com Lançador de Água - STEM Arduino,OK,1005010555983754,Dual-Nozzle Humidifier (USB) | 600ml/H Super Mist & Ultra Quiet | Moisturizing Device for Home/Car,￡3.50,￡7.64,,,,,https://www.aliexpress.us/item/1005010555983754.html
ACEBOTT Carrinho Robótico Inteligente DIY ESP32 com Lançador de Água - STEM Arduino,OK,1005006293723139,Car Fresh Fragrance Car Accessories Creative Aluminum Alloy UFO Styling Air Freshener Interior Air Purifier Auto Air Purifier,￡3.63,￡7.58,,,,,https://www.aliexpress.us/item/1005006293723139.html
ACEBOTT Carrinho Robótico Inteligente DIY ESP32 com Lançador de Água - STEM Arduino,OK,1005007789891711,Smart Car Air Aromatherapy Diffuser Fragrance Car Air Fresheners With Three Adjustable Humidifier Essential Oil Diffuser,￡13.13,￡29.20,,,,,https://www.aliexpress.us/item/1005007789891711.html
ACEBOTT Carrinho Robótico Inteligente DIY ESP32 com Lançador de Água - STEM Arduino,OK,1005007600425317,Universal Large Truck Extended Suction Cup Type Car Holder Fixed Shockproof Mobile Phone Stand Big Joint GPS Navigation Holder,￡6.30,￡17.26,,,,,https://www.aliexpress.us/item/1005007600425317.html
ACEBOTT Carrinho Robótico Inteligente DIY ESP32 com Lançador de Água - STEM Arduino,OK,1005008190062296,3 in 1 Window Cleaning Squeegee Multi Function Glass Mirror Wiper with Spray Bottle Microfiber Scrub Household Car Cleaner Tools,,,,,,,https://www.aliexpress.us/item/1005008190062296.html
ACEBOTT Carrinho Robótico Inteligente DIY ESP32 com Lançador de Água - STEM Arduino,OK,1005009296183677,Car Phone Magnetic Stand Mechanical Vacuum Suction Cup Rotate 360° Magnetic Adsorption Bracket Navigation Universal Holder,￡1.81,￡2.08,,,,,https://www.aliexpress.us/item/1005009296183677.html
ACEBOTT Carrinho Robótico Inteligente DIY ESP32 com Lançador de Água - STEM Arduino,OK,1005010759377860,"Car air freshener, three strengths adjustable, car aromatherapy machine, portable freshener perfume fragrance",￡9.86,￡19.74,,,,,https://www.aliexpress.us/item/1005010759377860.html
ACEBOTT Carrinho Robótico Inteligente DIY ESP32 com Lançador de Água - STEM Arduino,OK,1005010215473465,Xiaomi Mijia Car Vacuum Cleaner Strong Suction Three-in-One Deep Dust Collector Can Be Used as a Household Car Vacuum Cleaner,￡69.98,￡139.99,,,,,https://www.aliexpress.us/item/1005010215473465.html
ACEBOTT Carrinho Robótico Inteligente DIY ESP32 com Lançador de Água - STEM Arduino,OK,1005006198916143,Car Air Freshener NOS Nitrogen Bottle Air Vent Aromatherapy Auto Aroma Outle Perfume Flavoring Fragrances Accessories,,,,,,,https://www.aliexpress.us/item/1005006198916143.html
ACEBOTT Carrinho Robótico Inteligente DIY ESP32 com Lançador de Água - STEM Arduino,OK,1005007747083839,Rotating pilot bear ornaments outlet car air freshener vent clip perfume airplane fragrance diffuser decorations accessories men,￡5.00,￡11.14,,,,,https://www.aliexpress.us/item/1005007747083839.html
ACEBOTT Carrinho Robótico Inteligente DIY ESP32 com Lançador de Água - STEM Arduino,OK,1005007599238733,Auto Accessories Three-Section Telescopic Roof Window Cleaning Maintenance Rotating Double Brush Head Car Wash Mop,￡3.30,￡17.53,,,,,https://www.aliexpress.us/item/1005007599238733.html
ACEBOTT Carrinho Robótico Inteligente DIY ESP32 com Lançador de Água - STEM Arduino,OK,1005007370323840,Car Air Freshener Electric Auto Aroma Diffuser Car Air Vent Essential Oil Mist Humidifier Fragrance Diffuser Aromatherapy,￡12.46,￡29.03,,,,,https://www.aliexpress.us/item/1005007370323840.html
ACEBOTT Carrinho Robótico Inteligente DIY ESP32 com Lançador de Água - STEM Arduino,OK,1005010352960083,Car Window Cleaner Brush Kit Long Handle Windshield Wiper Interior Auto Glass Cleaning Wash Tool Car Accessories,￡2.70,￡5.78,,,,,https://www.aliexpress.us/item/1005010352960083.html
ACEBOTT Carrinho Robótico Inteligente DIY ESP32 com Lançador de Água - STEM Arduino,OK,1005007054940944,Aerosol Dispenser Air Freshener Fragrance Aerosol Spray Dispenser Car Household Wall-mounted Automatic Adjustable Aroma Diffuser,￡7.00,￡21.90,,,,,https://www.aliexpress.us/item/1005007054940944.html
ACEBOTT Carrinho Robótico Inteligente DIY ESP32 com Lançador de Água - STEM Arduino,OK,1005008119571673,Foldable Silicone Funnel Kitchen Large Small Food Grade Funnel Household Car Engine Oil Petrol Change Tools Car/Kitchen Supplies,,,,,,,https://www.aliexpress.us/item/1005008119571673.html
ACEBOTT Carrinho Robótico Inteligente DIY ESP32 com Lançador de Água - STEM Arduino,OK,1005009051251755,Car Mini Air Humidifier 180ML USB Electric Aroma Diffuser Essential Oil Purifier Aromatherapy Mist Maker Lights For Home Bedroom,￡0.95,￡8.02,,,,,https://www.aliexpress.us/item/1005009051251755.html
ACEBOTT Carrinho Robótico Inteligente DIY ESP32 com Lançador de Água - STEM Arduino,OK,1005008083921925,4PCs Flower Car Outlet Vent Perfume Clips Air Freshener Diffuser Conditioning Aromatherapy Perfume Clip Car Interior Decoration,,,,,,,https://www.aliexpress.us/item/1005008083921925.html
ACEBOTT Carrinho Robótico Inteligente DIY ESP32 com Lançador de Água - STEM Arduino,OK,1005007010706034,Air Freshener Tablets Refill Solid Perfume Aromatherapy Tablets Car Air Vent Fragrances Flavor Diffuser Car Interior Accessories,,,,,,,https://www.aliexpress.us/item/1005007010706034.html
ACEBOTT Carrinho Robótico Inteligente DIY ESP32 com Lançador de Água - STEM Arduino,OK,1005009524945969,M11 1/4 1/8 Digital Car Tire Air Pressure Inflator Gauge LCD Display LED Backlight Vehicle Tester Inflation Monitoring,￡3.30,￡12.53,,,,,https://www.aliexpress.us/item/1005009524945969.html
ACEBOTT Carrinho Robótico Inteligente DIY ESP32 com Lançador de Água - STEM Arduino,OK,1005012374382792,"Natural Wood Apple Aroma Diffuser Car Home Office Tabletop Decor, Relaxing Scent Dispenser, Holiday Gift, Essential Oil Diffuser",￡1.30,￡6.97,,,,,https://www.aliexpress.us/item/1005012374382792.html
ACEBOTT Carrinho Robótico Inteligente DIY ESP32 com Lançador de Água - STEM Arduino,OK,1005006038977700,Car Aromatherapy Perfume Air Freshener Japanese Cartoon Anime Rearview Mirror Fragrance Pendant Toilet Air Outlet Pink Bottle,￡0.30,￡3.93,,,,,https://www.aliexpress.us/item/1005006038977700.html
ACEBOTT Carrinho Robótico Inteligente DIY ESP32 com Lançador de Água - STEM Arduino,OK,1005010108361796,Round Car Perfume Bottle Ornament Aromatherapy Essential Oil Bottle Hanging Auto Air Freshener Car Decoration Interior for Home,￡2.27,￡4.86,,,,,https://www.aliexpress.us/item/1005010108361796.html
ACEBOTT Carrinho Robótico Inteligente DIY ESP32 com Lançador de Água - STEM Arduino,OK,1005007856984842,Car Essential Oil Diffuser Fragrance Air Freshener Perfume Bottle Ornament Hanging Air Freshener Diffuser Interior Accessory,￡2.30,￡4.63,,,,,https://www.aliexpress.us/item/1005007856984842.html
R&B Boneca Reborn Realista Corpo Macio - Pintura 3D estilo Bebê de Verdade,OK,3256812576407639,20 Inch Cloth Body Reborn Baby Doll Hand Rooted Blonde Hair 3D Veins Lifelike Hand Painted Realistic Newborn Collectible Art Doll Christmas Birthday Gift For Collectors（TT）,US $32.79,US $132.49,,,,,https://www.aliexpress.us/item/3256812576407639.html
R&B Boneca Reborn Realista Corpo Macio - Pintura 3D estilo Bebê de Verdade,OK,3256807771535328,Risbecko 20 Inch Reborn Baby Doll Cute Doll Soft Touch 3D Paint and Visible Veins - Collectible Art Doll Gift Birthday Gift,US $36.60,US $92.87,,,,,https://www.aliexpress.us/item/3256807771535328.html
R&B Boneca Reborn Realista Corpo Macio - Pintura 3D estilo Bebê de Verdade,OK,3256811598099239,18 Inch Can Open Mouth Silicone Reborn Baby Girl Soft Touch Simulated Doll with 3D Painting Visible Veins Birthday/Holiday Gift,US $206.63,US $493.83,,,,,https://www.aliexpress.us/item/3256811598099239.html
R&B Boneca Reborn Realista Corpo Macio - Pintura 3D estilo Bebê de Verdade,OK,3256805948836741,"BZDOLL Realistic 48cm Soft Silicone Asleep Reborn Baby Doll With 3D-painting Skin, Alive 19inch Newborn Bebe Cute Birthday Gift",US $34.85,US $132.71,,,,,https://www.aliexpress.us/item/3256805948836741.html
R&B Boneca Reborn Realista Corpo Macio - Pintura 3D estilo Bebê de Verdade,OK,3256807290320813,MRB 19 inch Already Painted Reborn Doll Parts Levi Awake Lifelike Baby 3D Painting with Visible Veins Cloth Body Included,US $26.39,US $55.94,,,,,https://www.aliexpress.us/item/3256807290320813.html
R&B Boneca Reborn Realista Corpo Macio - Pintura 3D estilo Bebê de Verdade,OK,3256812475355654,NPK 19inch Kodi Already Painted Finished Reborn Baby Doll Lifelike Baby 3D Painting with Visible Veins Gifts for children,US $29.45,US $76.04,,,,,https://www.aliexpress.us/item/3256812475355654.html
R&B Boneca Reborn Realista Corpo Macio - Pintura 3D estilo Bebê de Verdade,OK,3256812468489868,24inch Lifelike Reborn Sandie Doll Multiple Layers Painting 3D Skin Soft Cotton Body Visible Veins With Hand Root Hair Art Doll,US $49.69,US $184.03,,,,,https://www.aliexpress.us/item/3256812468489868.html
R&B Boneca Reborn Realista Corpo Macio - Pintura 3D estilo Bebê de Verdade,OK,3256812639062030,"20-Inch Reborn Baby Doll, 3D Skin Texture, Premium Handcrafted Details, Realistic Baby Doll, Posable Figure, Soft Touch Vinyl Lifelike Baby Doll with Outfits And Gift Set, Ideal for Display Show, Art Collection, Role Play, And Holiday Gifts",US $36.91,US $111.83,,,,,https://www.aliexpress.us/item/3256812639062030.html
R&B Boneca Reborn Realista Corpo Macio - Pintura 3D estilo Bebê de Verdade,OK,3256812261003692,NPK Reborn Doll Parts Juliette 19inch Already Finished Painted Cute Baby 3D Painting with Visible Veins  Cloth Body Included,US $16.00,US $54.36,,,,,https://www.aliexpress.us/item/3256812261003692.html
R&B Boneca Reborn Realista Corpo Macio - Pintura 3D estilo Bebê de Verdade,OK,3256806902971210,NPK 19inch Full Body Pascale Reborn Baby Newborn Doll Lifelike Cuddly Baby Multiple Layers Painting 3D Skin with Hand Root Hair,US $58.07,US $66.46,,,,,https://www.aliexpress.us/item/3256806902971210.html
R&B Boneca Reborn Realista Corpo Macio - Pintura 3D estilo Bebê de Verdade,OK,3256806776512522,Reborn Boy preemy Soft 18 Inch Kid Boy Full Body 3D Painted Silicone Baby Reborn Doll Unfinished Newborn Africa Baby Doll Baby,US $164.79,US $388.82,,,,,https://www.aliexpress.us/item/3256806776512522.html
R&B Boneca Reborn Realista Corpo Macio - Pintura 3D estilo Bebê de Verdade,OK,3256805510603105,Finished Reborn Doll Meadow Vinyl Or Cloth Body Newborn Toy For Kids Gifts Boneca Renascida Brinquedo Bebe Para Crianças Menina,US $33.64,US $95.07,,,,,https://www.aliexpress.us/item/3256805510603105.html
R&B Boneca Reborn Realista Corpo Macio - Pintura 3D estilo Bebê de Verdade,OK,3256810573020170,NPK 19inch Lali Newborn Baby Reborn Doll - Soft Touch Lifelike Cuddly 3D Skin Multiple Layers Painting Soft Body,US $35.48,US $83.54,,,,,https://www.aliexpress.us/item/3256810573020170.html
R&B Boneca Reborn Realista Corpo Macio - Pintura 3D estilo Bebê de Verdade,OK,3256808464484743,NPK 19inch Daphnne Full Body Reborn Lifelike Baby Doll with 3D Skin Multiple Layers Painting with hand draw Hair Touch Doll,US $40.05,US $100.13,,,,,https://www.aliexpress.us/item/3256808464484743.html
R&B Boneca Reborn Realista Corpo Macio - Pintura 3D estilo Bebê de Verdade,OK,3256808898938375,NPK 19inch Peaches Newborn Baby Cloth Body Doll with 3D Skin Without clothes Painting with Visible Veins Dark Skin Reborn Doll,US $48.78,US $56.67,,,,,https://www.aliexpress.us/item/3256808898938375.html
R&B Boneca Reborn Realista Corpo Macio - Pintura 3D estilo Bebê de Verdade,OK,3256805842593077,1Pcs 50CM Finished Reborn Baby Dolls LouLou Twins Girl Lifelike Silicone Vinyl Newborn 3D Skin Visible Veins DIY Toys For Girls,US $44.99,US $122.09,,,,,https://www.aliexpress.us/item/3256805842593077.html
R&B Boneca Reborn Realista Corpo Macio - Pintura 3D estilo Bebê de Verdade,OK,3256812614819442,25Inch Hand-Rooted Hair Reborn Pippa Doll Handmade Huge Size Toddler Lifelike Multiple Layers Painting 3D Skin Visible Veins,US $59.70,US $205.87,,,,,https://www.aliexpress.us/item/3256812614819442.html
R&B Boneca Reborn Realista Corpo Macio - Pintura 3D estilo Bebê de Verdade,OK,3256812627192464,24inch Multiple Layers Painting Sandie Dark Skin Soft Cloth Body Lifelike Newborn Reborn Doll With Hand Root Long Curly Hair,US $61.03,US $190.73,,,,,https://www.aliexpress.us/item/3256812627192464.html
R&B Boneca Reborn Realista Corpo Macio - Pintura 3D estilo Bebê de Verdade,OK,3256806677530795,BZDOLL Realistic 60cm 24inch Soft Silicone Reborn Baby Doll With 3D-painting Skin and Vascular Vein Handmade Girl Birthday Gift,US $56.79,US $134.22,,,,,https://www.aliexpress.us/item/3256806677530795.html
R&B Boneca Reborn Realista Corpo Macio - Pintura 3D estilo Bebê de Verdade,OK,3256811621761582,Risbecko 20 Inch Lifelike Black Reborn Baby Doll - African American Soft Cloth Body Doll - Birthday Gift/Christmas Gift,US $46.83,US $106.25,,,,,https://www.aliexpress.us/item/3256811621761582.html
R&B Boneca Reborn Realista Corpo Macio - Pintura 3D estilo Bebê de Verdade,OK,3256810070761792,50cm Realistic Silicone Reborn Baby Girl Loulou Rooted Hair Art Doll Hand-Painted Veins Details for Collector Christmas Gift,US $267.25,US $568.62,,,,,https://www.aliexpress.us/item/3256810070761792.html
R&B Boneca Reborn Realista Corpo Macio - Pintura 3D estilo Bebê de Verdade,OK,3256809557384969,19inch LouLou Dark Skin Soft Cloth Body Lifelike Newborn Reborn Doll Multiple Layers Painting 3D Skin with Hand Root Curly Hair,US $41.24,US $142.22,,,,,https://www.aliexpress.us/item/3256809557384969.html
R&B Boneca Reborn Realista Corpo Macio - Pintura 3D estilo Bebê de Verdade,OK,3256812288592647,NPK Abigail 19-inch Newborn Baby Doll - Lifelike Cuddly Realistic 3D Skin with Visible Veins Multiple Layers Painting,US $38.15,US $88.87,,,,,https://www.aliexpress.us/item/3256812288592647.html
R&B Boneca Reborn Realista Corpo Macio - Pintura 3D estilo Bebê de Verdade,OK,3256806967112652,MRB 19 inch Already Finished Painted Reborn Doll Parts Juliette Cute Baby 3D Painting with Visible Veins Cloth Body Included,US $21.10,US $65.22,,,,,https://www.aliexpress.us/item/3256806967112652.html
R&B Boneca Reborn Realista Corpo Macio - Pintura 3D estilo Bebê de Verdade,OK,3256808944979442,48cm  Dark Skin Reborn Doll Peaches Cloth Body with 3D Skin Without clothes Painting with Visible Veins,US $43.20,US $154.30,,,,,https://www.aliexpress.us/item/3256808944979442.html
R&B Boneca Reborn Realista Corpo Macio - Pintura 3D estilo Bebê de Verdade,OK,3256812013205038,18inch Reborn Bettie Realistic Baby Soft Touch Cuddly Multiple Layers Painting 3D Skin with Hand-Rooted Hair,US $50.55,US $59.14,,,,,https://www.aliexpress.us/item/3256812013205038.html
R&B Boneca Reborn Realista Corpo Macio - Pintura 3D estilo Bebê de Verdade,OK,3256806099818013,18 Inch Full Body Silicone Newborn Baby Girl Bettie Lifelike Reborn Baby Doll 3D Painted Skin Newborn Bettie Doll,US $35.06,US $98.44,,,,,https://www.aliexpress.us/item/3256806099818013.html
R&B Boneca Reborn Realista Corpo Macio - Pintura 3D estilo Bebê de Verdade,OK,3256811650452825,Herpinker 18.5inch 3.04kg 100% Full Body Silicone Reborn Baby Doll Realistic Boy Girl Dolls Soft Baby DIY Blank Children Toys,US $126.91,US $832.50,,,,,https://www.aliexpress.us/item/3256811650452825.html
R&B Boneca Reborn Realista Corpo Macio - Pintura 3D estilo Bebê de Verdade,OK,3256810439601882,NPK 19inch  Full body Vinyl Monkey Finished  Reborn Baby Doll Lifelike Baby 3D Painting Baby Toy,US $53.37,US $61.66,,,,,https://www.aliexpress.us/item/3256810439601882.html
R&B Boneca Reborn Realista Corpo Macio - Pintura 3D estilo Bebê de Verdade,OK,3256809511126518,55cm Sue-sue Full Vinyl Body Cute Princess Reborn Toddler Girl Doll Lifelike Multiple Layers Painting 3D Skin Hand Rooted Hair,US $53.21,US $177.37,,,,,https://www.aliexpress.us/item/3256809511126518.html
R&B Boneca Reborn Realista Corpo Macio - Pintura 3D estilo Bebê de Verdade,OK,3256803914619264,19inch Already Painted Reborn Doll Kits Cute Baby 3D Painting Skin with Visible Veins Cloth Body Included Muñeca Kit Reborn,US $29.07,US $96.89,,,,,https://www.aliexpress.us/item/3256803914619264.html
R&B Boneca Reborn Realista Corpo Macio - Pintura 3D estilo Bebê de Verdade,OK,3256811467757928,Risbecko 48cm Reborn Doll Baby Full Silicone Vinyl Girl Body -19 inch 3D Painted Skin Realistic Touch Doll Toy Christmas Gift,US $37.59,US $87.76,,,,,https://www.aliexpress.us/item/3256811467757928.html
R&B Boneca Reborn Realista Corpo Macio - Pintura 3D estilo Bebê de Verdade,OK,3256805684173908,55cm Sleeping Bebe Reborn With Rooted Hair Handmade Lifelike Real Art Newborn Baby Doll 3D Painted Skin With Soft Touch Feeling,US $42.85,US $102.38,,,,,https://www.aliexpress.us/item/3256805684173908.html
R&B Boneca Reborn Realista Corpo Macio - Pintura 3D estilo Bebê de Verdade,OK,3256812419739908,KEIUMI 22 Inch Handmade Painting Realistic Skin Full Body Viny Reborn Smiling Baby Collectible Art Doll Christmas Gift,US $53.70,US $127.64,,,,,https://www.aliexpress.us/item/3256812419739908.html
R&B Boneca Reborn Realista Corpo Macio - Pintura 3D estilo Bebê de Verdade,OK,3256807619243156,55CM Full Body Silicone Waterproof Reborn Toddler Girl Doll Princess Betty Lifelike Soft Touch 3D Skin Multiple Layers Painting,US $56.85,US $134.34,,,,,https://www.aliexpress.us/item/3256807619243156.html
R&B Boneca Reborn Realista Corpo Macio - Pintura 3D estilo Bebê de Verdade,OK,3256806808176057,18Inch Already Finished Reborn Doll Felicia Adorable Lifelike Doll 3D Skin Tone Veins Doll Gift With Doll Accessories,US $39.84,US $98.15,,,,,https://www.aliexpress.us/item/3256806808176057.html
R&B Boneca Reborn Realista Corpo Macio - Pintura 3D estilo Bebê de Verdade,OK,3256809619835123,NPK 18inch Bettie Reborn Baby Doll - Newborn Lifelike Soft Touch Cuddly with 3D Skin Multiple Layers Painting And Hand Root Hair,US $39.83,US $86.59,,,,,https://www.aliexpress.us/item/3256809619835123.html
R&B Boneca Reborn Realista Corpo Macio - Pintura 3D estilo Bebê de Verdade,OK,3256810287448866,NPK 48cm Lifelike Reborn Baby Doll Dark Skin Primrose Awake with Multi-Layer Painting And Similar Outfit Collectible Doll,US $36.51,US $93.05,,,,,https://www.aliexpress.us/item/3256810287448866.html
R&B Boneca Reborn Realista Corpo Macio - Pintura 3D estilo Bebê de Verdade,OK,3256812399014196,19inch Lifelike Reborn Collectible Doll Loulou Awak with 2 Version Body NPK 3D Skin Painting Multiple Layers Visible Veins,US $42.93,US $91.33,,,,,https://www.aliexpress.us/item/3256812399014196.html
R&B Boneca Reborn Realista Corpo Macio - Pintura 3D estilo Bebê de Verdade,OK,3256812644485933,18 Inch Hulexy Girl Reborn Baby Doll Bald Open Eyes Solid Full Body Silicone Washable Hand Painted Lifelike Collectible Art Gift（TT）,US $204.60,US $524.63,,,,,https://www.aliexpress.us/item/3256812644485933.html
R&B Boneca Reborn Realista Corpo Macio - Pintura 3D estilo Bebê de Verdade,OK,3256812498070148,3D Painted Skin with Visible Veins Reborn Pickle 50CM Realistic Baby Soft Cloth Bebe Handmade Art Dolls Muñeca Bebe,US $49.15,US $163.84,,,,,https://www.aliexpress.us/item/3256812498070148.html
R&B Boneca Reborn Realista Corpo Macio - Pintura 3D estilo Bebê de Verdade,OK,3256807619391405,20Inch Already Painted Reborn Doll Kit Laura 3D Painted Skin Mold High Quality Handmade Newborn Baby Doll Parts With Cloth Body,US $28.59,US $60.35,,,,,https://www.aliexpress.us/item/3256807619391405.html
R&B Boneca Reborn Realista Corpo Macio - Pintura 3D estilo Bebê de Verdade,OK,3256808942959089,NPK 19inch vivienne Full Body Reborn Lifelike Baby Doll with 3D Skin Multiple Layers Painting with hand rooted Hair Touch Doll,US $39.60,US $99.00,,,,,https://www.aliexpress.us/item/3256808942959089.html
R&B Boneca Reborn Realista Corpo Macio - Pintura 3D estilo Bebê de Verdade,OK,3256812660858204,"Realistic Reborn Baby Doll, 19-Inch African American Lifelike Boy | Real-Life Feel, Hand-Rooted Hair, Handmade Newborn, Weighted Body, Soft & Cuddly, Accessories Included, Gift Box,Ages 3+",US $38.81,US $117.61,,,,,https://www.aliexpress.us/item/3256812660858204.html
R&B Boneca Reborn Realista Corpo Macio - Pintura 3D estilo Bebê de Verdade,OK,3256809401698556,"48CM Reborn Baby Doll Pascale Full Body Silicone Sleeping Newborn Doll, 3D Painted Skin with Visible Veins,Realistic Bebe Reborn",US $38.24,US $159.31,,,,,https://www.aliexpress.us/item/3256809401698556.html
R&B Boneca Reborn Realista Corpo Macio - Pintura 3D estilo Bebê de Verdade,OK,3256805484286279,18 Inch Bebe Bettie Doll Kits 3D Painting Handmade Soft Vinyl With Full Limbs Reborn Baby Kits Unpainted Doll Kits,US $21.02,US $60.69,,,,,https://www.aliexpress.us/item/3256805484286279.html
R&B Boneca Reborn Realista Corpo Macio - Pintura 3D estilo Bebê de Verdade,OK,3256809548445201,24inch Sandie Soft Cotton Body Hand Root Blond Hair Lifelike Reborn Doll Multiple Layers Painting 3D Skin Visible Veins Art Doll,US $58.08,US $193.61,,,,,https://www.aliexpress.us/item/3256809548445201.html
R&B Boneca Reborn Realista Corpo Macio - Pintura 3D estilo Bebê de Verdade,OK,3256812613069354,"Lifelike Reborn Baby Dolls-18 Inch Realistic Newborn Baby, Cloth Body, Handmade Real Life Doll for Cuddling and Playtime with Accessories, Gift for Kids Age 3+",US $31.11,US $117.91,,,,,https://www.aliexpress.us/item/3256812613069354.html
R&B Boneca Reborn Realista Corpo Macio - Pintura 3D estilo Bebê de Verdade,OK,3256812483016573,"AONPENG 55cm Baby Reborn Cloth Body Doll Toy with Realistic 3D-painting Skin, 22Inch Soft Vinyl Toddler Boy Lovely Birthday Gift",US $49.74,US $105.84,,,,,https://www.aliexpress.us/item/3256812483016573.html
R&B Boneca Reborn Realista Corpo Macio - Pintura 3D estilo Bebê de Verdade,OK,3256809502291038,NPK 19''High Quality Handmade Art EVI Newborn Baby Reborn Doll Lifelike Soft Touch Cuddly Baby Multiple Layers Painting 3D Skin,US $45.31,US $141.59,,,,,https://www.aliexpress.us/item/3256809502291038.html
Daytech Sensor de Porta Sem Fio Tuya com Campainha - Segurança Infantil,OK,3256811628348887,Tuya Zigbee Smart Temperature Humidity Sensor Indoor Hygrometer Thermometer Home Automation Real-time Data Works With Alexa,US $2.33,US $7.66,,,,,https://www.aliexpress.us/item/3256811628348887.html
Daytech Sensor de Porta Sem Fio Tuya com Campainha - Segurança Infantil,OK,3256811657444374,Tuya ZigBee Smart Water Leak Sensor Flood Leakage Sensor Alarm APP Remote Monitoring Flood Overflow for Kitchen Bathroom,US $3.39,US $8.45,,,,,https://www.aliexpress.us/item/3256811657444374.html
Daytech Sensor de Porta Sem Fio Tuya com Campainha - Segurança Infantil,OK,3256805550870378,Door and Window Alarm Security Wireless Home Window Door Anti-theft Security Alarm System Magnetic Sensor,,,,,,,https://www.aliexpress.us/item/3256805550870378.html
Daytech Sensor de Porta Sem Fio Tuya com Campainha - Segurança Infantil,OK,3256805820742057,Meian Smart Home Doorbell Wireless Security Doorbell IP65 Waterproof Outdoor Door Bell 60 Songs 5 Volume Adjustable Chime Kit,US $3.98,US $10.77,,,,,https://www.aliexpress.us/item/3256805820742057.html
Daytech Sensor de Porta Sem Fio Tuya com Campainha - Segurança Infantil,OK,3256806718138113,Tuya WiFi Smart Vibration Sensor Motion Detection Smart Life App Real-time Alerts And Notifications  Door And Window Security,US $3.33,US $13.36,,,,,https://www.aliexpress.us/item/3256806718138113.html
Daytech Sensor de Porta Sem Fio Tuya com Campainha - Segurança Infantil,OK,2255800028295964,Independent Smoke Fire Alarm Sensitive Detector Smart Home Security Wireless Fire Smoke Detector Sensor Alarm Safety Equipment,,,,,,,https://www.aliexpress.us/item/2255800028295964.html
Daytech Sensor de Porta Sem Fio Tuya com Campainha - Segurança Infantil,OK,3256807290597557,Wireless Doorbell Intelligent Welcome Door Bell 300M/984 FT Remote 60 Songs Melodies Home Smart Doorbell US EU UK Plug Optional,US $5.59,US $12.09,,,,,https://www.aliexpress.us/item/3256807290597557.html
Daytech Sensor de Porta Sem Fio Tuya com Campainha - Segurança Infantil,OK,3256805698609024,1080P Wireless Video Doorbell Camera WiFi Smart Door Bell Tuya Smart Home Security Motion Detect Night Vision Intercom Doorbell,US $41.54,US $100.27,,,,,https://www.aliexpress.us/item/3256805698609024.html
Daytech Sensor de Porta Sem Fio Tuya com Campainha - Segurança Infantil,OK,3256806491744801,Fuers Wireless Doorbell Waterproof Door Chime Kit Welcome Chime Home Door Bell Intelligent 32 Songs Melodies Sound And LED,US $6.33,US $19.91,,,,,https://www.aliexpress.us/item/3256806491744801.html
Daytech Sensor de Porta Sem Fio Tuya com Campainha - Segurança Infantil,OK,3256812048555313,Smart Wireless Doorbell Door Chime Kit No Socket Required 300M/984 FT Remote 38 Songs Melodies Sound Home Door Bell Battery Type,US $2.43,US $19.37,,,,,https://www.aliexpress.us/item/3256812048555313.html
Daytech Sensor de Porta Sem Fio Tuya com Campainha - Segurança Infantil,OK,3256809467714827,Tuya Zigbee Wireless Door Windows Sensor Mini Smart Home Wireless Door Detector Door Open Closed Alarm System for Alexa,US $5.33,US $6.09,,,,,https://www.aliexpress.us/item/3256809467714827.html
Daytech Sensor de Porta Sem Fio Tuya com Campainha - Segurança Infantil,OK,3256806843395026,5G 2.4G WiFi Video Doorbell 1080P Wireless Bell Tuya APP Smart Intercom Camera IP65 Waterproof Ring Bell with 7000mAh Battery,US $55.69,US $129.11,,,,,https://www.aliexpress.us/item/3256806843395026.html
Daytech Sensor de Porta Sem Fio Tuya com Campainha - Segurança Infantil,OK,3256806819124077,Wireless Motion Sensor Alarm with 2 Remote Controls PIR Alert Infrared Sensor Alarm Battery-powered for Door Shed Garage Caravan,US $0.99,US $13.28,,,,,https://www.aliexpress.us/item/3256806819124077.html
Daytech Sensor de Porta Sem Fio Tuya com Campainha - Segurança Infantil,OK,3256810099198669,Standalone CO Gas Detector LCD Display Carbon Monoxide Warning Sensor Household Safety Device Conform To UL2034 Standard,US $2.33,US $12.62,,,,,https://www.aliexpress.us/item/3256810099198669.html
Daytech Sensor de Porta Sem Fio Tuya com Campainha - Segurança Infantil,OK,3256809656443987,SucceBuy 7-in-1 Wi-Fi Weather Station 7.5 in Color Display + Solar Wireless Outdoor Sensor Alarm Alerts for Temperature Humidity,US $47.74,US $165.74,,,,,https://www.aliexpress.us/item/3256809656443987.html
Daytech Sensor de Porta Sem Fio Tuya com Campainha - Segurança Infantil,OK,3256806596520875,Wireless Doorbell FullHouse Waterproof Door Chime Kit Includes Push Button Transmitter and Plug In Receiver,US $3.33,US $14.36,,,,,https://www.aliexpress.us/item/3256806596520875.html
Daytech Sensor de Porta Sem Fio Tuya com Campainha - Segurança Infantil,OK,3256807160016033,A7 Wireless Monitoring Camera 360 Degree Intercom 1080P Home Security Camera Remote HD Night Vision Camera Monitor Smart Home,US $7.19,US $21.19,,,,,https://www.aliexpress.us/item/3256807160016033.html
Daytech Sensor de Porta Sem Fio Tuya com Campainha - Segurança Infantil,OK,3256809589928994,MOES Zigbee Smart Light Sensing Window/Door Sensor Tuya Mini Wireless Home Security Monitoring APP Alert Light Detection,US $1.78,US $17.55,,,,,https://www.aliexpress.us/item/3256809589928994.html
Daytech Sensor de Porta Sem Fio Tuya com Campainha - Segurança Infantil,OK,3256812225737847,1080P Tuya Smart Doorbell Camera Home Video Intercom 5G Wifi 2 Wires 7/10 Inch Wireless Video Doorphone System 5-in-1 NFC Unlock,US $125.04,US $146.29,,,,,https://www.aliexpress.us/item/3256812225737847.html
Daytech Sensor de Porta Sem Fio Tuya com Campainha - Segurança Infantil,OK,3256810263627241,Wireless Wifi Doorbell Camera 1080P Video Intercom Doorbell Waterproof 4.3in IPS Screen Home Security Door Bell IR Night Vision,US $50.24,US $120.28,,,,,https://www.aliexpress.us/item/3256810263627241.html
Daytech Sensor de Porta Sem Fio Tuya com Campainha - Segurança Infantil,OK,3256808412409631,Newest Household High Volume Self Powered Wireless Doorbell US/EU/UK Plug Battery Free 60 Songs Waterproof Kinetic Door Bell,US $0.99,US $11.86,,,,,https://www.aliexpress.us/item/3256808412409631.html
Daytech Sensor de Porta Sem Fio Tuya com Campainha - Segurança Infantil,OK,3256808527039599,Wireless Doorbell Welcome Bell Intelligent Home Door Bell Alarm 36 Songs Smart Doorbell Wireless Bell Waterproof Button White,US $0.99,US $13.11,,,,,https://www.aliexpress.us/item/3256808527039599.html
Daytech Sensor de Porta Sem Fio Tuya com Campainha - Segurança Infantil,OK,2255800951200816,KERUI  Driveway Alarm Systems Smart Home Waterproof Motion Sensor Welcome Doorbell Car Garage Security Signal Device For House,US $1.61,US $8.27,,,,,https://www.aliexpress.us/item/2255800951200816.html
Daytech Sensor de Porta Sem Fio Tuya com Campainha - Segurança Infantil,OK,3256807387154047,5G 2.4G WiFi Video Doorbell 1080P Tuya Smart Outdoor Wireless Intercom Waterproof Wireless Camera Ringing Bell,US $57.77,US $180.52,,,,,https://www.aliexpress.us/item/3256807387154047.html
Daytech Sensor de Porta Sem Fio Tuya com Campainha - Segurança Infantil,OK,3256807202914126,1080P HD E27 Bulb Surveillance Camera Anti-theft Outdoor Indoor Security Monitor Wireless WiFi Camera Night Vision Audio IP Came,US $2.48,US $17.89,,,,,https://www.aliexpress.us/item/3256807202914126.html
Daytech Sensor de Porta Sem Fio Tuya com Campainha - Segurança Infantil,OK,3256806342916085,CPVAN Tuya Smart Home Alarm System Wireless WIFI 2.4G Home Burglar Security Alarm Door/Window Sensor 125dB Motion Sensor Alarm,US $26.27,US $57.10,,,,,https://www.aliexpress.us/item/3256806342916085.html
Daytech Sensor de Porta Sem Fio Tuya com Campainha - Segurança Infantil,OK,3256806866985826,Elecpow 2.4Inch Peephole Doorbell Camera 120° LCD HD Infrared Night Vision Door Bell Door Viewer Support Photo Video Storage,US $23.64,US $49.89,,,,,https://www.aliexpress.us/item/3256806866985826.html
Daytech Sensor de Porta Sem Fio Tuya com Campainha - Segurança Infantil,OK,3256808941810868,"Tuya WiFi 10"" Video Doorphone, With DC12V Fail Safe NC Lock, 1080P Doorbell Camera, IP65 Waterproof",US $272.31,US $383.54,,,,,https://www.aliexpress.us/item/3256808941810868.html
Daytech Sensor de Porta Sem Fio Tuya com Campainha - Segurança Infantil,OK,3256807317441072,Tuya WiFi Water Leakage Sensor Smart Home Flood  Detector APP Control Flood Alert Overflow Security Protection With Alexa Google,US $2.03,US $26.83,,,,,https://www.aliexpress.us/item/3256807317441072.html
Daytech Sensor de Porta Sem Fio Tuya com Campainha - Segurança Infantil,OK,3256806382206103,PGST 4G 2G GSM WiFi Alarm System House Home Security Protection Alarm System Kit Door Sensor Works with Tuya Smart Life Alexa,US $84.59,US $297.93,,,,,https://www.aliexpress.us/item/3256806382206103.html
Daytech Sensor de Porta Sem Fio Tuya com Campainha - Segurança Infantil,OK,3256807811207156,Tuya WiFi SOS Panic Call Button Smart Life APP Rechargeable Battery One Key Alarm For Patient Kids Elderly Man Hanging Rope,US $2.06,US $26.10,,,,,https://www.aliexpress.us/item/3256807811207156.html
Daytech Sensor de Porta Sem Fio Tuya com Campainha - Segurança Infantil,OK,3256812297795484,Tuya Smart Secuirty Home Video Door Phone 1080P Two Way Speaker Wireless Digital Peepholes Door Eye Doorbell 5inch LCD,US $86.87,US $98.99,,,,,https://www.aliexpress.us/item/3256812297795484.html
Daytech Sensor de Porta Sem Fio Tuya com Campainha - Segurança Infantil,OK,3256810300244326,ZigBee Smart Window Door Gate Sensor Contact Detector Smart Life Security Alarm System Smart Home Tuya 2Mqtt App Remote Control,US $0.99,US $9.75,,,,,https://www.aliexpress.us/item/3256810300244326.html
Daytech Sensor de Porta Sem Fio Tuya com Campainha - Segurança Infantil,OK,3256807988794085,"3MP HD 2.4G/5G WiFi Door Viewer Camera Video-Eye Peephole with Motion Detection & 2-Way Audio, Tuya Smart Life For Home Security",US $37.73,US $46.16,,,,,https://www.aliexpress.us/item/3256807988794085.html
Daytech Sensor de Porta Sem Fio Tuya com Campainha - Segurança Infantil,OK,3256804997532111,Tuya WiFi Door Sensor Security-Protection Smart Window Door Open/Closed Detectors Smart Life APP Work With Alexa Google,US $0.99,US $10.36,,,,,https://www.aliexpress.us/item/3256804997532111.html
Daytech Sensor de Porta Sem Fio Tuya com Campainha - Segurança Infantil,OK,3256812585695453,Wireless Doorbell Intelligent Welcome Door Bell 300M/984 FT Remote 60 Songs Melodies Home Smart Doorbell US EU UK Plug Optional,US $7.55,US $29.44,,,,,https://www.aliexpress.us/item/3256812585695453.html
Daytech Sensor de Porta Sem Fio Tuya com Campainha - Segurança Infantil,OK,3256811734582927,14mm Door Camera Tuya Video Peephole 2.4G / 5G Wifi Camera Mini Motion Detection Door Viewer Video Eye ONVIF RTSP Home Security,US $46.18,US $56.77,,,,,https://www.aliexpress.us/item/3256811734582927.html
Daytech Sensor de Porta Sem Fio Tuya com Campainha - Segurança Infantil,OK,3256807450057282,Xiaomi Smart Cat eye 2 WiFi Wireless Camera Video Peephole Doorbell 3MP HD Infrared Night Vision 180 Wide Nngle For Mi Home APP,US $132.68,US $277.93,,,,,https://www.aliexpress.us/item/3256807450057282.html
Daytech Sensor de Porta Sem Fio Tuya com Campainha - Segurança Infantil,OK,3256809968904114,LED Thermometer Thermo-Hygrometer Multifunction Electronic Clock Temperature Humidity Meter Weather Station for Home With Alarm,US $0.33,US $4.07,,,,,https://www.aliexpress.us/item/3256809968904114.html
Daytech Sensor de Porta Sem Fio Tuya com Campainha - Segurança Infantil,OK,3256809176086705,"Tuya WiFi Video Intercom with 7'' HD Display, Dual-Mode Night Vision & Waterproof Design, Video Door Bell for Villa/Gate",US $206.36,,,,,,https://www.aliexpress.us/item/3256809176086705.html
Daytech Sensor de Porta Sem Fio Tuya com Campainha - Segurança Infantil,OK,3256806491780782,Tuya Smart WiFi Door Sensor Smart Home Open Close Detector Smartlife App Control Notification Compatible with Alexa Google Home,US $2.33,US $11.62,,,,,https://www.aliexpress.us/item/3256806491780782.html
Daytech Sensor de Porta Sem Fio Tuya com Campainha - Segurança Infantil,OK,3256808851960223,GPS Smart Air Tag Mini Smart Tracker Bluetooth Smart Tag Child Finder Pet Car Lost Tracker For Apple IOS System Find My APP,,,,,,,https://www.aliexpress.us/item/3256808851960223.html
Daytech Sensor de Porta Sem Fio Tuya com Campainha - Segurança Infantil,OK,3256807619328767,Tuya Smart WIFI Wireless Security Alarm System Alarm Kit Home Burglar Motion Door Sensor Compatible Google Home Alexa,US $0.99,US $7.98,,,,,https://www.aliexpress.us/item/3256807619328767.html
Daytech Sensor de Porta Sem Fio Tuya com Campainha - Segurança Infantil,OK,3256806071630060,Tuya Smart 3MP WiFi Peephole Video Door Camera Security One-way Audio Night Vision 4.3' HD Video Door Camera,US $70.40,US $187.05,,,,,https://www.aliexpress.us/item/3256806071630060.html
Daytech Sensor de Porta Sem Fio Tuya com Campainha - Segurança Infantil,OK,3256809087523972,"PGST 433MHz intelligent alarm accessories, WIFI connection GSM、 Door sensor, wireless home security alarm kit",US $6.70,US $14.55,,,,,https://www.aliexpress.us/item/3256809087523972.html
Daytech Sensor de Porta Sem Fio Tuya com Campainha - Segurança Infantil,OK,3256809160538929,Haozee Tuya ZigBee/Wifi SOS Emergency Butto Elderly Children Alarm Emergency Help Switch Support Home Assistant Zigbee2mqtt,US $11.03,US $36.09,,,,,https://www.aliexpress.us/item/3256809160538929.html
Daytech Sensor de Porta Sem Fio Tuya com Campainha - Segurança Infantil,OK,3256807937940336,Staniot LoRa Version Wireless Touch Keypad 500m Transmission Distance Works with Secpanel 7 Pro Alarm Panel Support RFID Tags,US $45.68,US $54.17,,,,,https://www.aliexpress.us/item/3256807937940336.html
Daytech Sensor de Porta Sem Fio Tuya com Campainha - Segurança Infantil,OK,3256808708897029,Tuya Smart APP WIFI HD 10” Video Doorphone Entry Intercom System 4 Wire IP65 1080P Doorbell Camera Recording Snapshot,US $192.80,US $271.55,,,,,https://www.aliexpress.us/item/3256808708897029.html
Daytech Sensor de Porta Sem Fio Tuya com Campainha - Segurança Infantil,OK,3256807326879445,Wsdcam WIFI Radar Doorbell Front Door Tuya Peephole Doorbell 6000mAh Battery Wireless Wifi Camera PIR Motion Detection,US $75.60,US $81.89,,,,,https://www.aliexpress.us/item/3256807326879445.html
Daytech Sensor de Porta Sem Fio Tuya com Campainha - Segurança Infantil,OK,3256808039759240,Smart TPMS Car Tire Pressure Alarm Monitor System 4 External Sensors Display Solar Intelligent Tyre Pressure Temperature Warning,US $11.11,US $17.92,,,,,https://www.aliexpress.us/item/3256808039759240.html
Interruptor Touch Inteligente Tuya 10A - 1 a 4 Botões com Alexa e Google Home,OK,3256810034179957,Tuya WiFi Smart Light Switch Glass Touch Control Fireproof No Neutral Wire Required Remote Control Work With Alexa Google Home,US $6.07,US $29.28,,,,,https://www.aliexpress.us/item/3256810034179957.html
Interruptor Touch Inteligente Tuya 10A - 1 a 4 Botões com Alexa e Google Home,OK,3256807353403136,US WiFi Smart Wall Switch Touch Sensor LED Light Switches RF433 1/2/3/4 Gang Works with Tuya Smart Home APP Alexa Google Home,US $5.33,US $18.57,,,,,https://www.aliexpress.us/item/3256807353403136.html
Interruptor Touch Inteligente Tuya 10A - 1 a 4 Botões com Alexa e Google Home,OK,3256812621469112,"AVATTO WiFi 1/2/3/4 Gang Smart Light Switch,Wireless Wall Touch Grooved Button Switch Remote Works With Tuya Alexa,Google Home",US $13.43,US $40.86,,,,,https://www.aliexpress.us/item/3256812621469112.html
Interruptor Touch Inteligente Tuya 10A - 1 a 4 Botões com Alexa e Google Home,OK,3256808555849801,BSEED 1/2/3Gang Zigbee Touch Switch Wall Light Switch With Smart EU Socket Support Google Alexa Tuya Control No Neutral Line,US $18.55,US $38.85,,,,,https://www.aliexpress.us/item/3256808555849801.html
Interruptor Touch Inteligente Tuya 10A - 1 a 4 Botões com Alexa e Google Home,OK,3256812152164146,MOES Star Feather Tuya ZigBee Smart Touch Switch US 1/2/3/4 Gang Wall Light Switch Neutral Required Alexa Google Hub Control,US $25.09,US $72.62,,,,,https://www.aliexpress.us/item/3256812152164146.html
Interruptor Touch Inteligente Tuya 10A - 1 a 4 Botões com Alexa e Google Home,OK,3256812039547800,Tuya WiFi Smart Light Switch EU Standard Glass Touch Control Wall Switch 1/2/3 Gang No Neutral Need RF433 for Alexa Google Home,US $3.13,US $10.23,,,,,https://www.aliexpress.us/item/3256812039547800.html
Interruptor Touch Inteligente Tuya 10A - 1 a 4 Botões com Alexa e Google Home,OK,3256812339587456,MOES Tuya Star Grand Series Matter WiFi Smart Light Switch 10A Neutral Required Work with Alexa Google Apple Homekit Smartthings,US $18.87,US $57.48,,,,,https://www.aliexpress.us/item/3256812339587456.html
Interruptor Touch Inteligente Tuya 10A - 1 a 4 Botões com Alexa e Google Home,OK,3256804646222389,1 2 3 4 Gang 2 3 Way WiFi RF 433mhz Tuya Smart Wireless Touch Wall Light with Switch Button 220V with no Neutral EU Alexa Google,US $11.91,US $18.91,,,,,https://www.aliexpress.us/item/3256804646222389.html
Interruptor Touch Inteligente Tuya 10A - 1 a 4 Botões com Alexa e Google Home,OK,3256803230807907,GIRIER Tuya ZigBee 3.0 Switch Module 10A Smart Home DIY Breaker 1 2 3 4 Gang Supports 2 Way Control Works with Alexa Google Home,US $1.32,US $9.02,,,,,https://www.aliexpress.us/item/3256803230807907.html
Interruptor Touch Inteligente Tuya 10A - 1 a 4 Botões com Alexa e Google Home,OK,3256806717036170,Tuya Smart Wifi Light Switch No Neutral Wire Touch Panel EU 1/2/3 Gang Wall Switch Wireless Control Voice Control Alexa Google,US $2.18,US $27.82,,,,,https://www.aliexpress.us/item/3256806717036170.html
Interruptor Touch Inteligente Tuya 10A - 1 a 4 Botões com Alexa e Google Home,OK,3256811488597837,"SmarDeer Tuya Smart Switch, 1/2/3Gang Wifi Touch Switches, Works with Alexa and Google Assistant, WiFi Wall Switch",US $9.44,US $35.74,,,,,https://www.aliexpress.us/item/3256811488597837.html
Interruptor Touch Inteligente Tuya 10A - 1 a 4 Botões com Alexa e Google Home,OK,3256810034259625,MOES Tuya ZigBee Smart Light Switch US Push Button Wall Switch Work With Alexa Google Home Neutral Wire/No Neutral Wire Required,US $11.80,US $48.46,,,,,https://www.aliexpress.us/item/3256810034259625.html
Interruptor Touch Inteligente Tuya 10A - 1 a 4 Botões com Alexa e Google Home,OK,3256803324767867,Melery Smart WiFi Tuya Ewelink Light Wall Switches Touch Glass Panel Wireless Voice Remote Control Alexa Google Home 1/2/3Gang,US $18.21,US $23.47,,,,,https://www.aliexpress.us/item/3256803324767867.html
Interruptor Touch Inteligente Tuya 10A - 1 a 4 Botões com Alexa e Google Home,OK,3256805557700346,Tuya ZigBee Mini Smart Switch 16/10A 1/2/3/4 Gang 2 Way Control Smart Home Automation Module Smart Life Via Alexa Google Home,US $16.24,US $17.20,,,,,https://www.aliexpress.us/item/3256805557700346.html
Interruptor Touch Inteligente Tuya 10A - 1 a 4 Botões com Alexa e Google Home,OK,3256812667222578,Tuya Smart Wifi Switch With Brazil Socket 10A Plug Outlet Wall Touch Panel Light Switches Work With Smart Life Alexa Google Home,US $7.11,US $33.62,,,,,https://www.aliexpress.us/item/3256812667222578.html
Interruptor Touch Inteligente Tuya 10A - 1 a 4 Botões com Alexa e Google Home,OK,3256803507329989,"GIRIER Tuya ZigBee 3.0 Smart Dimmer Switch Module, Supports 2 Way Control Dimmable Light Switch, Work with Alexa Google Home",US $13.36,US $21.26,,,,,https://www.aliexpress.us/item/3256803507329989.html
Interruptor Touch Inteligente Tuya 10A - 1 a 4 Botões com Alexa e Google Home,OK,3256804498868899,"Tuya WiFi No Neutral/With Neutral Wall Light Smart Switch Spring Touch Control, Work with Alexa Google Home Yandex 1/2/3/4 Gang",US $20.69,US $20.79,,,,,https://www.aliexpress.us/item/3256804498868899.html
Interruptor Touch Inteligente Tuya 10A - 1 a 4 Botões com Alexa e Google Home,OK,3256808589425609,Melery Wifi Smart Tuya Light Switch 4/5/6/8/10 Gang Glass Wall Touch Sensor Alexa Remote Voice Control by Google Home Assistant,US $20.14,US $31.08,,,,,https://www.aliexpress.us/item/3256808589425609.html
Interruptor Touch Inteligente Tuya 10A - 1 a 4 Botões com Alexa e Google Home,OK,3256807988108479,1 2 3 4 gang Tuya ZigBee WiFi US Smart Light Switch Touch Switch With Neutral Wire Smart Life Control Via Alexa Google Home,US $17.70,US $23.73,,,,,https://www.aliexpress.us/item/3256807988108479.html
Interruptor Touch Inteligente Tuya 10A - 1 a 4 Botões com Alexa e Google Home,OK,3256804643648704,433 MHz WiFi Tuya Smart Remote Control Touch Light Switch RF for Lights Australia US BR IL Alexa 220V With No Null 1 2 3 4 Gang,US $18.87,US $37.95,,,,,https://www.aliexpress.us/item/3256804643648704.html
Interruptor Touch Inteligente Tuya 10A - 1 a 4 Botões com Alexa e Google Home,OK,3256805890446290,Tuya WIFI Smart  Dimmer Switch LED Touch Wall Light Switch Smart Life APP Voice Control Lamp Switch Work with Alexa Google Home,US $10.09,US $34.17,,,,,https://www.aliexpress.us/item/3256805890446290.html
Interruptor Touch Inteligente Tuya 10A - 1 a 4 Botões com Alexa e Google Home,OK,3256809266305415,Tuya ZigBee 3.0 Switch Module 10A Smart Home DIY Breaker 1/2/3/4Gang Supports 2 Way Control Works with Alexa Yandex Alice Google,US $18.61,US $34.01,,,,,https://www.aliexpress.us/item/3256809266305415.html
Interruptor Touch Inteligente Tuya 10A - 1 a 4 Botões com Alexa e Google Home,OK,3256808914129748,1 2 3 4 gang Tuya WiFi/ZigBee 3.0 Smart Light Switch Touch Switch With/No Neutral Wire Smart Life Control Via Alexa Google Home,US $17.95,US $25.78,,,,,https://www.aliexpress.us/item/3256808914129748.html
Interruptor Touch Inteligente Tuya 10A - 1 a 4 Botões com Alexa e Google Home,OK,3256806019615415,GIRIER Tuya Smart WiFi Light Switch Module 1 2 3 4 Gang No Neutral Required Breaker 220V Supports 2 Way Control Alexa Hey Google,US $11.11,US $16.01,,,,,https://www.aliexpress.us/item/3256806019615415.html
Interruptor Touch Inteligente Tuya 10A - 1 a 4 Botões com Alexa e Google Home,OK,3256801813035642,"WIFI Smart 1/2/3/4gang EU Touch Switch,eWeLink APP,Wireless Wall Light Switch Compatible with Google Assistant Alexa,10A 2200W",US $15.56,US $33.31,,,,,https://www.aliexpress.us/item/3256801813035642.html
Interruptor Touch Inteligente Tuya 10A - 1 a 4 Botões com Alexa e Google Home,OK,3256811986831895,MOES Tuya Star Grand Series Matter WiFi Smart Light Switch 10A Neutral Required Work with Alexa Google Apple Homekit Smartthings,US $19.43,US $57.46,,,,,https://www.aliexpress.us/item/3256811986831895.html
Interruptor Touch Inteligente Tuya 10A - 1 a 4 Botões com Alexa e Google Home,OK,2255799929478024,Melery Wifi Smart Life Light Switch 2 Way Glass Screen Touch Panel Wireless Wall Interuptor Voice Remote Tuya Alexa Google Home,US $18.67,US $24.06,,,,,https://www.aliexpress.us/item/2255799929478024.html
Interruptor Touch Inteligente Tuya 10A - 1 a 4 Botões com Alexa e Google Home,OK,3256803138382761,BSEED Zigbee Smart Switch 1/2/3Gang Sensor Switch Function Part Only Alexa Tuya Smart Home Control App 1/2/3Way No Neutral Wire,US $6.13,US $27.36,,,,,https://www.aliexpress.us/item/3256803138382761.html
Interruptor Touch Inteligente Tuya 10A - 1 a 4 Botões com Alexa e Google Home,OK,3256809943587550,Tuya Smart Wifi+RF433 Light Switch Neutral Wire Optional Touch Panel US Wall Switch Wireless Voice Control Alexa Google Home,US $10.02,US $34.73,,,,,https://www.aliexpress.us/item/3256809943587550.html
Interruptor Touch Inteligente Tuya 10A - 1 a 4 Botões com Alexa e Google Home,OK,3256811723504733,RKHK Tuya Wifi Smart Switch Suitable for Smart Life App Alexa Google Home Voice Control Neutral Wire Install Touch Light Switch,US $25.27,US $33.04,,,,,https://www.aliexpress.us/item/3256811723504733.html
Interruptor Touch Inteligente Tuya 10A - 1 a 4 Botões com Alexa e Google Home,OK,3256802916950555,BSEED Zigbee Touch Switches 1/2/3Gang 1Way Smart Light Switch Sensor Wall Switches Tuya Control Smart Life APP Google Alexa,US $18.13,US $25.66,,,,,https://www.aliexpress.us/item/3256802916950555.html
Interruptor Touch Inteligente Tuya 10A - 1 a 4 Botões com Alexa e Google Home,OK,3256809397250405,"ANDELI Tuya WiFi Smart Light Switch Israel, Neutral Wire + No Neutral Wire Required Wall Touch Switch Work with Alexa, Google Ho",US $14.22,US $21.60,,,,,https://www.aliexpress.us/item/3256809397250405.html
Interruptor Touch Inteligente Tuya 10A - 1 a 4 Botões com Alexa e Google Home,OK,2255799840645207,Melery Wifi Smart Light Wall Switch Tuya/Ewelink Interruptor Rectangle Touch Glass Panel Remote Control By Alexa Google Home,US $16.78,US $23.79,,,,,https://www.aliexpress.us/item/2255799840645207.html
Interruptor Touch Inteligente Tuya 10A - 1 a 4 Botões com Alexa e Google Home,OK,3256812330712988,1 2 3 4 gang Tuya ZigBee WiFi US Smart Light Switch Touch Switch With Neutral Wire Smart Life Control Via Alexa Google Home,US $10.88,US $35.76,,,,,https://www.aliexpress.us/item/3256812330712988.html
Interruptor Touch Inteligente Tuya 10A - 1 a 4 Botões com Alexa e Google Home,OK,3256809047893089,Melery Wifi Smart Light Switch 1/2/3/4 Gang Glass Wall Touch Sensor 2/3 Way Wireless Remote Control by Tuya Alexa Google Home,US $17.32,US $24.20,,,,,https://www.aliexpress.us/item/3256809047893089.html
Interruptor Touch Inteligente Tuya 10A - 1 a 4 Botões com Alexa e Google Home,OK,3256806780026866,Smart Switches US Neutral Wire/No Neutral Wire Required 1/2/3/4 Gang Light WiFi Touch Switch Works with Tuya Smart Life App,US $2.34,US $19.87,,,,,https://www.aliexpress.us/item/3256806780026866.html
Interruptor Touch Inteligente Tuya 10A - 1 a 4 Botões com Alexa e Google Home,OK,3256812296943651,Mini Tuya Zigbee Smart Switch DIY Module 10A/16A 1/2 3 Gang Smart Home Relay Automation Breaker For Smart Life Z2M Alexa Yandex,US $0.99,US $10.66,,,,,https://www.aliexpress.us/item/3256812296943651.html
Interruptor Touch Inteligente Tuya 10A - 1 a 4 Botões com Alexa e Google Home,OK,3256806916917519,Tuya Smart Life Smart Switch Israel 1/2/3/4 Gang Need Neutral Wire Touch Sensor Wall Switches Voice Control Alexa Google Home,US $3.53,US $10.84,,,,,https://www.aliexpress.us/item/3256806916917519.html
Interruptor Touch Inteligente Tuya 10A - 1 a 4 Botões com Alexa e Google Home,OK,3256812678078639,Tuya Brazil Standard Smart Wifi Switch With Socket Plug Touch Wall Light Switch Smart Life APP Voice Control Alexa Google Home,US $9.70,US $32.66,,,,,https://www.aliexpress.us/item/3256812678078639.html
Interruptor Touch Inteligente Tuya 10A - 1 a 4 Botões com Alexa e Google Home,OK,3256804643503760,2 3 4 Gang 2 3 Way US Tuya Smart Wall Touch Light Switch for LED with No Neutral WiFi Glass Australia Brazil Android RoHS Alexa,US $20.33,US $40.85,,,,,https://www.aliexpress.us/item/3256804643503760.html
Interruptor Touch Inteligente Tuya 10A - 1 a 4 Botões com Alexa e Google Home,OK,3256812199964715,Tuya Zigbee Smart Switch Module 10A DIY Smart Home Relay 1 2 3-Gang Automation Breaker Work with Smart Life Z2M Alexa Echo Alice,US $0.99,US $10.09,,,,,https://www.aliexpress.us/item/3256812199964715.html
Interruptor Touch Inteligente Tuya 10A - 1 a 4 Botões com Alexa e Google Home,OK,3256808811787853,Melery White Edge Wifi Smart Wall Light Switch Glass Touch Power Switches Wireless Voice Remote By Tuya Alexa Google Home,US $18.46,US $23.79,,,,,https://www.aliexpress.us/item/3256808811787853.html
Interruptor Touch Inteligente Tuya 10A - 1 a 4 Botões com Alexa e Google Home,OK,3256805714477460,Melery Zigbee Tuya Smart Wall Light Switch Touch Glass Panel Wireless Interuptor 4/5/6/8/10 Gang Remote Control by Alexa Google,US $26.80,US $40.15,,,,,https://www.aliexpress.us/item/3256805714477460.html
Interruptor Touch Inteligente Tuya 10A - 1 a 4 Botões com Alexa e Google Home,OK,3256812237508191,2 Gang Tuya WiFi Smart Switch US No Neutral Wire Required Glass Touch Light Switch Work with Alexa Google Home Wireless,US $20.72,US $43.37,,,,,https://www.aliexpress.us/item/3256812237508191.html
Interruptor Touch Inteligente Tuya 10A - 1 a 4 Botões com Alexa e Google Home,OK,3256806910679905,MOES Tuya Smart ZigBee Light Switch Touch Glass Panel Fireproof Neutral Wire Control Remote Works with Alexa Google Home,US $16.89,US $47.78,,,,,https://www.aliexpress.us/item/3256806910679905.html
Interruptor Touch Inteligente Tuya 10A - 1 a 4 Botões com Alexa e Google Home,OK,3256807399545908,Tuya WiFi Smart Light Switch Glass Touch Control Fireproof No Neutral Wire Required Remote Control Work With Alexa Google Home,US $7.54,US $44.05,,,,,https://www.aliexpress.us/item/3256807399545908.html
Interruptor Touch Inteligente Tuya 10A - 1 a 4 Botões com Alexa e Google Home,OK,3256812356634169,"AVATTO WiFi 1/2/3/4 Gang Smart Light Switch,Wireless Wall Touch Grooved Button Switch Remote Works With Tuya Alexa,Google Home",US $11.13,US $39.42,,,,,https://www.aliexpress.us/item/3256812356634169.html
Interruptor Touch Inteligente Tuya 10A - 1 a 4 Botões com Alexa e Google Home,OK,3256812093590202,WiFi Smart Switch 4*4 No Neutral 4/6 Gang Touch Light Wall Switch Remote Control Compatible with Alexa Google Home for Household,US $24.49,US $32.22,,,,,https://www.aliexpress.us/item/3256812093590202.html
Interruptor Touch Inteligente Tuya 10A - 1 a 4 Botões com Alexa e Google Home,OK,3256812586829753,WiFi RF Work Witch Tuya 433mhz Touch Wall Light Smart Switch 1 2 3 4 Gang Wireless Switch 220V with no Neutral EU Alexa Google,US $1.57,US $17.14,,,,,https://www.aliexpress.us/item/3256812586829753.html
Interruptor Touch Inteligente Tuya 10A - 1 a 4 Botões com Alexa e Google Home,OK,3256812335693976,MOES Tuya Star Grand Series Matter WiFi Smart Light Switch 10A Neutral Required Work with Alexa Google Apple Homekit Smartthings,US $43.93,US $65.56,,,,,https://www.aliexpress.us/item/3256812335693976.html
Máquina de Café Espresso Portátil USB para Viagem e Camping - Aquecimento Automático,OK,3256809274157110,DENOKIN Portable Espresso Coffee Machine With Digital Display 3-in-1 Capsule Coffee Maker for Car & Home Camping Coffee Maker,US $41.65,US $103.51,,,,,https://www.aliexpress.us/item/3256809274157110.html
Máquina de Café Espresso Portátil USB para Viagem e Camping - Aquecimento Automático,OK,3256812072270709,Portable 3 in 1 Electric Espresso Coffee Maker Rechargeable Self Heating Brewer with Carrying Bag and Stand for Camping Hiking,US $69.38,US $157.64,,,,,https://www.aliexpress.us/item/3256812072270709.html
Máquina de Café Espresso Portátil USB para Viagem e Camping - Aquecimento Automático,OK,3256807448655415,Wireless Electric Portable Espresso Coffee Machine for Car & Home Camping Coffee Maker 3-in-1 Capsule Powder Travel Coffee Maker,US $30.52,US $79.82,,,,,https://www.aliexpress.us/item/3256807448655415.html
Máquina de Café Espresso Portátil USB para Viagem e Camping - Aquecimento Automático,OK,3256809026243081,DENOKIN Portable Espresso Coffee Machine With Digital Display 3-in-1 Capsule Coffee Maker for Car & Home Camping Coffee Maker,US $42.04,US $106.61,,,,,https://www.aliexpress.us/item/3256809026243081.html
Máquina de Café Espresso Portátil USB para Viagem e Camping - Aquecimento Automático,OK,3256811496988806,"7800mAh Long-Lasting 3-in-1 Portable Coffee Maker, Electric Capsule Coffee Machine for Car, Travel & Camping",US $30.72,US $83.81,,,,,https://www.aliexpress.us/item/3256811496988806.html
Máquina de Café Espresso Portátil USB para Viagem e Camping - Aquecimento Automático,OK,3256811636548811,Portable Espresso Machine for TravelTravel Coffee Maker 20-Bar Extraction Compatible with Ground Coffee & NS Capsule,US $29.63,US $73.27,,,,,https://www.aliexpress.us/item/3256811636548811.html
Máquina de Café Espresso Portátil USB para Viagem e Camping - Aquecimento Automático,OK,3256808809200999,Wireless Electric Portable Espresso Coffee Machine for Car & Home Camping Coffee Maker 3-in-1 Capsule Powder Travel Coffee Maker,US $32.00,US $105.34,,,,,https://www.aliexpress.us/item/3256808809200999.html
Máquina de Café Espresso Portátil USB para Viagem e Camping - Aquecimento Automático,OK,3256807131189574,Wireless Electric Portable Espresso Coffee Machine for Car & Home Camping Coffee Maker 3-in-1 Capsule Powder Travel Coffee Maker,US $29.96,US $112.01,,,,,https://www.aliexpress.us/item/3256807131189574.html
Máquina de Café Espresso Portátil USB para Viagem e Camping - Aquecimento Automático,OK,3256808595935465,STARSEEKER Super58 Portable Electric Espresso Machine Travel Coffee Maker For Camping Car Coffee Maker With USB-C Bracket Tamper,US $189.72,US $385.72,,,,,https://www.aliexpress.us/item/3256808595935465.html
Máquina de Café Espresso Portátil USB para Viagem e Camping - Aquecimento Automático,OK,3256808062643247,STARSEEKER Super58 Portable Electric Espresso Machine Travel Coffee Maker For Camping Car Coffee Maker With USB-C Bracket Tamper,US $186.88,US $385.72,,,,,https://www.aliexpress.us/item/3256808062643247.html
Máquina de Café Espresso Portátil USB para Viagem e Camping - Aquecimento Automático,OK,3256811827123547,2-in-1 Wireless Portable Coffee Machine – Grind Beans & Hand Brew Anywhere for Camping & Outdoor Adventures,US $25.39,US $70.42,,,,,https://www.aliexpress.us/item/3256811827123547.html
Máquina de Café Espresso Portátil USB para Viagem e Camping - Aquecimento Automático,OK,3256812387510431,STARSEEKER S58/S58Pro Portable Espresso Coffee Maker Wireless Heating Coffee Machine Bottomless Handle Bottomless Extraction,US $168.78,US $354.59,,,,,https://www.aliexpress.us/item/3256812387510431.html
Máquina de Café Espresso Portátil USB para Viagem e Camping - Aquecimento Automático,OK,3256809833102647,7800MAH 3 in 1 Wireless Portable Espresso Machine Capsule Coffee Powder Travel Coffee Maker Smart Extraction Wireless Heating,US $71.18,US $78.18,,,,,https://www.aliexpress.us/item/3256809833102647.html
Máquina de Café Espresso Portátil USB para Viagem e Camping - Aquecimento Automático,OK,3256807902068110,2 in 1 Capsule Powder Travel Coffee Maker Electric Portable Espresso Coffee Machine for Car & Home Camping Coffee Maker,US $85.51,US $94.51,,,,,https://www.aliexpress.us/item/3256807902068110.html
Máquina de Café Espresso Portátil USB para Viagem e Camping - Aquecimento Automático,OK,3256809776685303,Portable Mini Coffee Machine USB Rechargeable Wireless Espresso Maker for Capsules Compact Travel Design,US $41.03,US $104.42,,,,,https://www.aliexpress.us/item/3256809776685303.html
Máquina de Café Espresso Portátil USB para Viagem e Camping - Aquecimento Automático,OK,3256812563566052,Wireless Electric Portable Espresso Coffee Machine for Home Camping Cafetera 3-in-1Capsule Powder Travel Coffee Maker Cafeteira,US $40.02,US $93.07,,,,,https://www.aliexpress.us/item/3256812563566052.html
Máquina de Café Espresso Portátil USB para Viagem e Camping - Aquecimento Automático,OK,3256806942905980,HiBREW Portable Coffee Machine Expresso Coffee Maker Fit Nexpresso Capsule Coffee Powder for Car Camping & Home Heat Water H4A,US $98.99,US $211.99,,,,,https://www.aliexpress.us/item/3256806942905980.html
Máquina de Café Espresso Portátil USB para Viagem e Camping - Aquecimento Automático,OK,3256811467773258,DENOKIN 3-in-1 Portable Espresso Coffee Machine With Digital Display Removable Battery for Car & Home Camping Coffee Maker,US $80.53,US $175.06,,,,,https://www.aliexpress.us/item/3256811467773258.html
Máquina de Café Espresso Portátil USB para Viagem e Camping - Aquecimento Automático,OK,3256811729076135,Portable Cordless Rechargeable Espresso Machine 19Bar 3-in-1 Capsule/Ground Coffee 7800mAh Hot/Cold for Car Camping Home,US $43.66,US $123.56,,,,,https://www.aliexpress.us/item/3256811729076135.html
Máquina de Café Espresso Portátil USB para Viagem e Camping - Aquecimento Automático,OK,3256812407945784,JustEvo Portable Espresso Machine 3-In-1 Travel Coffee Maker Compatible With Small Large Capsules And Ground Coffee Compact Electric Brewer For Car RV Camping Office Outdoor Your Mobile Coffee Shop,US $26.54,US $80.34,,,,,https://www.aliexpress.us/item/3256812407945784.html
Máquina de Café Espresso Portátil USB para Viagem e Camping - Aquecimento Automático,OK,3256810520758312,"IKAPE Wireless Bluetooth Portable Coffee Maker,Compatible 58MM Bottomless Portafilter,Suitable For Hiking/Camping/Home Use",US $181.21,US $392.10,,,,,https://www.aliexpress.us/item/3256810520758312.html
Máquina de Café Espresso Portátil USB para Viagem e Camping - Aquecimento Automático,OK,3256812467452323,"Portable Coffee Maker,3-in-1 Espresso Machine for Travel 20 bar Mini Coffee Maker Compatible with Ground Coffee & Capsule",US $31.83,US $77.66,,,,,https://www.aliexpress.us/item/3256812467452323.html
Máquina de Café Espresso Portátil USB para Viagem e Camping - Aquecimento Automático,OK,3256806782529042,"Cafelffe Portable Coffee Machine Wireless Electric Espresso Maker Fit Nes Capsule & Coffee Powder Gift for Lover,dad,hiking camp",US $68.01,US $208.35,,,,,https://www.aliexpress.us/item/3256806782529042.html
Máquina de Café Espresso Portátil USB para Viagem e Camping - Aquecimento Automático,OK,3256810561351525,DENOKIN 3-in-1 Portable Espresso Coffee Machine With Digital Display Removable Battery for Car & Home Camping Coffee Maker,US $79.50,US $192.21,,,,,https://www.aliexpress.us/item/3256810561351525.html
Máquina de Café Espresso Portátil USB para Viagem e Camping - Aquecimento Automático,OK,3256805623401270,MG731D2 Coffee Maker Electric Coffee Machine USB Portable Espresso Machine Nespresso Grinder Milling Coffee Bean Cup for Camping,US $100.34,US $173.18,,,,,https://www.aliexpress.us/item/3256805623401270.html
Máquina de Café Espresso Portátil USB para Viagem e Camping - Aquecimento Automático,OK,3256812595123996,Mijia Portable Coffee Machine USB Rechargeable Mini Maker Dual Use Capsule & Ground Coffee Travel Camping Office Home,US $148.69,US $338.46,,,,,https://www.aliexpress.us/item/3256812595123996.html
Máquina de Café Espresso Portátil USB para Viagem e Camping - Aquecimento Automático,OK,3256808801770112,Portable Espresso Machine 20 Bar Heating Coffee Maker Wireless Rechargeable Concentrated Extraction Coffee Machine Travel Office,US $44.52,US $105.14,,,,,https://www.aliexpress.us/item/3256808801770112.html
Máquina de Café Espresso Portátil USB para Viagem e Camping - Aquecimento Automático,OK,3256806852006959,HOMEFISH 3 In1 Portable Coffee Machine Hot/Cold Water Manual Espresso Maker For Capsule & Ground Hand Press Brewer hiking Travel,US $28.06,US $74.60,,,,,https://www.aliexpress.us/item/3256806852006959.html
Máquina de Café Espresso Portátil USB para Viagem e Camping - Aquecimento Automático,OK,3256811942385123,A47T Portable Electric Espresso Coffee Machine Rechargeable Handheld Coffee Maker Wireless Electric Coffee Maker for Camping,US $48.23,US $100.48,,,,,https://www.aliexpress.us/item/3256811942385123.html
Máquina de Café Espresso Portátil USB para Viagem e Camping - Aquecimento Automático,OK,3256812529974473,Mini Electric Portable Espresso Coffee Machine Travel Coffee Maker Compatible with Nes Capsules And Coffee Powder,US $66.37,US $144.49,,,,,https://www.aliexpress.us/item/3256812529974473.html
Máquina de Café Espresso Portátil USB para Viagem e Camping - Aquecimento Automático,OK,3256811496777073,"NEW MUVNA Espresso Creed Portable Espresso Maker,58mm 20Bar Cold&Hot Wireless Coffee Machine for Camping/Home,USB Fast Heating",US $447.19,US $951.69,,,,,https://www.aliexpress.us/item/3256811496777073.html
Máquina de Café Espresso Portátil USB para Viagem e Camping - Aquecimento Automático,OK,3256811526497572,Cafe Select Professional Stainless Steel Espresso & Cappuccino Machine,US $230.57,US $480.36,,,,,https://www.aliexpress.us/item/3256811526497572.html
Máquina de Café Espresso Portátil USB para Viagem e Camping - Aquecimento Automático,OK,3256811343846646,Zai xiao Portable Espresso Machine 3-in-1 Travel Coffee Maker for Camping Hiking Office Self-Heating with USB-C,US $59.69,US $117.24,,,,,https://www.aliexpress.us/item/3256811343846646.html
Máquina de Café Espresso Portátil USB para Viagem e Camping - Aquecimento Automático,OK,3256805691727321,Portable Electric Coffee Grinder Maker USB Stainless Steel Coffee Dripper for Camping Travel Outdoor Pour Over Espresso Machine,US $65.98,US $153.68,,,,,https://www.aliexpress.us/item/3256805691727321.html
Máquina de Café Espresso Portátil USB para Viagem e Camping - Aquecimento Automático,OK,3256812481472546,Portable Wireless Espresso Machine USB Rechargeable 2-in-1 Coffee Powder & Nespresso Capsule Compatible,US $42.52,US $105.36,,,,,https://www.aliexpress.us/item/3256812481472546.html
Máquina de Café Espresso Portátil USB para Viagem e Camping - Aquecimento Automático,OK,3256805471818694,HiBREW Wireless Electric Portable Espresso Coffee Machine for Car & Home Camping Coffee Maker Fit Nespresso Dolce Capsule Powder,US $128.96,US $239.00,,,,,https://www.aliexpress.us/item/3256805471818694.html
Máquina de Café Espresso Portátil USB para Viagem e Camping - Aquecimento Automático,OK,3256807197278555,170ML Capsule Coffee Machine Portable  Coffee Brewer Rechargrable Compatible With Capsule&Ground Coffee For Home Kitchen Office,US $0.99,US $3.71,,,,,https://www.aliexpress.us/item/3256807197278555.html
Máquina de Café Espresso Portátil USB para Viagem e Camping - Aquecimento Automático,OK,3256811943788497,20bar Portable Italian Espresso Machine 2-in-1 Portable Coffee Maker with Hot & Cold Brew Rechargeable Travel Coffee Maker,US $80.31,US $268.02,,,,,https://www.aliexpress.us/item/3256811943788497.html
Máquina de Café Espresso Portátil USB para Viagem e Camping - Aquecimento Automático,OK,3256812505769741,HERO Espresso Capsule Machine 20Bar High-Pressure Portable Professional Extraction Type-C Interface Suitable for Car/Outdoor,US $69.38,US $173.70,,,,,https://www.aliexpress.us/item/3256812505769741.html
Máquina de Café Espresso Portátil USB para Viagem e Camping - Aquecimento Automático,OK,3256808047887526,"BioloMix 2 In 1 Manual Espresso Coffee Machine Hot/Cold Portable coffee Maker For NS Capsules & Ground Hand Press,hiking Camping",US $35.90,US $75.00,,,,,https://www.aliexpress.us/item/3256808047887526.html
Máquina de Café Espresso Portátil USB para Viagem e Camping - Aquecimento Automático,OK,3256805774252070,Capsulone Pneumatic USB Electric Coffee Machine Stainless Steel Portable Extraction Manual Espresso Maker Home Outdoor,US $37.49,US $81.72,,,,,https://www.aliexpress.us/item/3256805774252070.html
Máquina de Café Espresso Portátil USB para Viagem e Camping - Aquecimento Automático,OK,3256808356672008,Portable Coffee Maker Small Espresso Machine Travel USB Coffee Maker for Home Outdoors Camping Backpacker Lightweight,US $56.53,US $113.27,,,,,https://www.aliexpress.us/item/3256808356672008.html
Máquina de Café Espresso Portátil USB para Viagem e Camping - Aquecimento Automático,OK,3256809546456309,"Portable Electric Espresso Machine Travel Coffee Maker for Camping, Car Self-Heating with Ground Coffee & NS Capsule",US $51.29,US $89.99,,,,,https://www.aliexpress.us/item/3256809546456309.html
Máquina de Café Espresso Portátil USB para Viagem e Camping - Aquecimento Automático,OK,2261799829469483,"HiBREW Portable Coffee Machine for Car & Home,DC12V  Expresso Coffee Maker Fit Nexpresso Dolce  Pod Capsule  Coffee Powder H4",US $93.27,US $172.90,,,,,https://www.aliexpress.us/item/2261799829469483.html
Máquina de Café Espresso Portátil USB para Viagem e Camping - Aquecimento Automático,OK,3256809633024328,3-in-1 Wireless Electric Portable Espresso Coffee Machine for Car & Home Camping Coffee Maker Capsule Powder Travel Coffee Maker,US $58.14,US $67.18,,,,,https://www.aliexpress.us/item/3256809633024328.html
Máquina de Café Espresso Portátil USB para Viagem e Camping - Aquecimento Automático,OK,3256810607476936,"Portable Rechargeable Coffee Machine 2-in-1 Coffee Maker for Travel Outdoor Camping , 20Bar,9000mAh Battery, Fast Heat Extract",US $73.83,US $110.34,,,,,https://www.aliexpress.us/item/3256810607476936.html
Máquina de Café Espresso Portátil USB para Viagem e Camping - Aquecimento Automático,OK,3256812325656462,"Mini Portable Espresso Coffee Machine, USB Powered, Electric, Hot & Cold Extraction, Dual Use for Coffee Powder & Capsules",US $74.14,US $176.40,,,,,https://www.aliexpress.us/item/3256812325656462.html
Máquina de Café Espresso Portátil USB para Viagem e Camping - Aquecimento Automático,OK,3256809833432296,"20Bar Touch Screen Espresso Machine, Stainless Steel Coffee Maker with Milk Frother Touch Screen BPA-Free & Easy Clean",US $129.71,US $168.59,,,,,https://www.aliexpress.us/item/3256809833432296.html
Máquina de Café Espresso Portátil USB para Viagem e Camping - Aquecimento Automático,OK,3256812600263893,Electric Espresso Machine with LED Display and 90ml Sink Portable Coffee Maker Type-C Charging for Car RV Hiking Office Home,US $101.37,,,,,,https://www.aliexpress.us/item/3256812600263893.html
Máquina de Café Espresso Portátil USB para Viagem e Camping - Aquecimento Automático,OK,3256811921037184,2025 PCM03S-MAX Travel Coffee Maker Portable Espresso Maker New Arrival Faster Heating for Car RV,US $269.31,US $345.40,,,,,https://www.aliexpress.us/item/3256811921037184.html
"Hub de Automação Residencial 10.1 Polegadas Touch com WiFi, RJ45, PoE e NFC - Hotelaria",OK,3256808690489792,"MOES Tuya WiFi Smart Control Panel 3.5"" Touch Screen, 3 Relays & Buttons, IR Remote, Bluetooth Sigmesh Hub, Home Automation",US $79.01,US $195.48,,,,,https://www.aliexpress.us/item/3256808690489792.html
"Hub de Automação Residencial 10.1 Polegadas Touch com WiFi, RJ45, PoE e NFC - Hotelaria",OK,3256806675409782,Tuya Zigbee 3.0 Gateway Hub Smart Home Wireless Bridge Smart Life APP Remote Control Automation Device,US $11.10,US $36.20,,,,,https://www.aliexpress.us/item/3256806675409782.html
"Hub de Automação Residencial 10.1 Polegadas Touch com WiFi, RJ45, PoE e NFC - Hotelaria",OK,3256807636281619,1000Mbps RJ45 Splitter 1 to 4 Ethernet Adapter Network Splitter Cable Extender Gigabit LAN Connector for PC Laptop TV Router,US $3.33,US $13.70,,,,,https://www.aliexpress.us/item/3256807636281619.html
"Hub de Automação Residencial 10.1 Polegadas Touch com WiFi, RJ45, PoE e NFC - Hotelaria",OK,3256811798024478,Shelly Pro Dimmer 0/1-10V PM Wi-Fi Smart Dimmer LAN Power Metering Home Automation DIN Rail Google Home No Hub  Dimmable Light,US $91.59,US $125.46,,,,,https://www.aliexpress.us/item/3256811798024478.html
"Hub de Automação Residencial 10.1 Polegadas Touch com WiFi, RJ45, PoE e NFC - Hotelaria",OK,3256807069507421,"2026 New 10.1 Inch Proximity Sensing Android POE Tablet Wall Mount Smart Home Control Panel,MQTT,Google Play,LED Lights,WiFi,BT",US $334.94,US $341.94,,,,,https://www.aliexpress.us/item/3256807069507421.html
"Hub de Automação Residencial 10.1 Polegadas Touch com WiFi, RJ45, PoE e NFC - Hotelaria",OK,3256810146114662,MOES Tuya Smart ZigBee Bluetooth Multi-Mode Gateway Hub Type-C Power Wireless Home Automation Works with Alexa Google Home,US $12.62,US $39.23,,,,,https://www.aliexpress.us/item/3256810146114662.html
"Hub de Automação Residencial 10.1 Polegadas Touch com WiFi, RJ45, PoE e NFC - Hotelaria",OK,3256807670660211,TTLock APP Device G3 Gateway With RJ45 Ethernet Port Smart Door Lock Wired Gateway Remote Unlock Voice Control for Alexa Google,US $24.99,US $53.13,,,,,https://www.aliexpress.us/item/3256807670660211.html
"Hub de Automação Residencial 10.1 Polegadas Touch com WiFi, RJ45, PoE e NFC - Hotelaria",OK,3256809942810237,MOES Tuya Bluetooth/ZigBee/Multi-mode Gateway Hub Type-C Port Power Smart Home Automation Wireless Network With Alexa GoogleHome,US $33.84,US $50.65,,,,,https://www.aliexpress.us/item/3256809942810237.html
"Hub de Automação Residencial 10.1 Polegadas Touch com WiFi, RJ45, PoE e NFC - Hotelaria",OK,3256809231255289,"【Tuya WiFi】5"" Smart Control Panel|   Alexa+ZigBee Gateway|   US Plug|   Touch Screen|   Home Automation Hub",US $460.68,US $474.93,,,,,https://www.aliexpress.us/item/3256809231255289.html
"Hub de Automação Residencial 10.1 Polegadas Touch com WiFi, RJ45, PoE e NFC - Hotelaria",OK,3256808816721161,Zigbee Gateway Hub Tuya Smart Home WIFI Bluetooth Wireless Multi Mode Gateway Smart Life APP Work With Alexa Google,US $16.79,US $38.22,,,,,https://www.aliexpress.us/item/3256808816721161.html
"Hub de Automação Residencial 10.1 Polegadas Touch com WiFi, RJ45, PoE e NFC - Hotelaria",OK,3256804756333678,"SMLIGHT SLZB-06/M/P7 Zigbee 3.0 to Ethernet,USB,and WiFi gateway coordinator with PoE,works with Zigbee2MQTT,Home Assistant,ZHA",US $27.62,US $46.78,,,,,https://www.aliexpress.us/item/3256804756333678.html
"Hub de Automação Residencial 10.1 Polegadas Touch com WiFi, RJ45, PoE e NFC - Hotelaria",OK,3256812440976119,TTLock TThotel G2 G3 G3P G4 G5 G6 Gateway Hub WiFi RJ45 POE 4G TLE Matter Smart Lock Remote Bridge for Home Hotel Management,US $15.59,US $48.07,,,,,https://www.aliexpress.us/item/3256812440976119.html
"Hub de Automação Residencial 10.1 Polegadas Touch com WiFi, RJ45, PoE e NFC - Hotelaria",OK,3256808746206148,ZB-GW03 Smart Zigbee 3.0 RJ45 Ethernet Bridge WIFI Gateway Hub EWeLink APP Control MQTT DIY Work with EWeLink Devices Smart Home,US $19.65,US $27.43,,,,,https://www.aliexpress.us/item/3256808746206148.html
"Hub de Automação Residencial 10.1 Polegadas Touch com WiFi, RJ45, PoE e NFC - Hotelaria",OK,3256809975541244,"AVATTO ZigBee 3.0 Dongle To Ethernet, USB, And WiFi Gateway Coordinator,Works With Zigbee2MQTT,Home Assistant,ZHA",US $46.98,US $56.13,,,,,https://www.aliexpress.us/item/3256809975541244.html
"Hub de Automação Residencial 10.1 Polegadas Touch com WiFi, RJ45, PoE e NFC - Hotelaria",OK,3256805370859045,Network Switch Mini 5Ports Switch Ethernet 1000Mbps/100Mbps Gigabit  High Performance Smart Switcher RJ45 Hub Internet Injector,US $6.30,US $17.03,,,,,https://www.aliexpress.us/item/3256805370859045.html
"Hub de Automação Residencial 10.1 Polegadas Touch com WiFi, RJ45, PoE e NFC - Hotelaria",OK,3256806025537947,Tuya ZigBee Gateway Hub Smart RJ45 Wired Gateway Bridge Voice Control Works with Alexa Google Home Assistant Smart Life App,US $15.83,US $22.83,,,,,https://www.aliexpress.us/item/3256806025537947.html
"Hub de Automação Residencial 10.1 Polegadas Touch com WiFi, RJ45, PoE e NFC - Hotelaria",OK,3256808924269624,2026 Moes Tuya 10.1 Inch Smart Control Panel Multi Mode Wall Mount Wifi Zigbee Bluetooth PoE Smart Touch Panel Home Automation,US $601.08,US $632.72,,,,,https://www.aliexpress.us/item/3256808924269624.html
"Hub de Automação Residencial 10.1 Polegadas Touch com WiFi, RJ45, PoE e NFC - Hotelaria",OK,3256806438440666,"MOES Matter Gateway, Enjoy Smart Home Control with Tuya Zigbee, Voice Control with Siri, HomeKit, SmartThings, Google Assistant,",US $87.82,US $197.54,,,,,https://www.aliexpress.us/item/3256806438440666.html
"Hub de Automação Residencial 10.1 Polegadas Touch com WiFi, RJ45, PoE e NFC - Hotelaria",OK,3256807883817374,EWIND POE Switch 6 Ports 10/100Mbps AI Smart Ethernet Switch with 2 Uplink RJ45 Ports AI Smart Switch for IP Camera/Wireless AP,US $0.99,US $12.79,,,,,https://www.aliexpress.us/item/3256807883817374.html
"Hub de Automação Residencial 10.1 Polegadas Touch com WiFi, RJ45, PoE e NFC - Hotelaria",OK,3256807484150648,Tuya Smart Home Control Panel 10inch multilingual Touch Screen Built-in Bluetooth Zigbee gateway Multifunction Scene switch WIFI,US $612.68,US $928.31,,,,,https://www.aliexpress.us/item/3256807484150648.html
"Hub de Automação Residencial 10.1 Polegadas Touch com WiFi, RJ45, PoE e NFC - Hotelaria",OK,3256806322276641,Tuya Zigbee Gateway RJ45 Ethernet Enhanced Signal Smart Home Hub Moderm One Key Replacement Work Alexa For Big House Villa Hotel,US $51.14,US $60.44,,,,,https://www.aliexpress.us/item/3256806322276641.html
"Hub de Automação Residencial 10.1 Polegadas Touch com WiFi, RJ45, PoE e NFC - Hotelaria",OK,3256811534496573,"10.1"" Android 14 Wall Mount POE Smart Home Touch Tablet RK3576 4GB+64GB with LEDs, Relay, RS485, MQTT, Google Play & Tuya Contro",US $323.95,US $330.95,,,,,https://www.aliexpress.us/item/3256811534496573.html
"Hub de Automação Residencial 10.1 Polegadas Touch com WiFi, RJ45, PoE e NFC - Hotelaria",OK,3256805068171516,Smart Home ZigBee 3.0 Wired Gateway Hub EWeLink APP Control RJ45 Ethernet Bridge Works with Home Assistant Tasmota Zigbee2MQTT,US $15.99,US $22.99,,,,,https://www.aliexpress.us/item/3256805068171516.html
"Hub de Automação Residencial 10.1 Polegadas Touch com WiFi, RJ45, PoE e NFC - Hotelaria",OK,3256808648654284,"New 10-Port POE RJ45 Ethernet Switch with for 802.3af/at Smart Managed Uplink Unmanaged Plug and Play,for IP Camera/NVR",US $32.11,US $74.90,,,,,https://www.aliexpress.us/item/3256808648654284.html
"Hub de Automação Residencial 10.1 Polegadas Touch com WiFi, RJ45, PoE e NFC - Hotelaria",OK,3256807150152829,KuWFi POE Switch 4/8 Ports 100Mbps Network Ethernet Switch with Fast RJ45 POE & Uplink Port for IP camera/Wireless AP,US $17.00,US $24.00,,,,,https://www.aliexpress.us/item/3256807150152829.html
"Hub de Automação Residencial 10.1 Polegadas Touch com WiFi, RJ45, PoE e NFC - Hotelaria",OK,3256812000165734,"2026new Android POE Tablet 10.1 inch Smart Home Control Panel with MQTT,LED lights,Google Play,wifi,BT,RJ45",US $412.28,,,,,,https://www.aliexpress.us/item/3256812000165734.html
"Hub de Automação Residencial 10.1 Polegadas Touch com WiFi, RJ45, PoE e NFC - Hotelaria",OK,3256809127318463,Tuya Smart Home Controls Panel 10.1 Inch Touch Screen with Bluetooth Zigbee Gateway Android 11 Multi-function Relay Scene Switch,US $516.49,US $906.30,,,,,https://www.aliexpress.us/item/3256809127318463.html
"Hub de Automação Residencial 10.1 Polegadas Touch com WiFi, RJ45, PoE e NFC - Hotelaria",OK,3256809479650715,"New 6-Port POE RJ45 Ethernet Switch with for 802.3af/at Smart Managed Uplink Unmanaged Plug and Play,for IP Camera/NVR",US $15.39,US $47.64,,,,,https://www.aliexpress.us/item/3256809479650715.html
"Hub de Automação Residencial 10.1 Polegadas Touch com WiFi, RJ45, PoE e NFC - Hotelaria",OK,3256809676821697,Gigabit Ethernet Splitter For PC Laptop TV Box Router Network RJ45 Splitter 1 in 4 /1in 3 /1in 2 100M 1000M Gigabite Ethernet,US $0.99,US $11.06,,,,,https://www.aliexpress.us/item/3256809676821697.html
"Hub de Automação Residencial 10.1 Polegadas Touch com WiFi, RJ45, PoE e NFC - Hotelaria",OK,3256809676432675,1000Mbps RJ45 Splitter 1 To 2/3/4 Ethernet Extension Adapter Lan Connector RJ45 Splitter Switch Coupler for PC Laptop Box Router,US $0.99,US $5.57,,,,,https://www.aliexpress.us/item/3256809676432675.html
"Hub de Automação Residencial 10.1 Polegadas Touch com WiFi, RJ45, PoE e NFC - Hotelaria",OK,3256807521252958,4CH Tuya Wifi Smart Switch AC 220V 85-250V 7-32V 10A Relay Intelligent Automation Module Controller Work With Alexa Google Home,US $6.19,US $13.19,,,,,https://www.aliexpress.us/item/3256807521252958.html
"Hub de Automação Residencial 10.1 Polegadas Touch com WiFi, RJ45, PoE e NFC - Hotelaria",OK,3256806209736272,Tuya Smart Home WiFi+Zigbee+Bluetooth Multimode Gateway Hub with IR Remote Voice Control Smart Scene Automation DIY Learning,US $18.05,US $25.05,,,,,https://www.aliexpress.us/item/3256806209736272.html
"Hub de Automação Residencial 10.1 Polegadas Touch com WiFi, RJ45, PoE e NFC - Hotelaria",OK,3256805095993106,HomeKit Zigbee Hub Gateway Smart Home WiFi Wireless Wired Bridge Tuya Smart Life Works with Apple HomeKit Alexa Google,US $19.31,US $26.31,,,,,https://www.aliexpress.us/item/3256805095993106.html
"Hub de Automação Residencial 10.1 Polegadas Touch com WiFi, RJ45, PoE e NFC - Hotelaria",OK,3256808876517254,TTLock Or TTHotel APP Device G3 Gateway Bluetooth-compatible To RJ45 Ethernet Bridge,US $14.13,US $14.37,,,,,https://www.aliexpress.us/item/3256808876517254.html
"Hub de Automação Residencial 10.1 Polegadas Touch com WiFi, RJ45, PoE e NFC - Hotelaria",OK,3256809538350643,"Waveshare 2-Ch RS485 To RJ45 Ethernet Serial Server, Dual Channels RS485 Independent Operation, Modbus gateway, MQTT gateway",US $33.84,US $39.47,,,,,https://www.aliexpress.us/item/3256809538350643.html
"Hub de Automação Residencial 10.1 Polegadas Touch com WiFi, RJ45, PoE e NFC - Hotelaria",OK,3256805829576833,"HORACO 2.5G PoE Switch 8 Port 2.5GBASE-T 10G SFP+ Slot 100W IEEE802.3af/at for WiFi 6e AP,VoIP Phone,Surveillance,POE Camera",US $86.82,US $271.63,,,,,https://www.aliexpress.us/item/3256805829576833.html
"Hub de Automação Residencial 10.1 Polegadas Touch com WiFi, RJ45, PoE e NFC - Hotelaria",OK,3256811549947650,Tuya zigbee bluetooth multi mode gateway hub dual-band wifi smart home bridge automation supports 128 device works with alexa,US $19.72,US $60.72,,,,,https://www.aliexpress.us/item/3256811549947650.html
"Hub de Automação Residencial 10.1 Polegadas Touch com WiFi, RJ45, PoE e NFC - Hotelaria",OK,3256810093372748,MOES Tuya ZigBee/Bluetooth Gateway Hub Wireless/Wired Multi-mode Bridge Bluetooth Remote Controller Mesh Smart Life APP Alexa,US $18.18,US $54.74,,,,,https://www.aliexpress.us/item/3256810093372748.html
"Hub de Automação Residencial 10.1 Polegadas Touch com WiFi, RJ45, PoE e NFC - Hotelaria",OK,3256811921226005,Tuya Zigbee/Bluetooth Dual-Band Multi-Mode Gateway 2.4G/5G WiFi Smart Home Hub Local Automation Smart Home Control,US $14.37,US $45.47,,,,,https://www.aliexpress.us/item/3256811921226005.html
"Hub de Automação Residencial 10.1 Polegadas Touch com WiFi, RJ45, PoE e NFC - Hotelaria",OK,3256812239210201,EWIND Ethernet Switch 5/8 Ports Desktop Gigabit Network Switch 10/100/1000Mbps Adapter Fast RJ45 Ethernet Switch Auto MDI/MDIX,US $8.35,US $18.37,,,,,https://www.aliexpress.us/item/3256812239210201.html
"Hub de Automação Residencial 10.1 Polegadas Touch com WiFi, RJ45, PoE e NFC - Hotelaria",OK,3256811958655894,8-in-1 USB C Hub PD 100W Charging USB C Multiport Adapter SD TF Card Reader USB-C Dongle RJ45 Ethernet Port for MacBook Pro Air,US $18.26,,,,,,https://www.aliexpress.us/item/3256811958655894.html
"Hub de Automação Residencial 10.1 Polegadas Touch com WiFi, RJ45, PoE e NFC - Hotelaria",OK,3256811613943597,Ethernet Splitter 1 to 3/4 Gigabit Network Splitter 1000Mbps Internet Cable Splitter Network RJ45 Splitter for PC Laptop,US $15.36,US $22.36,,,,,https://www.aliexpress.us/item/3256811613943597.html
"Hub de Automação Residencial 10.1 Polegadas Touch com WiFi, RJ45, PoE e NFC - Hotelaria",OK,3256811866247177,Ethernet Splitter 1 To 3/4 1000Mbps Internet Cable Splitter Network RJ45 Splitter for PC Laptop Router TV-Box Digital TV,US $11.74,,,,,,https://www.aliexpress.us/item/3256811866247177.html
"Hub de Automação Residencial 10.1 Polegadas Touch com WiFi, RJ45, PoE e NFC - Hotelaria",OK,3256807271467694,A16 ESP32 ESPHome Relay Baord Support Ethernet WiFi I2C RF 433Mhz RS485 Temperature Humidity Tasmota Arduino IDE Tuya MQTT IFTTT,US $40.26,US $366.88,,,,,https://www.aliexpress.us/item/3256807271467694.html
"Hub de Automação Residencial 10.1 Polegadas Touch com WiFi, RJ45, PoE e NFC - Hotelaria",OK,3256811572664375,Smart Home Automation Multi-Mode WiFi Hub Wireless Zigbee Gateway 3.0 Smart WiFi Hub Wall Switch Plug Socket,US $44.42,US $48.28,,,,,https://www.aliexpress.us/item/3256811572664375.html
"Hub de Automação Residencial 10.1 Polegadas Touch com WiFi, RJ45, PoE e NFC - Hotelaria",OK,3256809683815330,1000Mbps RJ45 Splitter 1 to 4 Ethernet Adapter Network Splitter Cable Extender Gigabit LAN Connector for PC Laptop TV Router,US $0.99,US $15.63,,,,,https://www.aliexpress.us/item/3256809683815330.html
"Hub de Automação Residencial 10.1 Polegadas Touch com WiFi, RJ45, PoE e NFC - Hotelaria",OK,3256810269482751,MOES Tuya Smart ZigBee Bluetooth Multi-Mode Gateway Hub Type-C Power Wireless Home Automation Works with Alexa Google Home,US $6.02,US $27.71,,,,,https://www.aliexpress.us/item/3256810269482751.html
"Hub de Automação Residencial 10.1 Polegadas Touch com WiFi, RJ45, PoE e NFC - Hotelaria",OK,3256811855029574,"New wall mounted 10.1 inch android POE tablet withsmart home control panel,MQTT,Google Play,LED lights",US $585.93,US $616.77,,,,,https://www.aliexpress.us/item/3256811855029574.html
"Hub de Automação Residencial 10.1 Polegadas Touch com WiFi, RJ45, PoE e NFC - Hotelaria",OK,3256805862337476,MOES Tuya Smart Home Control Panel Max 10.1inch Touch Screen with Bluetooth Zigbee Gateway Built-in Building Intercom Compatible,US $644.03,US $961.39,,,,,https://www.aliexpress.us/item/3256805862337476.html
"Hub de Automação Residencial 10.1 Polegadas Touch com WiFi, RJ45, PoE e NFC - Hotelaria",OK,3256803715613308,TTLock APP Device G3 Gateway Bluetooth-compatible To RJ45 Ethernet Bridge For Remote Control Lock,US $13.67,US $17.21,,,,,https://www.aliexpress.us/item/3256803715613308.html
"Hub de Automação 10.1 Polegadas WiFi Zigbee 3.0 Bluetooth - Hotelaria com Voz, PoE e 4G",OK,3256812182388766,MOES Tuya Bluetooth/ZigBee/Multi-mode Gateway Hub Type-C Port Power Smart Home Automation Wireless Network With Alexa GoogleHome,US $8.58,US $49.33,,,,,https://www.aliexpress.us/item/3256812182388766.html
"Hub de Automação 10.1 Polegadas WiFi Zigbee 3.0 Bluetooth - Hotelaria com Voz, PoE e 4G",OK,3256809800577918,MOES Multi-mode Smart Gateway ZigBee WiFi Bluetooth Mesh Hub Work with Tuya Smart App Voice Control via Alexa Google Home,US $10.44,US $44.88,,,,,https://www.aliexpress.us/item/3256809800577918.html
"Hub de Automação 10.1 Polegadas WiFi Zigbee 3.0 Bluetooth - Hotelaria com Voz, PoE e 4G",OK,3256807716442512,"MOES Tuya ZigBee 4.0 Scene Switch Smart Central Control,Smart Life App Control,Built-in Alexa,Wireless Zigbee Hub",US $175.38,US $388.05,,,,,https://www.aliexpress.us/item/3256807716442512.html
"Hub de Automação 10.1 Polegadas WiFi Zigbee 3.0 Bluetooth - Hotelaria com Voz, PoE e 4G",OK,3256805013855490,ZigBee Wifi MmWave Human Presence Motion Sensor With Luminance/Distance Detection 5/110/220V Tuya Smart Life Home Automation,US $14.19,US $31.39,,,,,https://www.aliexpress.us/item/3256805013855490.html
"Hub de Automação 10.1 Polegadas WiFi Zigbee 3.0 Bluetooth - Hotelaria com Voz, PoE e 4G",OK,3256811882111461,Tuya Smart Multi Mode Gateway Bluetooth/ZigBee WiFi Hub Bridge Smart Home Wireless Remote Control with Alexa Google Home,US $7.05,US $29.89,,,,,https://www.aliexpress.us/item/3256811882111461.html
"Hub de Automação 10.1 Polegadas WiFi Zigbee 3.0 Bluetooth - Hotelaria com Voz, PoE e 4G",OK,3256803205233414,BSEED Tuya Zigbee Smart Gateway Hub Wireless Home Bridge Wifi Switch Remote Controller Work With Smart Life Alexa Google Home,US $18.40,US $37.91,,,,,https://www.aliexpress.us/item/3256803205233414.html
"Hub de Automação 10.1 Polegadas WiFi Zigbee 3.0 Bluetooth - Hotelaria com Voz, PoE e 4G",OK,3256806823775275,MOES Tuya ZigBee Wireless Gateway Hub Wired Multi-mode Bridge Bluetooth Remote Controller Mesh Smart Life APP Alexa Google Home,US $27.19,US $57.47,,,,,https://www.aliexpress.us/item/3256806823775275.html
"Hub de Automação 10.1 Polegadas WiFi Zigbee 3.0 Bluetooth - Hotelaria com Voz, PoE e 4G",OK,3256812571724294,"Oryzic Tuya ZigBee Smart Hub Wired Gateway Bridge Hub Support Voice Control with Alexa, Google Home via hub",US $27.25,US $28.02,,,,,https://www.aliexpress.us/item/3256812571724294.html
"Hub de Automação 10.1 Polegadas WiFi Zigbee 3.0 Bluetooth - Hotelaria com Voz, PoE e 4G",OK,3256810386505570,MOES Tuya Smart ZigBee Multi-mode Gateway Bluetooth Mesh Hub 38K IR Remote Controller 2in1 Voice Control For Alexa Google Home,US $25.57,US $65.15,,,,,https://www.aliexpress.us/item/3256810386505570.html
"Hub de Automação 10.1 Polegadas WiFi Zigbee 3.0 Bluetooth - Hotelaria com Voz, PoE e 4G",OK,3256808139581428,2.4G 5G Tuya ZigBee Bluetooth Wireless Gateway Hub Multi-Mode Bridge Mesh Remote Controller Smart Life APP Alexa Google Home,US $18.77,US $37.89,,,,,https://www.aliexpress.us/item/3256808139581428.html
"Hub de Automação 10.1 Polegadas WiFi Zigbee 3.0 Bluetooth - Hotelaria com Voz, PoE e 4G",OK,3256811921226005,Tuya Zigbee/Bluetooth Dual-Band Multi-Mode Gateway 2.4G/5G WiFi Smart Home Hub Local Automation Smart Home Control,US $14.37,US $45.47,,,,,https://www.aliexpress.us/item/3256811921226005.html
"Hub de Automação 10.1 Polegadas WiFi Zigbee 3.0 Bluetooth - Hotelaria com Voz, PoE e 4G",OK,3256805438850885,MOES Tuya ZigBee Wired Gateway Smart Hub Wired Remote Controller Mesh Smart Life APP Work With Alexa Google Home,US $26.79,US $71.90,,,,,https://www.aliexpress.us/item/3256805438850885.html
"Hub de Automação 10.1 Polegadas WiFi Zigbee 3.0 Bluetooth - Hotelaria com Voz, PoE e 4G",OK,3256811671255437,Zigbee Gateway Tuya Devices Bluetooth Wired Smart Hub Smart Life Products Home Control Panel Compatible with Alexa,US $3.33,US $13.75,,,,,https://www.aliexpress.us/item/3256811671255437.html
"Hub de Automação 10.1 Polegadas WiFi Zigbee 3.0 Bluetooth - Hotelaria com Voz, PoE e 4G",OK,3256807508165740,Zigbee 3.0 Gateway Hub Smart Home Wireless Bridge eWeLink App Remote Control Automation Device Works with Alexa Google Assistant,US $9.95,US $52.99,,,,,https://www.aliexpress.us/item/3256807508165740.html
"Hub de Automação 10.1 Polegadas WiFi Zigbee 3.0 Bluetooth - Hotelaria com Voz, PoE e 4G",OK,3256807161211693,GIRIER Tuya ZigBee Gateway Hub Plug-in Type Multi-mode ZigBee Bluetooth Gateway Bridge for Smart Home Automation Work with Alexa,US $17.78,US $35.77,,,,,https://www.aliexpress.us/item/3256807161211693.html
"Hub de Automação 10.1 Polegadas WiFi Zigbee 3.0 Bluetooth - Hotelaria com Voz, PoE e 4G",OK,3256809441109253,"MOES Smart Switch 1-4 Gang WiFi/Zigbee Module, Works with Alexa Google Home, Timer Voice Control for Home Automation DIY",US $4.33,US $15.84,,,,,https://www.aliexpress.us/item/3256809441109253.html
"Hub de Automação 10.1 Polegadas WiFi Zigbee 3.0 Bluetooth - Hotelaria com Voz, PoE e 4G",OK,3256805713990568,Tuya Smart Life Multi-mode Gateway Smart Home Automation Hub ZigBee WiFi Bridge Bluetooth Mesh Voice Control for Alexa Google,US $14.79,US $50.92,,,,,https://www.aliexpress.us/item/3256805713990568.html
"Hub de Automação 10.1 Polegadas WiFi Zigbee 3.0 Bluetooth - Hotelaria com Voz, PoE e 4G",OK,3256808533216348,Multi Mode Tuya ZigBee Bluetooth Gateway Hub Wireless Smart Home Appliances Remote Controller Bridge Work with Alexa Google Home,US $7.01,US $28.60,,,,,https://www.aliexpress.us/item/3256808533216348.html
"Hub de Automação 10.1 Polegadas WiFi Zigbee 3.0 Bluetooth - Hotelaria com Voz, PoE e 4G",OK,3256806449202823,MOES Tuya Zigbee Matter Thread Gateway Smart Home Bridge Matter Hub Support Voice Control Siri Homekit Smartthings Google Alexa,US $76.89,US $167.77,,,,,https://www.aliexpress.us/item/3256806449202823.html
"Hub de Automação 10.1 Polegadas WiFi Zigbee 3.0 Bluetooth - Hotelaria com Voz, PoE e 4G",OK,2255800209895871,Moes WiFi 20A Boiler Switch Zigbee Water Heater Wall Controller Tuya Smart APP Remote Control Work With Alexa Google Home Voice,US $31.39,US $49.21,,,,,https://www.aliexpress.us/item/2255800209895871.html
"Hub de Automação 10.1 Polegadas WiFi Zigbee 3.0 Bluetooth - Hotelaria com Voz, PoE e 4G",OK,3256809955606323,Tuya Zigbee Wireless Hub Bluetooth-Compatible Gateway For Smart Home Automation Via Smart Life APP Works with Google Home Alexa,US $13.63,US $20.63,,,,,https://www.aliexpress.us/item/3256809955606323.html
"Hub de Automação 10.1 Polegadas WiFi Zigbee 3.0 Bluetooth - Hotelaria com Voz, PoE e 4G",OK,3256811763166233,"AVATTO Matter Smart Wired Gateway Hub,ZigBee Smart Home Bridge Remote Controller Support Tuya,HomeKit,Siri,Google Home,Alexa",US $56.81,US $159.54,,,,,https://www.aliexpress.us/item/3256811763166233.html
"Hub de Automação 10.1 Polegadas WiFi Zigbee 3.0 Bluetooth - Hotelaria com Voz, PoE e 4G",OK,3256807576924966,Smart Life Multi-mode Gateway ZigBee Bluetooth Wireless Hub Remote Controller Bridge Voice Control Work with Alexa Google Home,US $18.28,US $52.67,,,,,https://www.aliexpress.us/item/3256807576924966.html
"Hub de Automação 10.1 Polegadas WiFi Zigbee 3.0 Bluetooth - Hotelaria com Voz, PoE e 4G",OK,3256806823780740,Tuya Zigbee 3.0 Gateway Hub Smart Home Wireless Bridge Smart Life APP Remote Control Automation Device Works with Alexa Google,US $10.27,US $36.75,,,,,https://www.aliexpress.us/item/3256806823780740.html
"Hub de Automação 10.1 Polegadas WiFi Zigbee 3.0 Bluetooth - Hotelaria com Voz, PoE e 4G",OK,3256809536398385,Lincukoo Tuya Zigbee/Bluetooth Gateway Smart Wireless Hub Gateway Connect 128 Zigbee Devices Multi-mode Gateway Home SmartLife,US $3.76,US $11.11,,,,,https://www.aliexpress.us/item/3256809536398385.html
"Hub de Automação 10.1 Polegadas WiFi Zigbee 3.0 Bluetooth - Hotelaria com Voz, PoE e 4G",OK,3256810365732232,Tuya Smart LifeAPP Multi-mode Gateway ZigBee Bluetooth Wireless Hub Remote Controller Bridge Voice Control Via Alexa Google Home,US $10.51,US $39.79,,,,,https://www.aliexpress.us/item/3256810365732232.html
"Hub de Automação 10.1 Polegadas WiFi Zigbee 3.0 Bluetooth - Hotelaria com Voz, PoE e 4G",OK,3256809694346234,Tuya Zigbee Bluetooth Smart Home Gateway Hub with Plug Plug-in Multimode Gateway Bridge for Smart Home Automation with Alexa,US $14.21,US $22.03,,,,,https://www.aliexpress.us/item/3256809694346234.html
"Hub de Automação 10.1 Polegadas WiFi Zigbee 3.0 Bluetooth - Hotelaria com Voz, PoE e 4G",OK,3256807441784641,Zigbee Thermostat Tuya WiFi Room Temperature Controller For Water/Electric Floor Heating Gas Boiler Works with Alexa Google Home,US $33.62,US $71.75,,,,,https://www.aliexpress.us/item/3256807441784641.html
"Hub de Automação 10.1 Polegadas WiFi Zigbee 3.0 Bluetooth - Hotelaria com Voz, PoE e 4G",OK,3256810582503034,Tuya ZigBee Multi-mode Gateway Hub Smart Home WiFi Bridge Bluetooth Mesh Smart Life Remote Control Works With Alexa Google Alice,US $7.22,US $28.44,,,,,https://www.aliexpress.us/item/3256810582503034.html
"Hub de Automação 10.1 Polegadas WiFi Zigbee 3.0 Bluetooth - Hotelaria com Voz, PoE e 4G",OK,3256811795264814,Tuya Zigbee 3.0 Gateway Wireless Hub For Smart Home Automation for Zigbee Devices APP Remote Control Via SmartLife,US $10.08,US $42.70,,,,,https://www.aliexpress.us/item/3256811795264814.html
"Hub de Automação 10.1 Polegadas WiFi Zigbee 3.0 Bluetooth - Hotelaria com Voz, PoE e 4G",OK,3256807439122487,Wireless Plug-in Tuya 2.4G WI-FI Multi-mode Gateway Hub Zigbee Bluetooth Sub-devices Smart Automation Linkage Connecting Bridge,US $20.44,US $58.39,,,,,https://www.aliexpress.us/item/3256807439122487.html
"Hub de Automação 10.1 Polegadas WiFi Zigbee 3.0 Bluetooth - Hotelaria com Voz, PoE e 4G",OK,3256812463826704,Tuya app Smart Life Home Gateway Stable Signal Coverage Smart Scene Automation Hub Compatible Smart Multi-Mode Gateway with All Tuya Zigbee Bluetooth Devices,US $11.02,US $36.05,,,,,https://www.aliexpress.us/item/3256812463826704.html
"Hub de Automação 10.1 Polegadas WiFi Zigbee 3.0 Bluetooth - Hotelaria com Voz, PoE e 4G",OK,3256812356926650,YFK Zigbee Gateway Hub Tuya Smart Home Wireless Bluetooth Multi-Mode WiFi App Compatible with Alexa Google,US $10.37,US $38.59,,,,,https://www.aliexpress.us/item/3256812356926650.html
"Hub de Automação 10.1 Polegadas WiFi Zigbee 3.0 Bluetooth - Hotelaria com Voz, PoE e 4G",OK,3256808099171916,Tuya Wireless Bluetooth ZigBee Gateway Hub Smart Home Automation Link Bridge SmartLife APP Remote Control Work with Alexa Google,US $18.43,US $25.43,,,,,https://www.aliexpress.us/item/3256808099171916.html
"Hub de Automação 10.1 Polegadas WiFi Zigbee 3.0 Bluetooth - Hotelaria com Voz, PoE e 4G",OK,3256807685308797,Zemismart Matter Zigbee Gateway with Antenna Smart Home Hub Bridge Support Tuya App Homekit Google Home App Smartthings App,US $31.51,US $41.86,,,,,https://www.aliexpress.us/item/3256807685308797.html
"Hub de Automação 10.1 Polegadas WiFi Zigbee 3.0 Bluetooth - Hotelaria com Voz, PoE e 4G",OK,3256809445109457,MOES Tuya WiFi/Zigbee Mini Smart Switch Module DIY 1-4 Gang Voice Control Work With Google Home Alexa Timer Home Automation,US $13.42,US $20.18,,,,,https://www.aliexpress.us/item/3256809445109457.html
"Hub de Automação 10.1 Polegadas WiFi Zigbee 3.0 Bluetooth - Hotelaria com Voz, PoE e 4G",OK,3256807258124349,Tuya ZigBee Signal Repeater USB Plug and Play Gateway Hub Signal Amplifier Smart Home Assistant Works with Smartlife APP,US $0.99,US $6.81,,,,,https://www.aliexpress.us/item/3256807258124349.html
"Hub de Automação 10.1 Polegadas WiFi Zigbee 3.0 Bluetooth - Hotelaria com Voz, PoE e 4G",OK,3256805927050653,X5 Project Tuya Zigbee Gateway With Enhanced Strong Signal Wired Multi-Founction Zigbee 3.0 Bluetooth Hub For Villa Smart Home,US $76.68,US $86.03,,,,,https://www.aliexpress.us/item/3256805927050653.html
"Hub de Automação 10.1 Polegadas WiFi Zigbee 3.0 Bluetooth - Hotelaria com Voz, PoE e 4G",OK,3256812286256581,Tuya Multi‑Mode Matter Gateway Zigbee Bluetooth 2.4G/5G WiFi Smart Hub Wireless Control Station Smart Life Remote Monitoring,US $57.29,US $146.12,,,,,https://www.aliexpress.us/item/3256812286256581.html
"Hub de Automação 10.1 Polegadas WiFi Zigbee 3.0 Bluetooth - Hotelaria com Voz, PoE e 4G",OK,3256805800513519,ZigBee/Wifi MmWave Radar Human Presence Motion Sensor Light Switch Luminosity Detection 110/220V Tuya Smart Life Home Automation,US $23.19,US $78.88,,,,,https://www.aliexpress.us/item/3256805800513519.html
"Hub de Automação 10.1 Polegadas WiFi Zigbee 3.0 Bluetooth - Hotelaria com Voz, PoE e 4G",OK,3256805268013318,LoraTap Tuya Multi-mode WiFi ZigBee 3.0 Bluetooth Mesh Gateway Hub Bridge Wireless and Wired Smart Life App Remote Control,US $11.40,US $38.33,,,,,https://www.aliexpress.us/item/3256805268013318.html
"Hub de Automação 10.1 Polegadas WiFi Zigbee 3.0 Bluetooth - Hotelaria com Voz, PoE e 4G",OK,3256811369465797,Tuya Smart Wired Zigbee 3.0 Gateway Hub WIFI Bluetooth Wireless Protocol IoT Fits Alexa Google Home Smart Life App Control Host,US $52.15,US $56.79,,,,,https://www.aliexpress.us/item/3256811369465797.html
"Hub de Automação 10.1 Polegadas WiFi Zigbee 3.0 Bluetooth - Hotelaria com Voz, PoE e 4G",OK,3256812200663666,Multi-Mode Smart Gateway Zigbee 3.0 Bluetooth Mesh Hub 2.4G Wifi App Remote Control Voice Control Works With Alexa Google Home,US $60.59,US $106.47,,,,,https://www.aliexpress.us/item/3256812200663666.html
"Hub de Automação 10.1 Polegadas WiFi Zigbee 3.0 Bluetooth - Hotelaria com Voz, PoE e 4G",OK,3256809233732885,TUYA Zigbee BLE Gateway Smart Gateways Smart Home Bluetooth Mesh Hub Tuya Bridge Wireless Remote Controller Hub,US $20.28,US $30.42,,,,,https://www.aliexpress.us/item/3256809233732885.html
"Hub de Automação 10.1 Polegadas WiFi Zigbee 3.0 Bluetooth - Hotelaria com Voz, PoE e 4G",OK,3256806767444771,Tuya WiFi IR Remote Control With Multi-mode Gateway Zigbee Hub for Smart Home via APP Smart Life Works with Alexa Google Home,US $0.99,US $6.45,,,,,https://www.aliexpress.us/item/3256806767444771.html
"Hub de Automação 10.1 Polegadas WiFi Zigbee 3.0 Bluetooth - Hotelaria com Voz, PoE e 4G",OK,3256805862337476,MOES Tuya Smart Home Control Panel Max 10.1inch Touch Screen with Bluetooth Zigbee Gateway Built-in Building Intercom Compatible,US $644.03,US $961.39,,,,,https://www.aliexpress.us/item/3256805862337476.html
"Hub de Automação 10.1 Polegadas WiFi Zigbee 3.0 Bluetooth - Hotelaria com Voz, PoE e 4G",OK,3256804747175283,Tuya ZigBee 3.0 Smart Gateway Hub Multi-Mode Smart Home Bridge WiFi Bluetooth APP Wireless Remote Control For Alexa Google Home,US $24.60,US $31.60,,,,,https://www.aliexpress.us/item/3256804747175283.html
"Hub de Automação 10.1 Polegadas WiFi Zigbee 3.0 Bluetooth - Hotelaria com Voz, PoE e 4G",OK,3256809885128615,MOES Tuya WiFi Smart Thermostat Center Control Panel Water Gas Boiler Heating Temperature Controller ZigBee Gateway Touch Screen,US $268.77,US $419.96,,,,,https://www.aliexpress.us/item/3256809885128615.html
"Hub de Automação 10.1 Polegadas WiFi Zigbee 3.0 Bluetooth - Hotelaria com Voz, PoE e 4G",OK,3256805357075686,Tuya ZigBee Multi-mode Gateway Hub Smart Home WiFi Bridge Bluetooth Mesh Smart Life Remote Control Works With Alexa Google Alice,US $15.19,US $35.12,,,,,https://www.aliexpress.us/item/3256805357075686.html
"Hub de Automação 10.1 Polegadas WiFi Zigbee 3.0 Bluetooth - Hotelaria com Voz, PoE e 4G",OK,3256812295453403,Tuya ZigBee Multi-mode Gateway Hub Smart Home WiFi Bridge Bluetooth Mesh Smart Life Remote Control Works With Alexa Google Alice,US $14.77,US $29.74,,,,,https://www.aliexpress.us/item/3256812295453403.html
YG-T10 Rastreador GPS Veicular 4G com Garantia de 1 Ano - Suporte Global,OK,3256811506179259,MR YANG High Precision Ammeter Multimeter Combo with YCS Extra Tip Test Leads for Professional Electrical Testing and Repair,US $83.32,US $92.53,,,,,https://www.aliexpress.us/item/3256811506179259.html
YG-T10 Rastreador GPS Veicular 4G com Garantia de 1 Ano - Suporte Global,OK,3256807498754437,Trend 2Pcs Tai Chi Yin Yang Eight Trigrams Pendant Black PU Leather Necklaces Set for Couple Matching Lover Choker Collar Gift,US $0.99,US $2.12,,,,,https://www.aliexpress.us/item/3256807498754437.html
YG-T10 Rastreador GPS Veicular 4G com Garantia de 1 Ano - Suporte Global,OK,3256803626262343,Fashion Stainless Steel Yin Ying Yang Pendant Necklace Black White Necklace Friendship Men Link Chain Necklaces Jewelry Vintage,US $0.99,US $2.19,,,,,https://www.aliexpress.us/item/3256803626262343.html
YG-T10 Rastreador GPS Veicular 4G com Garantia de 1 Ano - Suporte Global,OK,3256807566004911,No SIM Chip GPS Locator 2G 4G Tourist Tracking Service | Optional Location for Vehicle Charge Tracker No Need Location Default,US $13.56,US $48.80,,,,,https://www.aliexpress.us/item/3256807566004911.html
YG-T10 Rastreador GPS Veicular 4G com Garantia de 1 Ano - Suporte Global,OK,3256808112282862,Funny Yin Yang Graphic T Shirts Men Women Pure Cotton Humor Streetwear Tee Shirt Short Sleeve Unisex Loose Clothing,US $1.20,US $8.24,,,,,https://www.aliexpress.us/item/3256808112282862.html
YG-T10 Rastreador GPS Veicular 4G com Garantia de 1 Ano - Suporte Global,OK,3256805556635551,New 2Pcs Tai Chi Yin Yang Eight Trigrams Pendant Necklaces Set for Couple Silver Color Chain Matching Lover Choker Collar Gift,US $0.99,US $2.12,,,,,https://www.aliexpress.us/item/3256805556635551.html
YG-T10 Rastreador GPS Veicular 4G com Garantia de 1 Ano - Suporte Global,OK,3256810542870649,Mr.Yang 2015/2020 High Strength Solder Wick Rosin Powder Formula 20mm Width 2m Length Desoldering Braid  for Electronics Repair,US $0.99,US $6.66,,,,,https://www.aliexpress.us/item/3256810542870649.html
YG-T10 Rastreador GPS Veicular 4G com Garantia de 1 Ano - Suporte Global,OK,3256805786457235,"4G Vehicle Locator For South America And Australia, Track Playback, Protect Vehicle Safety, Subscription Required",US $11.90,US $30.00,,,,,https://www.aliexpress.us/item/3256805786457235.html
YG-T10 Rastreador GPS Veicular 4G com Garantia de 1 Ano - Suporte Global,OK,3256809945882393,1 Set of 2 Simple Tai Chi Bagua Black and White Yin and Yang Rope Braided Telescopic Adjustment Bracelet for Men and Women Coupl,,,,,,,https://www.aliexpress.us/item/3256809945882393.html
YG-T10 Rastreador GPS Veicular 4G com Garantia de 1 Ano - Suporte Global,OK,3256808437191479,1 Set of 2 Simple Tai Chi Bagua Black and White Yin and Yang Rope Braided Telescopic Adjustment Bracelet for Men and Women Coupl,,,,,,,https://www.aliexpress.us/item/3256808437191479.html
YG-T10 Rastreador GPS Veicular 4G com Garantia de 1 Ano - Suporte Global,OK,3256807699654977,Yin Yang Spiritual Design Meditation Yoga Yinyang Distressed Pullover Hoodie Xwomen Mens Sweatshirt Customizable Hoodie,US $17.70,US $25.10,,,,,https://www.aliexpress.us/item/3256807699654977.html
YG-T10 Rastreador GPS Veicular 4G com Garantia de 1 Ano - Suporte Global,OK,3256809056792310,Best 4G Anti-Theft GPS Tracker for Car/Motorcycle - ‌Strong Magnetic Vehicle Locator with Paid APP Tracking/Security Protection,US $12.00,US $49.99,,,,,https://www.aliexpress.us/item/3256809056792310.html
YG-T10 Rastreador GPS Veicular 4G com Garantia de 1 Ano - Suporte Global,OK,3256805492018076,2Pcs Tai Chi Yin Yang Eight Trigrams Pendant Necklaces Set for Couple Silver Color Chain Matching Lover Choker Collar Gift,US $0.99,US $2.28,,,,,https://www.aliexpress.us/item/3256805492018076.html
YG-T10 Rastreador GPS Veicular 4G com Garantia de 1 Ano - Suporte Global,OK,3256802765717206,Yin Yang Tai Chi Keychain BFF Best Friends Couple Matching Sets for Women Men Keyring Gift,US $1.02,US $1.87,,,,,https://www.aliexpress.us/item/3256802765717206.html
YG-T10 Rastreador GPS Veicular 4G com Garantia de 1 Ano - Suporte Global,OK,3256812165690367,4G GPS Tracker Car Tracker Magnet 7500mAh GPS Tracker 4G GPS Locator Waterproof Vehicle  Long Standby Battery Real Time Position,US $15.23,US $54.22,,,,,https://www.aliexpress.us/item/3256812165690367.html
YG-T10 Rastreador GPS Veicular 4G com Garantia de 1 Ano - Suporte Global,OK,3256805486977898,Simple Yin Yang Brooches Pins Personality Black White Tai Chi Ba Gua Glass Dome Cabochon Metal Lapel Pin Button Shirt Bag Badges,US $0.99,US $1.97,,,,,https://www.aliexpress.us/item/3256805486977898.html
YG-T10 Rastreador GPS Veicular 4G com Garantia de 1 Ano - Suporte Global,OK,3256810477105659,1Pair Yin Yang Couple Ring Delicate Minimalist Open Ring for Couples Matching Rings for Special Occasions Love Gift,US $0.99,US $2.83,,,,,https://www.aliexpress.us/item/3256810477105659.html
YG-T10 Rastreador GPS Veicular 4G com Garantia de 1 Ano - Suporte Global,OK,3256803822091358,2Pcs/set Dragon Tai Chi Gossip Braided Bracelet for Women Men Best Friends Adjustable Yin Yang Bracelets Fashion Couple Jewelry,,,,,,,https://www.aliexpress.us/item/3256803822091358.html
YG-T10 Rastreador GPS Veicular 4G com Garantia de 1 Ano - Suporte Global,OK,3256812354803304,"Wholesale 4G GPS Tracker for Car Motorcycle - Real-Time 30 Days Tracking Device Anti-Theft Vehicle Locator, Paid Android/iOS App",US $8.12,US $33.08,,,,,https://www.aliexpress.us/item/3256812354803304.html
YG-T10 Rastreador GPS Veicular 4G com Garantia de 1 Ano - Suporte Global,OK,3256806452977457,1 Piece Enamel Yin and Yang Charm Alloy Pendant Keychain Fashion Personality Metal Keychain Car Bag Accessories,,,,,,,https://www.aliexpress.us/item/3256806452977457.html
YG-T10 Rastreador GPS Veicular 4G com Garantia de 1 Ano - Suporte Global,OK,3256810445439220,2Pcs Yin Yang Silicone Rubber Bracelets Unique Design Stylish Wristbands for Men Women Couples Trendy Charm Accessories,US $0.99,US $2.83,,,,,https://www.aliexpress.us/item/3256810445439220.html
YG-T10 Rastreador GPS Veicular 4G com Garantia de 1 Ano - Suporte Global,OK,3256810356835546,4G GPS Tracker For Vehicle 7500mAh Long Battery Strong Magnetic 4-Star Positioning IP67 Waterproof Multiple Alarms Anti-theft,US $24.71,US $80.04,,,,,https://www.aliexpress.us/item/3256810356835546.html
YG-T10 Rastreador GPS Veicular 4G com Garantia de 1 Ano - Suporte Global,OK,2251832810887626,Exquisite pairing China yin yang couple keychain creative car keychain men and women key ring Enamel Black White Couple Charm,US $0.99,US $1.42,,,,,https://www.aliexpress.us/item/2251832810887626.html
YG-T10 Rastreador GPS Veicular 4G com Garantia de 1 Ano - Suporte Global,OK,3256808411877305,Yin Yang Graphic Printed Man T-Shirt Equilibrium Chinese Martial Arts Fashion Short Sleeve Cotton Tshirt Casual Loose Tees,US $0.99,US $10.02,,,,,https://www.aliexpress.us/item/3256808411877305.html
YG-T10 Rastreador GPS Veicular 4G com Garantia de 1 Ano - Suporte Global,OK,3256809010572287,New Distance Classic Natural Stone White Black Yin Yang Beaded Bracelet for Men Women Best Friend Gift,US $0.99,US $7.86,,,,,https://www.aliexpress.us/item/3256809010572287.html
YG-T10 Rastreador GPS Veicular 4G com Garantia de 1 Ano - Suporte Global,OK,3256810342542273,4G GPS Vehicle Tracker 7500mAh IP67 Waterproof 160-Day Long Standby Multiple Alarms Anti-Lost For Cars Trucks With Paid App,US $26.65,US $86.28,,,,,https://www.aliexpress.us/item/3256810342542273.html
YG-T10 Rastreador GPS Veicular 4G com Garantia de 1 Ano - Suporte Global,OK,3256810046591456,Yin graphic Yang shirt 100% Symbol men t man T-Shirt cotton t shirt,US $5.64,US $12.64,,,,,https://www.aliexpress.us/item/3256810046591456.html
YG-T10 Rastreador GPS Veicular 4G com Garantia de 1 Ano - Suporte Global,OK,3256812159967490,Metallica - Yin Yang Print T-Shirt - Street Casual T-Shirt for Heavy Metal Band - Suitable for Men and Women,US $1.47,US $18.03,,,,,https://www.aliexpress.us/item/3256812159967490.html
YG-T10 Rastreador GPS Veicular 4G com Garantia de 1 Ano - Suporte Global,OK,3256803794252502,Couple Bracelets Rings Yin Yang Tai Chi Alloy Pendant Adjustable Braid Chain Necklace Matching Lover Bracelet Necklace Earring,,,,,,,https://www.aliexpress.us/item/3256803794252502.html
YG-T10 Rastreador GPS Veicular 4G com Garantia de 1 Ano - Suporte Global,OK,3256812012380287,Car Tracker GPS 4G Tracking Device 7500mAh Waterproof GPS Vehicle Tracker Magnet Long Standby Battery Real Time Position APP,US $22.56,US $52.69,,,,,https://www.aliexpress.us/item/3256812012380287.html
YG-T10 Rastreador GPS Veicular 4G com Garantia de 1 Ano - Suporte Global,OK,3256810577295073,"2D Flat, 1pc Yin Yang Acrylic Round Wall Art - 24-Hour Daily Schedule Sun Catcher with Traditional Chinese Medicine Organ Clock,",US $0.99,US $9.45,,,,,https://www.aliexpress.us/item/3256810577295073.html
YG-T10 Rastreador GPS Veicular 4G com Garantia de 1 Ano - Suporte Global,OK,2251832138000885,Tai Chi Yin Yang Wood Bracelet Wristband Chinese Traditional Taoist Symbols Amulet Fashion Jewelry,,,,,,,https://www.aliexpress.us/item/2251832138000885.html
YG-T10 Rastreador GPS Veicular 4G com Garantia de 1 Ano - Suporte Global,OK,3256808218156413,"Wholesale 4G GPS Tracker for Car Motorcycle - Real-Time 30 Days Tracking Device Anti-Theft Vehicle Locator, Paid Android/iOS App",US $10.48,US $45.99,,,,,https://www.aliexpress.us/item/3256808218156413.html
YG-T10 Rastreador GPS Veicular 4G com Garantia de 1 Ano - Suporte Global,OK,3256805538926543,Yin Yang Tai Chi Keychains Black and White Life Tree Key Chain Glass Dome Wooden Pendant Keyring Symbol Meditation Reiki Jewelry,US $1.15,US $2.30,,,,,https://www.aliexpress.us/item/3256805538926543.html
YG-T10 Rastreador GPS Veicular 4G com Garantia de 1 Ano - Suporte Global,OK,3256812514884736,"Men's Yin Yang Wolf Print T-Shirt - Lightweight Polyester Short Sleeve Round Neck Tee with Yin-Yang Wolf Graphic, Black Casual S",US $17.59,US $50.10,,,,,https://www.aliexpress.us/item/3256812514884736.html
YG-T10 Rastreador GPS Veicular 4G com Garantia de 1 Ano - Suporte Global,OK,3256804235925598,2022 Summer Women Men 3D Printed T-shirt Yin Yang Gossip Punk Style T shirt ChildrenCool  Tops Tee,US $0.99,US $4.64,,,,,https://www.aliexpress.us/item/3256804235925598.html
YG-T10 Rastreador GPS Veicular 4G com Garantia de 1 Ano - Suporte Global,OK,3256811621541924,Wireless GPS Tracker for Car Anti-Theft | Global Real-Time Vehicle Locator with IoT SIM | Vibration & Geo-Fence Alarm | 15+ Days,US $0.99,US $20.07,,,,,https://www.aliexpress.us/item/3256811621541924.html
YG-T10 Rastreador GPS Veicular 4G com Garantia de 1 Ano - Suporte Global,OK,3256803324899716,Yin Yang Necklace Tai Chi Unisex Time Stone Cabochon Glass Pendant Chain Dragon Moon Yin Yang Necklaces Jewelry Gift,US $1.02,US $3.12,,,,,https://www.aliexpress.us/item/3256803324899716.html
YG-T10 Rastreador GPS Veicular 4G com Garantia de 1 Ano - Suporte Global,OK,3256804093189641,2022 New Best Friend Bracelets for 2 Matching Yin Yang Adjustable Cord Bracelet for Bff Friendship Relationship Boyfriend Girlfr,,,,,,,https://www.aliexpress.us/item/3256804093189641.html
YG-T10 Rastreador GPS Veicular 4G com Garantia de 1 Ano - Suporte Global,OK,3256806470384826,1 set of 2 simple Tai Chi bagua black and white Yin and Yang rope braided telescopic adjustment bracelet for men and women coupl,,,,,,,https://www.aliexpress.us/item/3256806470384826.html
YG-T10 Rastreador GPS Veicular 4G com Garantia de 1 Ano - Suporte Global,OK,3256806677376090,Trackerking 4G J16 Mini GPS Tracker For Car gps Tracking Device Vehicle Tracker For Moto Bike Engine Cut J16 rastreador gps 4g,US $20.39,US $43.17,,,,,https://www.aliexpress.us/item/3256806677376090.html
YG-T10 Rastreador GPS Veicular 4G com Garantia de 1 Ano - Suporte Global,OK,3256806251640707,New Yin Yang Tai Chi Pendant Bracelets For Men Women Handmade Adjustable Rope Couple Bracelets Fashion Friendship Jewelry Gifts,US $0.99,US $1.82,,,,,https://www.aliexpress.us/item/3256806251640707.html
YG-T10 Rastreador GPS Veicular 4G com Garantia de 1 Ano - Suporte Global,OK,3256812631686053,Tai Chi Yin Yang Couple Bracelet for Lover Handmade Woven Baided Rope Adjustable Bracelets Bff Friendship Bangles Jewelry Gift,US $1.27,US $4.42,,,,,https://www.aliexpress.us/item/3256812631686053.html
YG-T10 Rastreador GPS Veicular 4G com Garantia de 1 Ano - Suporte Global,OK,3256805193651213,2023New Best Friend Bracelets for 2 Matching Yin Yang Adjustable Cord Bracelet for Bff Friendship Relationship Boyfriend Girlfr,,,,,,,https://www.aliexpress.us/item/3256805193651213.html
YG-T10 Rastreador GPS Veicular 4G com Garantia de 1 Ano - Suporte Global,OK,3256803258438207,Car Tracker LKGPS 4G GPS Tracker Car Magnet 6000mAh GPS Tracker 4G GPS Locator Waterproof Vehicle Free APP Web,US $51.42,US $60.10,,,,,https://www.aliexpress.us/item/3256803258438207.html
YG-T10 Rastreador GPS Veicular 4G com Garantia de 1 Ano - Suporte Global,OK,3256812437152534,"1PC JOOCAR Two Koi Fish Yin Yang Symbol Design Print Casual All Seasons Cotton T Shirt, Crew Neck Soft Stretch Breathable Short Sleeve, Fashion Letter Print Streetwear Top, Perfect Holiday Gift Choice",US $17.37,US $78.97,,,,,https://www.aliexpress.us/item/3256812437152534.html
YG-T10 Rastreador GPS Veicular 4G com Garantia de 1 Ano - Suporte Global,OK,3256808568300809,5pcs Enamel Kung Fu Tai Chi Charms Pendants for Necklaces Earrings DIY Making Yin Yang Charms Handmade Jewelry Findings W413,US $0.99,US $1.24,,,,,https://www.aliexpress.us/item/3256808568300809.html
YG-T10 Rastreador GPS Veicular 4G com Garantia de 1 Ano - Suporte Global,OK,3256805259434885,Ice and Fire Phoenix Yin Yang Aurora Necklaces Double Sided Glass Ball Pendant Fashion Chains Necklace Women Men Cool Jewelry,US $1.20,US $1.63,,,,,https://www.aliexpress.us/item/3256805259434885.html
YG-T10 Rastreador GPS Veicular 4G com Garantia de 1 Ano - Suporte Global,OK,3256809177701165,4G Mini GPS Tracker Car OBDII 16PIN OBD GPS Locator 4G MIni GPS Tracker GSM OBD2 4G Tracking Device GPS Locator OBDII Free APP,US $27.49,US $35.81,,,,,https://www.aliexpress.us/item/3256809177701165.html
YG-T10 Rastreador GPS Veicular 4G com Garantia de 1 Ano - Suporte Global,OK,3256807188835971,"3D Tai Chi Yin Yang Printed Men's T-shirt, Street Fashion Personality, Interesting Vintage Summer Round Neck Plus Shirt",US $6.62,US $13.72,,,,,https://www.aliexpress.us/item/3256807188835971.html
"Farol de LED 120W Bicolor 6500K Canbus - Compatível com H7, H11, 9012, H1 e H27",OK,3256807280363084,H4 LED Headlight 20000LM 120W LED H7 H1 H11 H8 H9 9005 9006 HB3 HB4 4300K 6500K 8000K PTF Ice Bulbs Fog Lights 2PCS DUALVISION,US $9.89,US $16.82,,,,,https://www.aliexpress.us/item/3256807280363084.html
"Farol de LED 120W Bicolor 6500K Canbus - Compatível com H7, H11, 9012, H1 e H27",OK,3256808502826502,Dualvision H4 LED Headlight 20000LM 120W LED H7 H1 H11 H8 H9 9005 9006 HB3 HB4 9012 HIR2 4300K 6500K 8000K PTF Ice Bulb Fog Lamp,US $15.64,US $25.38,,,,,https://www.aliexpress.us/item/3256808502826502.html
"Farol de LED 120W Bicolor 6500K Canbus - Compatível com H7, H11, 9012, H1 e H27",OK,3256806823682830,roadsun H4 LED Headlight H1 H7 H8 H9 H11 9005 HB3 9006 HB4 Car Led Lights 20000LM 120W 6500K CSP Chip Hight Low Beam Fog Lamp,US $3.33,US $14.55,,,,,https://www.aliexpress.us/item/3256806823682830.html
"Farol de LED 120W Bicolor 6500K Canbus - Compatível com H7, H11, 9012, H1 e H27",OK,3256806679606577,AUXITO 2x Canbus H7 LED Bulb 22000LM 120W Error Free 1:1 Mini Size Head Lamp Wireless Super Bright 6500K White H7 Headlight,US $20.47,US $29.13,,,,,https://www.aliexpress.us/item/3256806679606577.html
"Farol de LED 120W Bicolor 6500K Canbus - Compatível com H7, H11, 9012, H1 e H27",OK,3256810503934021,2PCS M7T 120W High Power 6500K 3000K4300K Tri-Color LED Headlight Double Copper Tube Car Light LED 12V Car 24V Truck H1 H7 H3 H4,US $19.61,US $27.37,,,,,https://www.aliexpress.us/item/3256810503934021.html
"Farol de LED 120W Bicolor 6500K Canbus - Compatível com H7, H11, 9012, H1 e H27",OK,3256807136672462,LED 9005/HB3 9006/HB4 9007 H13 H11 H7 H4 H3 H1 880 Car Bulbs 12V High Low Beam 20000LM 120W 6500K White Plug-N-Play 80000h amagi,US $0.99,US $3.84,,,,,https://www.aliexpress.us/item/3256807136672462.html
"Farol de LED 120W Bicolor 6500K Canbus - Compatível com H7, H11, 9012, H1 e H27",OK,3256806669668950,YHKOMS 2 Pcs H4 H7 LED 4300K 6500K 8000K Car LED Headlight H8 H9 H11 H1 Auto LED Bulb 120W 20000LM Fog Lamp  Turbo Lampada 12V,US $8.75,US $30.73,,,,,https://www.aliexpress.us/item/3256806669668950.html
"Farol de LED 120W Bicolor 6500K Canbus - Compatível com H7, H11, 9012, H1 e H27",OK,3256811954466289,LED H7 H4 H1 Bulbs for Car Headlight CANBUS Turbo Fan Auto Lights Super Bright Mini LED Headlamp 6000K White Lamp 12V Plug&Play,US $13.91,US $45.25,,,,,https://www.aliexpress.us/item/3256811954466289.html
"Farol de LED 120W Bicolor 6500K Canbus - Compatível com H7, H11, 9012, H1 e H27",OK,3256804445317668,H4 LED H7 Headlight 20000LM CSP Chip LED H1 H11 H8 H9 9005 HB3 9006 HB4 120W 5000K 6000K 6500K Lamp Bulb Turbo Fog Light 12V 24V,US $10.21,US $16.99,,,,,https://www.aliexpress.us/item/3256804445317668.html
"Farol de LED 120W Bicolor 6500K Canbus - Compatível com H7, H11, 9012, H1 e H27",OK,3256807281381790,H4 LED Headlights 20000LM 120W LED H7 H1 H11 H8 H9 9005 9006 HB3 HB4 4300K 6500K 8000K 3570 CSP Chip Turbo Lamp Fog Lights 2PCS,US $8.73,US $16.64,,,,,https://www.aliexpress.us/item/3256807281381790.html
"Farol de LED 120W Bicolor 6500K Canbus - Compatível com H7, H11, 9012, H1 e H27",OK,3256807290585545,AUXITO 2Pcs Mini H7 LED Headlight Bulbs CANBUS 22000LM 120W Car Turbo Driving Headlamp Error Free 6500K White High Low Beam 12V,US $27.06,US $68.13,,,,,https://www.aliexpress.us/item/3256807290585545.html
"Farol de LED 120W Bicolor 6500K Canbus - Compatível com H7, H11, 9012, H1 e H27",OK,3256806674787715,2Pcs AUXITO 22000LM H7 LED Canbus Error Free Lights Bulb with Fan CSP Chip MINI 360 Lighting Headlight Headlamp 12V 6500K White,US $25.07,US $26.81,,,,,https://www.aliexpress.us/item/3256806674787715.html
"Farol de LED 120W Bicolor 6500K Canbus - Compatível com H7, H11, 9012, H1 e H27",OK,3256808219878994,2Pcs LED H4 H7 Car Headlight H1 LED Bulb H8 H11 9005 HB3 9006 HB4 9004 HB1 H3 HB5 H13 Led Lights 20000LM Turbo Lampada 12V,US $4.59,US $10.44,,,,,https://www.aliexpress.us/item/3256808219878994.html
"Farol de LED 120W Bicolor 6500K Canbus - Compatível com H7, H11, 9012, H1 e H27",OK,3256806910846616,2PCS/pair Mini Lights Auto H7 LED H4 Bulb H3 H8 H9 H11 9005 9006 9012 6000LM Car Headlight H1 6000K Auto Fog Light 12V LED Bulb,US $1.33,US $10.28,,,,,https://www.aliexpress.us/item/3256806910846616.html
"Farol de LED 120W Bicolor 6500K Canbus - Compatível com H7, H11, 9012, H1 e H27",OK,3256811695488721,2PCS H27 LED 120W 50000LM Canbus Car Bulb 6500K and 3000K LED 880 881 Bulb Double Color for Car Headlights Lights 12V whit fan,US $36.27,US $72.74,,,,,https://www.aliexpress.us/item/3256811695488721.html
"Farol de LED 120W Bicolor 6500K Canbus - Compatível com H7, H11, 9012, H1 e H27",OK,3256807752917155,Heyword 22000lm 160W 1860 CSP Chip 3000k/4300k/6000k/8000k Car LED Headlight H4 H7 H1 LED Headlights 9005 H7 H9 H11 fog Light,US $0.99,US $14.14,,,,,https://www.aliexpress.us/item/3256807752917155.html
"Farol de LED 120W Bicolor 6500K Canbus - Compatível com H7, H11, 9012, H1 e H27",OK,3256805059213809,H7 H11 H1 LED Car Headlight Bulbs 360 Copper for Projector Headlamp 6500K HB3 9005 HB4 9006 LED Hir2 9012 Turbo Auto 12V,US $13.54,US $41.58,,,,,https://www.aliexpress.us/item/3256805059213809.html
"Farol de LED 120W Bicolor 6500K Canbus - Compatível com H7, H11, 9012, H1 e H27",OK,3256810586566385,20000LM Mini H7 LED Headlight Bulb Wireless 120W CSP for Car Headlamp Auto Diode Lamps H7 Turbo Led 12V 6500K,US $5.67,US $25.35,,,,,https://www.aliexpress.us/item/3256810586566385.html
"Farol de LED 120W Bicolor 6500K Canbus - Compatível com H7, H11, 9012, H1 e H27",OK,3256805811847425,X-7SEVEN X-Apollo Plus 190W 38000LM 6500K CANBUS LED Headlight Bulb 2 Years Warranty For Car H7 H11 9005 9006 H1 H4 H13 9007,US $65.06,US $116.23,,,,,https://www.aliexpress.us/item/3256805811847425.html
"Farol de LED 120W Bicolor 6500K Canbus - Compatível com H7, H11, 9012, H1 e H27",OK,3256808897616023,H7 H4 Led Canbus Lights for Car High Power Headlight Ultra Powerful Turbo Bulb Motorcycle Ampoule LED H7 Automobile Lamp Foggers,US $15.64,US $49.22,,,,,https://www.aliexpress.us/item/3256808897616023.html
"Farol de LED 120W Bicolor 6500K Canbus - Compatível com H7, H11, 9012, H1 e H27",OK,3256806876161171,TCYATO-LED CAR LED HEALIGHTS 9005、HB3、9006、HB4、H4、H7、100W、40000LM、CSP、3570、H1、H11、H8H9、HEADLIGHT、CAR、6000K、6500K、M8,US $3.79,US $10.63,,,,,https://www.aliexpress.us/item/3256806876161171.html
"Farol de LED 120W Bicolor 6500K Canbus - Compatível com H7, H11, 9012, H1 e H27",OK,3256807606501648,roadsun H7 LED Headlight H11 H1 H3 9005 9006 HB3 HB4 880 9007 H13 H4 Led Headlights Bulb For Car 12V 120W 26000LM 3570 CSP Chip,US $1.48,US $17.66,,,,,https://www.aliexpress.us/item/3256807606501648.html
"Farol de LED 120W Bicolor 6500K Canbus - Compatível com H7, H11, 9012, H1 e H27",OK,3256807314222964,Car led H7 Headlight CSP 100W H4 LED H1 Canbus H3 H8 H9 H11 9005 9006 9012 3000K 4500K 6500K 8000K Auto Headlamp Car led bulbs,US $9.52,US $34.50,,,,,https://www.aliexpress.us/item/3256807314222964.html
"Farol de LED 120W Bicolor 6500K Canbus - Compatível com H7, H11, 9012, H1 e H27",OK,3256810250694144,XSTORM H7 LED Light Bulbs H1 H8 H11 LED Headlight Canbus HB3 9005 HB4 9006 360° Car Headlight 30000LM 9V 12V Car Turbo Lamps,US $31.48,US $35.38,,,,,https://www.aliexpress.us/item/3256810250694144.html
"Farol de LED 120W Bicolor 6500K Canbus - Compatível com H7, H11, 9012, H1 e H27",OK,3256811697563770,2PCS H7 LED 50000LM 120W Headlight 12V 3000K-6500K Three-color Bulb Light Bulbs for Car LED H7 Canbus with Fan Turbo Lights,US $30.59,US $66.72,,,,,https://www.aliexpress.us/item/3256811697563770.html
"Farol de LED 120W Bicolor 6500K Canbus - Compatível com H7, H11, 9012, H1 e H27",OK,3256808653229166,MAXGTRS H7 Led 130W 28000LM H4 LED Bulbs Canbus HeadLamp H11 H8 H9 9005 HB3 9006 HB4 H1 Super Bright 6500K Car Headlight,US $18.47,US $25.28,,,,,https://www.aliexpress.us/item/3256808653229166.html
"Farol de LED 120W Bicolor 6500K Canbus - Compatível com H7, H11, 9012, H1 e H27",OK,3256812122249591,Infitary H4 H7 LED Car Headlight Bulb 30000LM CSP3570 H1 H3 H11 H13 H27 880 9005 HB3 9006 HB4 9007 Light for Vehicle Auto CANBUS,US $2.19,US $18.39,,,,,https://www.aliexpress.us/item/3256812122249591.html
"Farol de LED 120W Bicolor 6500K Canbus - Compatível com H7, H11, 9012, H1 e H27",OK,3256809331229869,DAWN KNIGHT H11 H7 H4 Led Headlight Bulbs P7 PLUS 140W Powerful 6000K 4300K LED HB3 HB4 Led Lamps 12V 2pcs,US $23.39,US $57.22,,,,,https://www.aliexpress.us/item/3256809331229869.html
"Farol de LED 120W Bicolor 6500K Canbus - Compatível com H7, H11, 9012, H1 e H27",OK,3256807450649424,2Pcs H1 H3 LED H7 Bulb Headlight Lamps Mini 30000LM 6500K CSP Super Bright High Low Beam for Car Fog Lights 12V White Automobile,US $0.99,US $5.08,,,,,https://www.aliexpress.us/item/3256807450649424.html
"Farol de LED 120W Bicolor 6500K Canbus - Compatível com H7, H11, 9012, H1 e H27",OK,3256811790763256,2X 12V 24V H7 LED Headlight H11 H4 H8 9005 HB3 9006 LED Bulb CSP 120W 50000LM Automotive Lighting Accessories,US $0.99,US $7.17,,,,,https://www.aliexpress.us/item/3256811790763256.html
"Farol de LED 120W Bicolor 6500K Canbus - Compatível com H7, H11, 9012, H1 e H27",OK,3256806908937620,Dream Chaser 20000LM Mini H7 LED Headlight Bulb Wireless 120W CSP for Car Headlamp Auto Diode Lamps H7 Turbo Led 12V 6500K,US $16.33,US $41.57,,,,,https://www.aliexpress.us/item/3256806908937620.html
"Farol de LED 120W Bicolor 6500K Canbus - Compatível com H7, H11, 9012, H1 e H27",OK,3256812422088060,6000W H7 H11 LED Car Headlight Canbus H4 H1 H11 H8 H9 CSP Auto Lamp Turbo 4 Copper Tube Super Bright 9005 9006 Fog Lamps 6000K,US $27.62,US $57.96,,,,,https://www.aliexpress.us/item/3256812422088060.html
"Farol de LED 120W Bicolor 6500K Canbus - Compatível com H7, H11, 9012, H1 e H27",OK,3256809726237106,2500W Mini H7 LED Car Headlight Bulb Light New 360° led Canbus 3000000LM Light for Car Turbo Size h7 Headlamp 6500K 12V With Fan,US $14.24,US $36.14,,,,,https://www.aliexpress.us/item/3256809726237106.html
"Farol de LED 120W Bicolor 6500K Canbus - Compatível com H7, H11, 9012, H1 e H27",OK,3256807275520038,H7 LED Headlight Bulb Mini H4 H1 H11 9005 9006 HB3 HB4 9012 Hir2 5500W 4 Side CSP Chip LED Car Headlamp Auto Diode 360 Turbo LED,US $25.36,US $33.93,,,,,https://www.aliexpress.us/item/3256807275520038.html
"Farol de LED 120W Bicolor 6500K Canbus - Compatível com H7, H11, 9012, H1 e H27",OK,3256809506226071,XSTORM H1 H3 H7 H11 LED Car Headlight Bulbs HB3 9005 HB4 9006 for Car Headlamp Auto Fog Lamps Turbo Automobile 6500K 12V,US $13.12,US $20.14,,,,,https://www.aliexpress.us/item/3256809506226071.html
"Farol de LED 120W Bicolor 6500K Canbus - Compatível com H7, H11, 9012, H1 e H27",OK,3256809434276783,AUXITO 2Pcs H7 LED Headlight Bulb With Projector Lens 25000LM 6500K White  High Low Beam For Left Right Hand Drive Headlamp 12V,US $19.31,US $58.46,,,,,https://www.aliexpress.us/item/3256809434276783.html
"Farol de LED 120W Bicolor 6500K Canbus - Compatível com H7, H11, 9012, H1 e H27",OK,3256809374709422,XSTORM H7 LED Light Canbus Car Headlight With Fan 20000LM 120W H7 LED Headlight Auto Turbo Fog Bulbs 6500K Plug&Play Auto Lamp,US $1.73,US $18.98,,,,,https://www.aliexpress.us/item/3256809374709422.html
"Farol de LED 120W Bicolor 6500K Canbus - Compatível com H7, H11, 9012, H1 e H27",OK,3256808217891715,Dualvision H4 LED Headlight 1500000LM 3570 CSP H7 H11 H1 H8 H3 880 881 H27 9007 9008 H13 9012 HIR2 9005 9006 HB3 HB4 H9 Fog Lamp,US $17.09,US $22.92,,,,,https://www.aliexpress.us/item/3256808217891715.html
"Farol de LED 120W Bicolor 6500K Canbus - Compatível com H7, H11, 9012, H1 e H27",OK,3256806817449575,3D 360 H7 LED Car Headlight Bulb Canbus H8 H9 H11 Fog Lights 9006 Hb4 9005 Hb3 9012 Hir2 Led Plug and Play Auto Lamps 6000K 12V,US $15.25,US $22.81,,,,,https://www.aliexpress.us/item/3256806817449575.html
"Farol de LED 120W Bicolor 6500K Canbus - Compatível com H7, H11, 9012, H1 e H27",OK,3256811545095446,H1 H4 H7 LED Headlights 1000W Super Bright 9003 HB2 Spotlight Automobile Bulbs Ampoule Led H7 Canbus Mini Car Lights  6000K 12V,US $8.93,US $34.62,,,,,https://www.aliexpress.us/item/3256811545095446.html
"Farol de LED 120W Bicolor 6500K Canbus - Compatível com H7, H11, 9012, H1 e H27",OK,3256807726314922,2Pcs 3030 H4 H7 LED Car Fog Light H11 H8 H9 H16JP H1 H3 Headlight Bulbs 9005 9006 Auto Driving Headlamp Lamps 6000K 12V 24V,US $0.99,US $16.63,,,,,https://www.aliexpress.us/item/3256807726314922.html
"Farol de LED 120W Bicolor 6500K Canbus - Compatível com H7, H11, 9012, H1 e H27",OK,3256812318683612,H1 LED Headlight Bulb 50000LM 120W High Power Car Fog Lamp 6500K 12V Driving Running Lights Auto Headlamp Upgrade,US $0.99,US $12.21,,,,,https://www.aliexpress.us/item/3256812318683612.html
"Farol de LED 120W Bicolor 6500K Canbus - Compatível com H7, H11, 9012, H1 e H27",OK,3256807081691755,4000W Led Headlight H7 H4 H11 Led Headlights Bulb 6000000LM 3 Copper Tube Led Lights For Car H1 H8 H9 9005 9006 12V,US $22.53,US $125.74,,,,,https://www.aliexpress.us/item/3256807081691755.html
"Farol de LED 120W Bicolor 6500K Canbus - Compatível com H7, H11, 9012, H1 e H27",OK,3256810062968910,TOAUTO H4 Led Headlights 70W 30000LM H7 LED Canbus 9005 9006 H11 Car Light Bulbs Auto Headlamp Fog Lights 6000K 12V 24V White,US $10.37,US $18.59,,,,,https://www.aliexpress.us/item/3256810062968910.html
"Farol de LED 120W Bicolor 6500K Canbus - Compatível com H7, H11, 9012, H1 e H27",OK,3256809591205557,AUXITO 2Pcs Canbus H8 H11 LED Headlight 30000LM High Power Bulbs H1 H7 9005 HB3 9006 HB4 9007 9008 9003 H4 H13 High Low Beam,US $21.16,US $33.06,,,,,https://www.aliexpress.us/item/3256809591205557.html
"Farol de LED 120W Bicolor 6500K Canbus - Compatível com H7, H11, 9012, H1 e H27",OK,3256805445962327,Dualvision LED H11 Car Headlights LED H7 H4 H1 Hi/Lo Beam 9005 HB3 H8 H9 9006 HB4 9012 HIR2 H16 4300K 6000K 8000K Mini Diode 12V,US $10.12,US $17.06,,,,,https://www.aliexpress.us/item/3256805445962327.html
"Farol de LED 120W Bicolor 6500K Canbus - Compatível com H7, H11, 9012, H1 e H27",OK,3256806995019958,2Pcs H7 H4 LED Headlight Bulb H11 H1 9005 HB3 HB4 9006 H8 Fog Light Wireless for Car Headlamp Auto Diode Lamps Turbo Led 12V Q5,US $0.99,US $6.33,,,,,https://www.aliexpress.us/item/3256806995019958.html
"Farol de LED 120W Bicolor 6500K Canbus - Compatível com H7, H11, 9012, H1 e H27",OK,3256809657428881,H7 LED Bulb H4 Headlight for Car CANBUS 1500W High Power Auto Lights 6500K Mini Wireless Turbo Fan Automobile LED Headlamp 12V,US $17.03,US $54.60,,,,,https://www.aliexpress.us/item/3256809657428881.html
"Farol de LED 120W Bicolor 6500K Canbus - Compatível com H7, H11, 9012, H1 e H27",OK,3256809794654856,BEVINSEE V45 H7 LED Car Headlight Bulbs CANBUS H4 Hi/Lo Beam 120W 22000LM H11 H1 9005 HB3 9006 HB4 9012 HIR2 Auto Head Lamps 12V,US $48.51,US $69.44,,,,,https://www.aliexpress.us/item/3256809794654856.html
"Farol de LED 120W Bicolor 6500K Canbus - Compatível com H7, H11, 9012, H1 e H27",OK,3256812546249887,Car LED 200W H4 H7 H11 LED Canbus Error Free H1 H11 9005 9006 H13 9007 Led Headlight Turbo Auto Fog Lamps 6500K Super Bright,US $15.46,US $38.67,,,,,https://www.aliexpress.us/item/3256812546249887.html
TYSH Interruptor Inteligente Sem Fio Matter/Tuya WiFi Touch - 1 a 4 Botões com Alexa,OK,3256809740088543,Matter Smart Home Wifi LED Screen Display Switch Tuya Alexa Google Home Siri Voice Control Multi-Way Wall Switch for Home Automa,US $112.17,US $339.92,,,,,https://www.aliexpress.us/item/3256809740088543.html
TYSH Interruptor Inteligente Sem Fio Matter/Tuya WiFi Touch - 1 a 4 Botões com Alexa,OK,3256808300570661,MOES WiFi Matter Switch Smart Tuya Light Button Neutral Wire Required App Control Grounding Design Alexa Google Home Apple Home,US $15.82,US $51.36,,,,,https://www.aliexpress.us/item/3256808300570661.html
TYSH Interruptor Inteligente Sem Fio Matter/Tuya WiFi Touch - 1 a 4 Botões com Alexa,OK,3256812094420003,MOES Tuya Matter WiFi  Smart Light Glass Touch Switch Neutral Wire Optional Work with Alexa Google Homekit Apple Smartthings,US $8.20,US $38.43,,,,,https://www.aliexpress.us/item/3256812094420003.html
TYSH Interruptor Inteligente Sem Fio Matter/Tuya WiFi Touch - 1 a 4 Botões com Alexa,OK,2255800003571242,Tuya Smart WiFi Circuit Breaker 100A 1P/2P/3P/4P Smart Relay Automatic Switch Overload Short Circuit Protection Lan Control,US $72.22,US $114.64,,,,,https://www.aliexpress.us/item/2255800003571242.html
TYSH Interruptor Inteligente Sem Fio Matter/Tuya WiFi Touch - 1 a 4 Botões com Alexa,OK,3256808147034768,MOES Tuya Matter WiFi Smart Light Button Switch App Control Neutral Wire Required Grounding Design Alexa Google Home Apple Home,US $28.56,US $42.63,,,,,https://www.aliexpress.us/item/3256808147034768.html
TYSH Interruptor Inteligente Sem Fio Matter/Tuya WiFi Touch - 1 a 4 Botões com Alexa,OK,3256808687547002,MANHOT Matter WiFi Smart Switch Neutral Wire Optional Switch Standard Switch Push Button Light Switch Work With Tuya Alexa,US $11.09,US $42.77,,,,,https://www.aliexpress.us/item/3256808687547002.html
TYSH Interruptor Inteligente Sem Fio Matter/Tuya WiFi Touch - 1 a 4 Botões com Alexa,OK,3256808216710903,Zemismart Matter over WiFi Smart Curtain Switch with Touch Panel US Switch Work with Tuya Home Google Home Alexa SmartThing APP,US $19.89,US $30.68,,,,,https://www.aliexpress.us/item/3256808216710903.html
TYSH Interruptor Inteligente Sem Fio Matter/Tuya WiFi Touch - 1 a 4 Botões com Alexa,OK,3256809397250405,"ANDELI Tuya WiFi Smart Light Switch Israel, Neutral Wire + No Neutral Wire Required Wall Touch Switch Work with Alexa, Google Ho",US $11.36,US $21.60,,,,,https://www.aliexpress.us/item/3256809397250405.html
TYSH Interruptor Inteligente Sem Fio Matter/Tuya WiFi Touch - 1 a 4 Botões com Alexa,OK,3256810573315370,1 2 3 4 Gang WiFi RF 433mhz Touch Wall Light Smart Wireless with Switch 220V no Neutral EU Work With Tuya Alexa Google,US $6.33,US $19.73,,,,,https://www.aliexpress.us/item/3256810573315370.html
TYSH Interruptor Inteligente Sem Fio Matter/Tuya WiFi Touch - 1 a 4 Botões com Alexa,OK,3256808301404339,Zemismart Matter Over WiFi Smart Curtain Switch US Type with Touch Panel Works with Tuya Homekit Google Home Alexa SmartThings,US $33.82,US $58.31,,,,,https://www.aliexpress.us/item/3256808301404339.html
TYSH Interruptor Inteligente Sem Fio Matter/Tuya WiFi Touch - 1 a 4 Botões com Alexa,OK,3256811461817212,Tuya ZigBee Smart Scene Switch 4Button Portable Wireless Lighweight Design 12 Scenario Remote Control Automation Battery Powered,US $17.37,US $51.68,,,,,https://www.aliexpress.us/item/3256811461817212.html
TYSH Interruptor Inteligente Sem Fio Matter/Tuya WiFi Touch - 1 a 4 Botões com Alexa,OK,3256808555849801,BSEED 1/2/3Gang Zigbee Touch Switch Wall Light Switch With Smart EU Socket Support Google Alexa Tuya Control No Neutral Line,US $18.65,US $38.85,,,,,https://www.aliexpress.us/item/3256808555849801.html
TYSH Interruptor Inteligente Sem Fio Matter/Tuya WiFi Touch - 1 a 4 Botões com Alexa,OK,3256808020592092,MOES Matter Tuya WiFi Smart Light Switch Glass Touch Control Fireproof Neutral Wire Required With Alexa Google Home HomeKit,US $22.34,US $33.34,,,,,https://www.aliexpress.us/item/3256808020592092.html
TYSH Interruptor Inteligente Sem Fio Matter/Tuya WiFi Touch - 1 a 4 Botões com Alexa,OK,3256806807840718,New Tuya Bluetooth Smart Touch Fingerbot Plus USB Charge Version Switch Button Pusher Arm Fingerbot Via Alice Alexa Google Home,US $28.59,US $62.65,,,,,https://www.aliexpress.us/item/3256806807840718.html
TYSH Interruptor Inteligente Sem Fio Matter/Tuya WiFi Touch - 1 a 4 Botões com Alexa,OK,3256808858843862,7th Generation Tuya Smart Life Roller Shutter Touch Panel Switch Percentage Remote Control Timer Work Google Assistant Alexa,US $9.03,US $37.77,,,,,https://www.aliexpress.us/item/3256808858843862.html
TYSH Interruptor Inteligente Sem Fio Matter/Tuya WiFi Touch - 1 a 4 Botões com Alexa,OK,3256807676234234,ANDELI Tuya EU US  Israe WiFi Smart Water Heater Boiler Switch 4400W Air Conditioner Switch Works With Alexa Alice Google Home,US $0.99,US $18.62,,,,,https://www.aliexpress.us/item/3256807676234234.html
TYSH Interruptor Inteligente Sem Fio Matter/Tuya WiFi Touch - 1 a 4 Botões com Alexa,OK,3256811919653754,"MOES Smart Glass Panel Switch Smart Life/Tuya App Multi-Control Association, Voice Control with Alexa,Google Home,1/2/3/4 Gang",US $5.82,US $39.94,,,,,https://www.aliexpress.us/item/3256811919653754.html
TYSH Interruptor Inteligente Sem Fio Matter/Tuya WiFi Touch - 1 a 4 Botões com Alexa,OK,3256806718433368,16A Wifi Mini Smart DIY Light Switch Works with Tuya Smart Life APP 2 Way Wireless Control Smart Home Alexa Alice Google Home,US $0.99,US $10.73,,,,,https://www.aliexpress.us/item/3256806718433368.html
TYSH Interruptor Inteligente Sem Fio Matter/Tuya WiFi Touch - 1 a 4 Botões com Alexa,OK,3256807011828085,"TNCE Tuya US Switch wifi zigbee, 1/2/3/4 gang, No-Neutral/Wire LED light control Wall Button, smart voice with Alexa Google Home",US $0.99,US $16.77,,,,,https://www.aliexpress.us/item/3256807011828085.html
TYSH Interruptor Inteligente Sem Fio Matter/Tuya WiFi Touch - 1 a 4 Botões com Alexa,OK,3256812237508191,2 Gang Tuya WiFi Smart Switch US No Neutral Wire Required Glass Touch Light Switch Work with Alexa Google Home Wireless,US $20.82,US $43.37,,,,,https://www.aliexpress.us/item/3256812237508191.html
TYSH Interruptor Inteligente Sem Fio Matter/Tuya WiFi Touch - 1 a 4 Botões com Alexa,OK,3256807222009001,Tuya Zigbee Smart Push Button Wireless Switch Include Battery Remote Control Automation Scenario Switch Work with Zigbee Gateway,US $32.01,US $41.87,,,,,https://www.aliexpress.us/item/3256807222009001.html
TYSH Interruptor Inteligente Sem Fio Matter/Tuya WiFi Touch - 1 a 4 Botões com Alexa,OK,3256809850890018,"MOES Tuya Wi-Fi Smart Button Wall Switch (US Single-Live/Neutral Wire),Work with Alexa and Google Home,No Neutral Wire Required",US $22.59,US $47.68,,,,,https://www.aliexpress.us/item/3256809850890018.html
TYSH Interruptor Inteligente Sem Fio Matter/Tuya WiFi Touch - 1 a 4 Botões com Alexa,OK,3256807107450810,"Tuya WiFi US Smart Light Switch Wall Touch Switch  Neutral wire/No Neutral wire Required 120 Type Work with Alexa, Google Home",US $6.19,US $11.93,,,,,https://www.aliexpress.us/item/3256807107450810.html
TYSH Interruptor Inteligente Sem Fio Matter/Tuya WiFi Touch - 1 a 4 Botões com Alexa,OK,3256803475268576,GIRIER Tuya Wifi Smart Dimmer Switch Module 10A Support 2 Way Control Dimmable Light Switch 1 2 Gang Work with Alexa Google Home,US $0.99,US $8.35,,,,,https://www.aliexpress.us/item/3256803475268576.html
TYSH Interruptor Inteligente Sem Fio Matter/Tuya WiFi Touch - 1 a 4 Botões com Alexa,OK,3256807288997298,New Tuya ZigBee Smart Knob Switch DIY Wireless Scene Button Rotatable Dimmer Switch Home Appliances Automation Linkage Remoter,US $7.72,,,,,,https://www.aliexpress.us/item/3256807288997298.html
TYSH Interruptor Inteligente Sem Fio Matter/Tuya WiFi Touch - 1 a 4 Botões com Alexa,OK,3256802979317497,WiFi Smart Touch Curtain Blinds Roller Shutter Engine Switch Tuya Life App Remote Control works with Alexa Echo Google Home,US $12.46,US $22.89,,,,,https://www.aliexpress.us/item/3256802979317497.html
TYSH Interruptor Inteligente Sem Fio Matter/Tuya WiFi Touch - 1 a 4 Botões com Alexa,OK,3256807908369754,Tuya Zigbee Wireless Smart Scene Switch 4 Gang 12 Modes Home Automatic Lighting Scene Button Controller Need ZigBee Gateway,US $9.79,US $10.61,,,,,https://www.aliexpress.us/item/3256807908369754.html
TYSH Interruptor Inteligente Sem Fio Matter/Tuya WiFi Touch - 1 a 4 Botões com Alexa,OK,3256812223355375,"16A Tuya WiFi Smart Switch, No Battery Needed Wireless Switch, Smart Life App Control, Compatible with Alexa & Google Home",US $5.66,US $33.75,,,,,https://www.aliexpress.us/item/3256812223355375.html
TYSH Interruptor Inteligente Sem Fio Matter/Tuya WiFi Touch - 1 a 4 Botões com Alexa,OK,3256808672393795,Tuya WIFI Alexa Voice Control Touch Glass Panel Smart Roller Blind Switch Smart Life Wireless Wifi Remote Curtain Control,US $14.88,US $51.55,,,,,https://www.aliexpress.us/item/3256808672393795.html
TYSH Interruptor Inteligente Sem Fio Matter/Tuya WiFi Touch - 1 a 4 Botões com Alexa,OK,3256810204370955,Zemismart Zigbee Smart DIY Name Switch Black Panel Touch Light Switches US Type Neutral Required Works with Tuya Smart Life App,US $28.04,US $41.85,,,,,https://www.aliexpress.us/item/3256810204370955.html
TYSH Interruptor Inteligente Sem Fio Matter/Tuya WiFi Touch - 1 a 4 Botões com Alexa,OK,3256809902851649,Tuya WiFi Smart Switch 16A RF 433Mhz Wireless Remote Control Push Button Switch Voice Control With Alexa Google Assistant Alice,US $2.78,US $5.92,,,,,https://www.aliexpress.us/item/3256809902851649.html
TYSH Interruptor Inteligente Sem Fio Matter/Tuya WiFi Touch - 1 a 4 Botões com Alexa,OK,3256804647313306,US AU ZigBee 3.0 Tuya Smart Life Wireless Push Button Switch Wall Voice Remote Control Two With Neutral USA 1 2 3 4 Gang,US $19.83,US $39.66,,,,,https://www.aliexpress.us/item/3256804647313306.html
TYSH Interruptor Inteligente Sem Fio Matter/Tuya WiFi Touch - 1 a 4 Botões com Alexa,OK,3256807389549423,New Tuya ZigBee Smart Knob Switch DIY Wireless Scene Button Rotatable Dimmer Switch Home Appliances Automation Linkage Remoter,,,,,,,https://www.aliexpress.us/item/3256807389549423.html
TYSH Interruptor Inteligente Sem Fio Matter/Tuya WiFi Touch - 1 a 4 Botões com Alexa,OK,3256804061735817,Tuya ZigBee 3.0 Smart Scene Switch Wireless Free Sticker Wall Scene Switch Push Button Battery Powered Transmitter Alexa,US $0.99,US $9.78,,,,,https://www.aliexpress.us/item/3256804061735817.html
TYSH Interruptor Inteligente Sem Fio Matter/Tuya WiFi Touch - 1 a 4 Botões com Alexa,OK,2255799865916019,Tuya Smart Life RF WIFi Smart Curtain Blinds Roller Shutter Switch Google Home Alexa Echo Voice Control Smart Home App Timer,US $0.99,US $8.82,,,,,https://www.aliexpress.us/item/2255799865916019.html
TYSH Interruptor Inteligente Sem Fio Matter/Tuya WiFi Touch - 1 a 4 Botões com Alexa,OK,3256804645683884,Tuya WiFi Smart On Off Light Switch 220V Power Button Wall Touch Alexa Google Home Voice With Without No Neutral Wire EU Two Way,US $21.43,US $42.86,,,,,https://www.aliexpress.us/item/3256804645683884.html
TYSH Interruptor Inteligente Sem Fio Matter/Tuya WiFi Touch - 1 a 4 Botões com Alexa,OK,3256806313115929,FUERS T3E Smart Control Panel Switch Smart Home Automation System  Tuya Switch Scene Panel Intelligent Home Touch Screen Zigbee,US $45.76,US $58.45,,,,,https://www.aliexpress.us/item/3256806313115929.html
TYSH Interruptor Inteligente Sem Fio Matter/Tuya WiFi Touch - 1 a 4 Botões com Alexa,OK,3256808040623961,Tuya ZigBee WiFi Smart Light Switch 1 2 3 4 gang 2500W Touch Switch With Neutral Wire Smart Life Control Via Alexa Google Home,US $7.64,US $24.31,,,,,https://www.aliexpress.us/item/3256808040623961.html
TYSH Interruptor Inteligente Sem Fio Matter/Tuya WiFi Touch - 1 a 4 Botões com Alexa,OK,3256812179142463,Moes Tuya WiFi Smart Knob Central Control Screen Touch Rotate 3 Relays 4 Buttons Programmable Scene Switch​ RTOS New System,US $146.49,US $305.18,,,,,https://www.aliexpress.us/item/3256812179142463.html
TYSH Interruptor Inteligente Sem Fio Matter/Tuya WiFi Touch - 1 a 4 Botões com Alexa,OK,3256808369164063,Tuya Smart 4G LTE Relay with RF 433Mhz Smart GSM Switch APP Wireless Control Work WIth Alexa Alice Google Assistant,US $18.76,US $29.77,,,,,https://www.aliexpress.us/item/3256808369164063.html
TYSH Interruptor Inteligente Sem Fio Matter/Tuya WiFi Touch - 1 a 4 Botões com Alexa,OK,3256805285956179,16A Tuya WiFi Smart Switch 2-way Control with Energy Monitor Switch Mini Smart Breaker Smart Life Control  Alexa Via Google Home,US $11.08,US $20.94,,,,,https://www.aliexpress.us/item/3256805285956179.html
TYSH Interruptor Inteligente Sem Fio Matter/Tuya WiFi Touch - 1 a 4 Botões com Alexa,OK,3256808314415565,Wireless BLE Touch Switch Fingerbot Robot Touch Screens Compatible with Tuya Smart Life Remoter Alexa Google Home Voice Assitant,US $21.79,US $46.04,,,,,https://www.aliexpress.us/item/3256808314415565.html
TYSH Interruptor Inteligente Sem Fio Matter/Tuya WiFi Touch - 1 a 4 Botões com Alexa,OK,3256809751635161,Wifi Boiler Smart Switch 40A 8000W High Power Water Heater Switches Tuya EU/US Standard Luxuray Glass Touch Timer Voice Control,US $6.44,US $33.27,,,,,https://www.aliexpress.us/item/3256809751635161.html
TYSH Interruptor Inteligente Sem Fio Matter/Tuya WiFi Touch - 1 a 4 Botões com Alexa,OK,3256806636989362,Tuya Smart Life 85~250V WiFi Switch Relay Temperature Humidity Monitoring Thermostat Sensor Passive Dry Contact Alexa Compatible,US $13.39,US $23.90,,,,,https://www.aliexpress.us/item/3256806636989362.html
TYSH Interruptor Inteligente Sem Fio Matter/Tuya WiFi Touch - 1 a 4 Botões com Alexa,OK,3256805950235307,AVATTO Tuya WiFi Smart Touch Switch Brazil Stand 4/6 Gang Smart Light Switch Wall Button Smart Life For Alexa Google Home,US $0.99,US $19.45,,,,,https://www.aliexpress.us/item/3256805950235307.html
TYSH Interruptor Inteligente Sem Fio Matter/Tuya WiFi Touch - 1 a 4 Botões com Alexa,OK,3256806671034980,16A works with Tuya WiFi Smart Switch Module 2-way Control Mini Switch Breaker Smart Life Work With Alexa Google Alice,US $0.33,US $7.99,,,,,https://www.aliexpress.us/item/3256806671034980.html
TYSH Interruptor Inteligente Sem Fio Matter/Tuya WiFi Touch - 1 a 4 Botões com Alexa,OK,3256809902913453,Tuya ZigBee Wireless Portable Remote Control 4 Zone LED Dimmer Smart Home Scene Control Switch Smart Life APP Fr Assistant 2MQTT,US $15.19,US $32.03,,,,,https://www.aliexpress.us/item/3256809902913453.html
TYSH Interruptor Inteligente Sem Fio Matter/Tuya WiFi Touch - 1 a 4 Botões com Alexa,OK,3256812093590202,WiFi Smart Switch 4*4 No Neutral 4/6 Gang Touch Light Wall Switch Remote Control Compatible with Alexa Google Home for Household,US $21.63,US $32.22,,,,,https://www.aliexpress.us/item/3256812093590202.html
TYSH Interruptor Inteligente Sem Fio Matter/Tuya WiFi Touch - 1 a 4 Botões com Alexa,OK,3256808230695258,Zemismart DIY Name Switch Zigbee Smart Touch Light US Switches Works with Tuya Home Assistant Alexa Google Home Via M6 Hub,US $29.55,US $67.94,,,,,https://www.aliexpress.us/item/3256808230695258.html
TYSH Interruptor Inteligente Sem Fio Matter/Tuya WiFi Touch - 1 a 4 Botões com Alexa,OK,3256807290697386,"AVATTO Brazil Stand WiFi Smart Light Switch & Socket,Tuya 110V-220V Wall Touch Switch,Work for Alexa Google home",US $11.11,US $44.63,,,,,https://www.aliexpress.us/item/3256807290697386.html
Relógio de Mesa Inteligente com Luz RGB e Carregamento Wireless - Decoração de Quarto,OK,3256806549371624,Multifunction Wireless Charger Stand Pad RGB Light Alarm Clock Speaker For iPhone Samsung Xiaomi Mini Fast Charging Dock Station,US $4.82,US $24.13,,,,,https://www.aliexpress.us/item/3256806549371624.html
Relógio de Mesa Inteligente com Luz RGB e Carregamento Wireless - Decoração de Quarto,OK,3256807891155946,"6-in-1 Smart Alarm Clock - 15W Wireless Charger, Bluetooth Speaker, FM Radio, Dual Alarm, USB Charger & RGB Night Light",US $45.13,US $110.91,,,,,https://www.aliexpress.us/item/3256807891155946.html
Relógio de Mesa Inteligente com Luz RGB e Carregamento Wireless - Decoração de Quarto,OK,3256810409961052,"Wireless Charging Rainbow Atmosphere Sleep Light, Bedroom Wake-Up Night Light With Clock RGB Night Light,, Simulated Wawn",US $33.79,US $86.79,,,,,https://www.aliexpress.us/item/3256810409961052.html
Relógio de Mesa Inteligente com Luz RGB e Carregamento Wireless - Decoração de Quarto,OK,3256806241380799,Digital Alarm Clock Temperature and Date Week Display Night Mode Table Clock Voice Control 12/24H Electronic LED Alarm Clocks,US $0.99,US $28.30,,,,,https://www.aliexpress.us/item/3256806241380799.html
Relógio de Mesa Inteligente com Luz RGB e Carregamento Wireless - Decoração de Quarto,OK,3256812169763560,R Letter RGB Bluetooth Speaker Wireless Charger Digital Clock Alarm For iPhone Bedroom Living Room Desk Desktop Decor Daily Use,US $34.23,US $35.22,,,,,https://www.aliexpress.us/item/3256812169763560.html
Relógio de Mesa Inteligente com Luz RGB e Carregamento Wireless - Decoração de Quarto,OK,3256810139068701,OKOP 15W Bluetooth Speaker with Wireless Charging Desktop Alarm Clock RGB Ambient Light USB TF AUX Subwoofer,US $43.22,US $94.19,,,,,https://www.aliexpress.us/item/3256810139068701.html
Relógio de Mesa Inteligente com Luz RGB e Carregamento Wireless - Decoração de Quarto,OK,3256811983585096,With RGB Wireless Fast Charger Stand Digital Clock Charging Station For iPhone 17 16 15 Samsung S26 S25 S24 Phone Watch Earbuds,US $21.56,US $62.09,,,,,https://www.aliexpress.us/item/3256811983585096.html
Relógio de Mesa Inteligente com Luz RGB e Carregamento Wireless - Decoração de Quarto,OK,3256809257505105,"16"" Large Digital Wall Clock With Remote Control, Timer, Alarm With Big LED Screen Dispaly, 8 RGB Colors, Auto DST, Temperature",US $23.29,US $29.99,,,,,https://www.aliexpress.us/item/3256809257505105.html
Relógio de Mesa Inteligente com Luz RGB e Carregamento Wireless - Decoração de Quarto,OK,3256804716910724,RGB Wireless Bluetooth Speaker Subwoofer Alarm Clock FM Radio Clock USB Charging Electronic Clock Home Desktop Mirror Decoration,US $16.21,US $33.97,,,,,https://www.aliexpress.us/item/3256804716910724.html
Relógio de Mesa Inteligente com Luz RGB e Carregamento Wireless - Decoração de Quarto,OK,3256811926290471,A32I 6-in-1 Wireless Charger with RGB Ambient Light & Alarm Clock Station,US $32.82,US $113.18,,,,,https://www.aliexpress.us/item/3256811926290471.html
Relógio de Mesa Inteligente com Luz RGB e Carregamento Wireless - Decoração de Quarto,OK,3256809661937155,RGB Night Light Lamp Multifunction Multifunctional Wireless Speaker Alarm Clock Speaker Wireless Charger Station For iPhone,US $4.45,US $23.85,,,,,https://www.aliexpress.us/item/3256809661937155.html
Relógio de Mesa Inteligente com Luz RGB e Carregamento Wireless - Decoração de Quarto,OK,3256806809554491,GeekMagic Ultra Portable Smart Wifi Weather Station Display Weather Temperature Humidity Time Alarm Clock Desktop Decoration,US $7.79,US $15.76,,,,,https://www.aliexpress.us/item/3256806809554491.html
Relógio de Mesa Inteligente com Luz RGB e Carregamento Wireless - Decoração de Quarto,OK,3256807756977530,Multifunction RGB Light Bluetooth Speaker Alarm Clock 15W Wireless Charger Stand Pad For iPhone Samsung Fast Charging Station,US $3.61,US $21.66,,,,,https://www.aliexpress.us/item/3256807756977530.html
Relógio de Mesa Inteligente com Luz RGB e Carregamento Wireless - Decoração de Quarto,OK,3256811847273680,6 in 1 Wireless Charger Bluetooth Speaker Alarm Clock 15W Fast Charging 9 RGB Modes Bedside Night Lamp for Bedroom Home Office,US $11.20,US $18.87,,,,,https://www.aliexpress.us/item/3256811847273680.html
Relógio de Mesa Inteligente com Luz RGB e Carregamento Wireless - Decoração de Quarto,OK,3256807619933856,Wireless Charger Stand Alarm Clock Bluetooth Speaker LED Lamp RGB Night Light for iPhone 16 15 14 Samsung Fast Charging Station,US $25.52,US $60.61,,,,,https://www.aliexpress.us/item/3256807619933856.html
Relógio de Mesa Inteligente com Luz RGB e Carregamento Wireless - Decoração de Quarto,OK,3256807878044636,16 Inch Large Digital Wall Clock with Remote Control Mood Light 8 Clors RGB Dual Alarm Timing Countdown 12/24H LED Alarm Clock,US $28.04,US $45.91,,,,,https://www.aliexpress.us/item/3256807878044636.html
Relógio de Mesa Inteligente com Luz RGB e Carregamento Wireless - Decoração de Quarto,OK,3256806447160398,Multifunction Wireless Charger Stand Pad RGB Light Alarm Clock Speaker For iPhone Samsung Xiaomi Mini Fast Charging Dock Station,US $7.81,US $14.45,,,,,https://www.aliexpress.us/item/3256806447160398.html
Relógio de Mesa Inteligente com Luz RGB e Carregamento Wireless - Decoração de Quarto,OK,3256807778755284,Wireless Charger Stand Pad RGB G Light Alarm Clock Speaker For iPhone 16 15 14 13 Samsung Xiaomi Mini Fast Charging Dock Station,US $11.59,US $25.98,,,,,https://www.aliexpress.us/item/3256807778755284.html
Relógio de Mesa Inteligente com Luz RGB e Carregamento Wireless - Decoração de Quarto,OK,3256812377365670,USB Charging Radio Alarm Clock RGB Portable Bluetooth Speaker FM LED Large Display Mute Mirror Digital Office Deck Bedroom Room,US $1.79,US $17.95,,,,,https://www.aliexpress.us/item/3256812377365670.html
Relógio de Mesa Inteligente com Luz RGB e Carregamento Wireless - Decoração de Quarto,OK,3256806675414877,Sunrise Alarm Clock Wake Up Light Clock Sunrise/Sunset Simulation Digital Clock with Night Light FM Radio Desk Clocks,US $27.59,US $64.28,,,,,https://www.aliexpress.us/item/3256806675414877.html
Relógio de Mesa Inteligente com Luz RGB e Carregamento Wireless - Decoração de Quarto,OK,3256805508428175,Digital Alarm Clock Desk/Wall Dimmable Electronic Clock with RGB Atmosphere Night Light  Rainbow Time USB Charger Week Display,US $11.47,US $54.32,,,,,https://www.aliexpress.us/item/3256805508428175.html
Relógio de Mesa Inteligente com Luz RGB e Carregamento Wireless - Decoração de Quarto,OK,3256807344649323,Bluetooth Speaker Stereo Loudspeaker Wireless Charger Pad Led Light Alarm Clock Fast Charging Station for iPhone Samsung Xiaomi,US $24.34,US $62.68,,,,,https://www.aliexpress.us/item/3256807344649323.html
Relógio de Mesa Inteligente com Luz RGB e Carregamento Wireless - Decoração de Quarto,OK,3256812597636518,New Bluetooth Speaker Wireless Charger Table Lamp RGB Alarm Clock Sound Box LED Lighting Portable Mini Party Loudspeaker,US $6.72,US $13.72,,,,,https://www.aliexpress.us/item/3256812597636518.html
Relógio de Mesa Inteligente com Luz RGB e Carregamento Wireless - Decoração de Quarto,OK,3256807495247255,USB Smart Mute LED Electronic Wall Clock Modern Desk Clock Night Alarm Minimalist Thermometer Clock Home Decor For Room,US $3.08,US $13.29,,,,,https://www.aliexpress.us/item/3256807495247255.html
Relógio de Mesa Inteligente com Luz RGB e Carregamento Wireless - Decoração de Quarto,OK,3256808303056576,Multifunction Night Light with Wireless Charger Music Speaker 7 led Colors Bluetooth Sleeping Lamp Decor for Kids Gift,US $27.06,US $45.10,,,,,https://www.aliexpress.us/item/3256808303056576.html
Relógio de Mesa Inteligente com Luz RGB e Carregamento Wireless - Decoração de Quarto,OK,3256811850314306,Night Light Alarm Clock IR Sensor FM Radio 6 Alarms Snooze Temp Humidity RGB USB Charging Digital Clock for Bedroom Bedside Desk,US $23.93,US $30.93,,,,,https://www.aliexpress.us/item/3256811850314306.html
Relógio de Mesa Inteligente com Luz RGB e Carregamento Wireless - Decoração de Quarto,OK,3256812033838524,Rechargeable DIY Sound Recording LED Alarm Clock with Mirror Face and RGB Colorful Display.Record 3 Sets of Sounds as Alarm Tune,US $4.15,US $26.84,,,,,https://www.aliexpress.us/item/3256812033838524.html
Relógio de Mesa Inteligente com Luz RGB e Carregamento Wireless - Decoração de Quarto,OK,3256807653119616,FM Radio 180° Projection Alarm Clock RGB With RGB Night Light 6 Levels Brightness Dual USB Output Port 12H/24H Digital LED Clock,US $21.35,US $33.52,,,,,https://www.aliexpress.us/item/3256807653119616.html
Relógio de Mesa Inteligente com Luz RGB e Carregamento Wireless - Decoração de Quarto,OK,3256812613522012,Fast Wireless Charger 15W 4 in 1 Charging Stand Dual Coil for iPhone Samsung Galaxy Watch AirPods Pro RGB Lamp Alarm Clock,US $27.25,US $59.45,,,,,https://www.aliexpress.us/item/3256812613522012.html
Relógio de Mesa Inteligente com Luz RGB e Carregamento Wireless - Decoração de Quarto,OK,3256807874351154,G Atmosphere Goodnight Light Wireless Charger Speaker Clock 6 Lighting Modes for iPhone 16 15 14 13 Samsung Fast Charging Stand,US $5.40,US $35.42,,,,,https://www.aliexpress.us/item/3256807874351154.html
Relógio de Mesa Inteligente com Luz RGB e Carregamento Wireless - Decoração de Quarto,OK,3256812483869052,Decktop USB Charging Radio Alarm Clock RGB Portable Bluetooth Speaker Large Display Mute Mirror Digital For Bedroom Room Office,US $1.51,US $17.38,,,,,https://www.aliexpress.us/item/3256812483869052.html
Relógio de Mesa Inteligente com Luz RGB e Carregamento Wireless - Decoração de Quarto,OK,3256810449310328,Wake Up Light Sunrise Alarm Clock Timer 30 White Noise Sound Machine Dimmable RGB Night Lights Sleep Aid Snooze Ideal for Gift,US $23.39,US $55.34,,,,,https://www.aliexpress.us/item/3256810449310328.html
Relógio de Mesa Inteligente com Luz RGB e Carregamento Wireless - Decoração de Quarto,OK,3256811879182628,Sunrise Simulation Alarm Clock Colorful Atmosphere Light Bluetooth Speaker Wireless Charging Full Function Big G Via APP Control,US $24.69,US $68.89,,,,,https://www.aliexpress.us/item/3256811879182628.html
Relógio de Mesa Inteligente com Luz RGB e Carregamento Wireless - Decoração de Quarto,OK,3256812373499287,USB Rechargeable Radio Alarm Clock RGB Portable Bluetooth Speaker FM Large Display Mute Mirror Digital Bedroom Room Office Desk,US $1.81,US $17.98,,,,,https://www.aliexpress.us/item/3256812373499287.html
Relógio de Mesa Inteligente com Luz RGB e Carregamento Wireless - Decoração de Quarto,OK,3256808349802146,USB Charging Radio Alarm Clock RGB Portable Bluetooth Speaker FM Large Display Mute Mirror Digital Bedroom Room Office Decktops,US $7.33,US $22.86,,,,,https://www.aliexpress.us/item/3256808349802146.html
Relógio de Mesa Inteligente com Luz RGB e Carregamento Wireless - Decoração de Quarto,OK,3256811555755496,GeekMagic Ultra Smart WiFi Weather Station Bed Clock with Photo Album Gif Animation Desktop Decoration,US $7.99,US $18.12,,,,,https://www.aliexpress.us/item/3256811555755496.html
Relógio de Mesa Inteligente com Luz RGB e Carregamento Wireless - Decoração de Quarto,OK,3256809363266153,USB Charging Radio Alarm Clock RGB Portable Bluetooth Speaker FM Large Display Mute Mirror Digital Bedroom Room Office Decktops,US $1.07,US $16.48,,,,,https://www.aliexpress.us/item/3256809363266153.html
Relógio de Mesa Inteligente com Luz RGB e Carregamento Wireless - Decoração de Quarto,OK,3256811658680414,BORUiT LED Table Lamp USB Port Bluetooth Speaker Multifunction Wireless Charger Pad Stand Clock Three Color Tuning Read Lamp,US $24.74,US $64.77,,,,,https://www.aliexpress.us/item/3256811658680414.html
Relógio de Mesa Inteligente com Luz RGB e Carregamento Wireless - Decoração de Quarto,OK,3256809395927101,"Wooden Digital Alarm Clock with Wireless Charging, LED Clock with Time, Date,Temperature, Desk Clocks for Office,Bedside Clock",US $9.33,US $26.79,,,,,https://www.aliexpress.us/item/3256809395927101.html
Relógio de Mesa Inteligente com Luz RGB e Carregamento Wireless - Decoração de Quarto,OK,3256805706687510,180° Rotation Projection Digital Alarm Clock Temperature Humidity Night Mode Snooze 12/24H USB Powered Projector Table LED Clock,US $10.79,US $11.67,,,,,https://www.aliexpress.us/item/3256805706687510.html
Relógio de Mesa Inteligente com Luz RGB e Carregamento Wireless - Decoração de Quarto,OK,3256808497856630,Modern Beech Wood LED Desk Lamp 3 Level Dimming Touch Control USB C Rechargeable Timer Off Control Board for Bedroom Office DIY,,,,,,,https://www.aliexpress.us/item/3256808497856630.html
Relógio de Mesa Inteligente com Luz RGB e Carregamento Wireless - Decoração de Quarto,OK,3256812564999825,Wireless Charging Station 3 In 1 Magnetic Charger 15W Fast Charging Stand Dock For iPhone 15 14 13 12 Pro Max Mini Apple Watch Series 9 8 7 6 5 4 3 2 SE AirPods Pro 2 With RGB Night Light Alarm Clock Foldable Portable Travel Office Desk Organizer,US $25.34,US $68.47,,,,,https://www.aliexpress.us/item/3256812564999825.html
Relógio de Mesa Inteligente com Luz RGB e Carregamento Wireless - Decoração de Quarto,OK,3256810573274544,Wake Up Light Sunrise Alarm Clock Timer 30 White Noise Sound Machine Dimmable RGB Night Lights Sleep Aid Snooze Ideal for Gift,US $27.59,US $62.03,,,,,https://www.aliexpress.us/item/3256810573274544.html
Relógio de Mesa Inteligente com Luz RGB e Carregamento Wireless - Decoração de Quarto,OK,3256809729001404,USB Powered Digital Alarm Clock with White Mood Light TEMP Week 2 Alarm DST Table Clock 3 Levels Brightness 12/24H LED Clock,US $5.33,US $18.45,,,,,https://www.aliexpress.us/item/3256809729001404.html
Relógio de Mesa Inteligente com Luz RGB e Carregamento Wireless - Decoração de Quarto,OK,3256809773914017,Quicksand Table Lamp USB Wireless Charging Desk Lamp 3D Hourglass Ornaments Sand Painting Night Light for Office Room Decoration,US $28.17,US $74.83,,,,,https://www.aliexpress.us/item/3256809773914017.html
Relógio de Mesa Inteligente com Luz RGB e Carregamento Wireless - Decoração de Quarto,OK,3256810524426584,"Smart LED Night Light with Clock -USB Rechargeable/Plug-in Night Light, Long Press to Adjust Brightness, Eye-Friendly Soft Light",US $1.78,US $18.68,,,,,https://www.aliexpress.us/item/3256810524426584.html
Relógio de Mesa Inteligente com Luz RGB e Carregamento Wireless - Decoração de Quarto,OK,3256812263590830,WILIT Wireless Charging Night Light Corner Light Desk Lamp for Bedroom Head Sleep Time Alarm Clock - Multi-Function LED Night,US $36.78,US $93.14,,,,,https://www.aliexpress.us/item/3256812263590830.html
Relógio de Mesa Inteligente com Luz RGB e Carregamento Wireless - Decoração de Quarto,OK,3256810071928073,USB Powered Digital Alarm Clock TEMP Date 2 Alarm Timing Countdown Snooze Table Clock 12/24H Auto Dimmable LED Wall Clock,US $4.84,US $12.50,,,,,https://www.aliexpress.us/item/3256810071928073.html
Relógio de Mesa Inteligente com Luz RGB e Carregamento Wireless - Decoração de Quarto,OK,3256807448699172,LAOPAO 10W QI Wireless Charging LED Desk Lamp With Calendar Temperature Alarm Clock Eye Protect Study Business Light Table Lamp,US $27.53,US $69.06,,,,,https://www.aliexpress.us/item/3256807448699172.html
Relógio de Mesa Inteligente com Luz RGB e Carregamento Wireless - Decoração de Quarto,OK,3256811364507137,"3 IN 1 Mouse Pad Magnetic Wireless Charging for Mobile Phone, Watch, Headphone RGB Lighting Desk Mat Gaming Mousepad 80x30cm",US $31.90,US $79.39,,,,,https://www.aliexpress.us/item/3256811364507137.html
